{
  "type": "FeatureCollection",
  "features": [
    {
      "type": "Feature",
      "properties": {
        "v_name": "Farasnar",
        "v_code": "450667",
        "d_name": "Bijapur",
        "d_code": "636",
        "b_name": "Bhopalpattnam",
        "b_code": "3376",
        "gp_name": "Farasnar_vlgp",
        "gp_code": "226360071",
        "s_name": "Chhattisgarh",
        "s_code": "22",
        "centroid": [
          19.37372,
          80.544866
        ],
        "excel_area_ha": 558.0,
        "excel_name": "Farasnar",
        "geojson_area_ha": 545.88
      },
      "geometry": {
        "type": "Polygon",
        "coordinates": [
          [
            [
              80.55403232574463,
              19.389817418824236
            ],
            [
              80.55600643157959,
              19.386376475550062
            ],
            [
              80.55853843688965,
              19.383745116920597
            ],
            [
              80.55909633636475,
              19.37993969231301
            ],
            [
              80.55776596069336,
              19.37884662838231
            ],
            [
              80.55592060089111,
              19.37751065139497
            ],
            [
              80.55437564849854,
              19.376660478516577
            ],
            [
              80.55334568023682,
              19.37641757116497
            ],
            [
              80.55128574371338,
              19.374474299314045
            ],
            [
              80.55154323577881,
              19.37293585932779
            ],
            [
              80.55154323577881,
              19.37216663388765
            ],
            [
              80.55107116699219,
              19.370830602124514
            ],
            [
              80.55051326751709,
              19.37018282520565
            ],
            [
              80.55042743682861,
              19.370020880573616
            ],
            [
              80.55162906646729,
              19.364757592436266
            ],
            [
              80.55180072784424,
              19.363704914415155
            ],
            [
              80.55034160614014,
              19.363583451129173
            ],
            [
              80.54978370666504,
              19.363219060728245
            ],
            [
              80.54931163787842,
              19.362895157465925
            ],
            [
              80.54849624633789,
              19.36200442017655
            ],
            [
              80.54755210876465,
              19.361437584822365
            ],
            [
              80.5471658706665,
              19.360627816612336
            ],
            [
              80.54218769073486,
              19.360060976472546
            ],
            [
              80.53866863250732,
              19.36038488536514
            ],
            [
              80.53514957427979,
              19.362449789429526
            ],
            [
              80.53489208221436,
              19.362490277483115
            ],
            [
              80.52952766418457,
              19.362409301365897
            ],
            [
              80.52987098693848,
              19.363340524285714
            ],
            [
              80.53193092346191,
              19.368077532437514
            ],
            [
              80.53356170654297,
              19.37103303188362
            ],
            [
              80.53725242614746,
              19.376700963039962
            ],
            [
              80.53978443145752,
              19.38208531499322
            ],
            [
              80.54235935211182,
              19.384190426754643
            ],
            [
              80.55403232574463,
              19.389817418824236
            ]
          ],
          [
            [
              80.54287433624268,
              19.367348770912585
            ],
            [
              80.54240226745605,
              19.36706536277294
            ],
            [
              80.54231643676758,
              19.366417570889084
            ],
            [
              80.54265975952148,
              19.366174648268924
            ],
            [
              80.54218769073486,
              19.36564831468334
            ],
            [
              80.54193019866943,
              19.365486365545877
            ],
            [
              80.54197311401367,
              19.365081491998314
            ],
            [
              80.54240226745605,
              19.36516246678827
            ],
            [
              80.54261684417725,
              19.36496002973796
            ],
            [
              80.54261684417725,
              19.363461987752686
            ],
            [
              80.54283142089844,
              19.362976133341835
            ],
            [
              80.54338932037354,
              19.362895157465925
            ],
            [
              80.54360389709473,
              19.362935645408907
            ],
            [
              80.54381847381592,
              19.36338101211809
            ],
            [
              80.54403305053711,
              19.36415027902287
            ],
            [
              80.54429054260254,
              19.364514667342398
            ],
            [
              80.54433345794678,
              19.364879054847453
            ],
            [
              80.54411888122559,
              19.36520295416817
            ],
            [
              80.54429054260254,
              19.36564831468334
            ],
            [
              80.54429054260254,
              19.36625562251587
            ],
            [
              80.54437637329102,
              19.36678195414052
            ],
            [
              80.54411888122559,
              19.367267797208687
            ],
            [
              80.54287433624268,
              19.367348770912585
            ]
          ]
        ]
      }
    },
    {
      "type": "Feature",
      "properties": {
        "v_name": "Karkawada",
        "v_code": "450668",
        "d_name": "Bijapur",
        "d_code": "636",
        "b_name": "Bhopalpattnam",
        "b_code": "3376",
        "gp_name": "Kerpe",
        "gp_code": "123380",
        "s_name": "Chhattisgarh",
        "s_code": "22",
        "centroid": [
          19.347754,
          80.577984
        ],
        "excel_area_ha": 1197.0,
        "excel_name": "Karkawada",
        "geojson_area_ha": 1193.31
      },
      "geometry": {
        "type": "Polygon",
        "coordinates": [
          [
            [
              80.57085514068604,
              19.367348770912585
            ],
            [
              80.57145595550537,
              19.367227310341647
            ],
            [
              80.57154178619385,
              19.367267797208687
            ],
            [
              80.57154178619385,
              19.367186823464554
            ],
            [
              80.5720567703247,
              19.366984388928245
            ],
            [
              80.57214260101318,
              19.36702487585562
            ],
            [
              80.5731725692749,
              19.365526852845324
            ],
            [
              80.5731725692749,
              19.36540539091681
            ],
            [
              80.57325839996338,
              19.36540539091681
            ],
            [
              80.5733871459961,
              19.36520295416817
            ],
            [
              80.57415962219238,
              19.3646766174452
            ],
            [
              80.57570457458496,
              19.361194654781617
            ],
            [
              80.57613372802734,
              19.360830259041858
            ],
            [
              80.57699203491211,
              19.361032701220037
            ],
            [
              80.57789325714111,
              19.3614780731273
            ],
            [
              80.57797908782959,
              19.361437584822365
            ],
            [
              80.57789325714111,
              19.361518561422187
            ],
            [
              80.57819366455078,
              19.362085396494855
            ],
            [
              80.57892322540283,
              19.362611741583525
            ],
            [
              80.57905197143555,
              19.363138084972995
            ],
            [
              80.57999610900879,
              19.363907353024032
            ],
            [
              80.58149814605713,
              19.364028816068696
            ],
            [
              80.58154106140137,
              19.363947840715646
            ],
            [
              80.58244228363037,
              19.363664426663213
            ],
            [
              80.58252811431885,
              19.363583451129173
            ],
            [
              80.58261394500732,
              19.363583451129173
            ],
            [
              80.58377265930176,
              19.36317857285565
            ],
            [
              80.58948040008545,
              19.363300036443277
            ],
            [
              80.58956623077393,
              19.361680514501167
            ],
            [
              80.59042453765869,
              19.354392466707385
            ],
            [
              80.59038162231445,
              19.351639119452873
            ],
            [
              80.59291362762451,
              19.347832945260432
            ],
            [
              80.59875011444092,
              19.338519591494407
            ],
            [
              80.59398651123047,
              19.33734526133858
            ],
            [
              80.59364318847656,
              19.33564449234518
            ],
            [
              80.59325695037842,
              19.33313380097771
            ],
            [
              80.59252738952637,
              19.331554475340383
            ],
            [
              80.5922269821167,
              19.330582575049515
            ],
            [
              80.59141159057617,
              19.33017761488809
            ],
            [
              80.59106826782227,
              19.329691661369072
            ],
            [
              80.59016704559326,
              19.329043721094745
            ],
            [
              80.58990955352783,
              19.32880074282924
            ],
            [
              80.58982372283936,
              19.328557764202305
            ],
            [
              80.58960914611816,
              19.328395778250226
            ],
            [
              80.58913707733154,
              19.32819329558424
            ],
            [
              80.58759212493896,
              19.327342865646358
            ],
            [
              80.58733463287354,
              19.327342865646358
            ],
            [
              80.58681964874268,
              19.327585846080375
            ],
            [
              80.58660507202148,
              19.327504852642523
            ],
            [
              80.58540344238281,
              19.32689740057868
            ],
            [
              80.58514595031738,
              19.326573425221053
            ],
            [
              80.58510303497314,
              19.326370940296275
            ],
            [
              80.58351516723633,
              19.325763484016168
            ],
            [
              80.58227062225342,
              19.325601495293345
            ],
            [
              80.57973861694336,
              19.32624944922095
            ],
            [
              80.57862281799316,
              19.32661392217589
            ],
            [
              80.57660579681396,
              19.327828826152977
            ],
            [
              80.57531833648682,
              19.328922232007166
            ],
            [
              80.57355880737305,
              19.330096622735322
            ],
            [
              80.57094097137451,
              19.33220240565456
            ],
            [
              80.57055473327637,
              19.335523008167755
            ],
            [
              80.5708122253418,
              19.33694031794705
            ],
            [
              80.57046890258789,
              19.33835761542338
            ],
            [
              80.57051181793213,
              19.338438603478977
            ],
            [
              80.57042598724365,
              19.338560085487053
            ],
            [
              80.56922435760498,
              19.342244996771793
            ],
            [
              80.56828022003174,
              19.343540769982056
            ],
            [
              80.5673360824585,
              19.34463407062649
            ],
            [
              80.56634902954102,
              19.345524902773512
            ],
            [
              80.56549072265625,
              19.346658682109535
            ],
            [
              80.56579113006592,
              19.348359336343616
            ],
            [
              80.56488990783691,
              19.348521302489107
            ],
            [
              80.56102752685547,
              19.351072248072953
            ],
            [
              80.56029796600342,
              19.352205988863055
            ],
            [
              80.55952548980713,
              19.353582663515525
            ],
            [
              80.55845260620117,
              19.355809612619073
            ],
            [
              80.55776596069336,
              19.359210712568263
            ],
            [
              80.55729389190674,
              19.360263419605815
            ],
            [
              80.55622100830078,
              19.361194654781617
            ],
            [
              80.55536270141602,
              19.363340524285714
            ],
            [
              80.55733680725098,
              19.363785889888874
            ],
            [
              80.55832386016846,
              19.364109791381534
            ],
            [
              80.55913925170898,
              19.364555154883185
            ],
            [
              80.56051254272461,
              19.36520295416817
            ],
            [
              80.56059837341309,
              19.36516246678827
            ],
            [
              80.56201457977295,
              19.365891238087862
            ],
            [
              80.56313037872314,
              19.36637708381086
            ],
            [
              80.56317329406738,
              19.36633659672259
            ],
            [
              80.56373119354248,
              19.366458057957242
            ],
            [
              80.57085514068604,
              19.367348770912585
            ]
          ]
        ]
      }
    },
    {
      "type": "Feature",
      "properties": {
        "v_name": "Dudme",
        "v_code": "450669",
        "d_name": "Bijapur",
        "d_code": "636",
        "b_name": "Bhopalpattnam",
        "b_code": "3376",
        "gp_name": "Dudme_vlgp",
        "gp_code": "226360070",
        "s_name": "Chhattisgarh",
        "s_code": "22",
        "centroid": [
          19.341235,
          80.547178
        ],
        "excel_area_ha": 1836.0,
        "excel_name": "Dudme",
        "geojson_area_ha": 1907.95
      },
      "geometry": {
        "type": "Polygon",
        "coordinates": [
          [
            [
              80.55201530456543,
              19.363704914415155
            ],
            [
              80.55428981781006,
              19.363219060728245
            ],
            [
              80.55476188659668,
              19.36338101211809
            ],
            [
              80.55527687072754,
              19.36342149994042
            ],
            [
              80.55540561676025,
              19.363259548590793
            ],
            [
              80.55622100830078,
              19.361194654781617
            ],
            [
              80.55729389190674,
              19.360263419605815
            ],
            [
              80.55776596069336,
              19.359210712568263
            ],
            [
              80.55845260620117,
              19.355809612619073
            ],
            [
              80.55956840515137,
              19.353501682975224
            ],
            [
              80.56059837341309,
              19.351720100917778
            ],
            [
              80.56102752685547,
              19.351072248072953
            ],
            [
              80.56252956390381,
              19.350019481713144
            ],
            [
              80.56488990783691,
              19.348521302489107
            ],
            [
              80.56579113006592,
              19.348359336343616
            ],
            [
              80.56549072265625,
              19.346658682109535
            ],
            [
              80.56634902954102,
              19.345524902773512
            ],
            [
              80.5673360824585,
              19.34463407062649
            ],
            [
              80.56828022003174,
              19.343540769982056
            ],
            [
              80.56922435760498,
              19.342244996771793
            ],
            [
              80.57042598724365,
              19.338560085487053
            ],
            [
              80.57051181793213,
              19.338438603478977
            ],
            [
              80.57046890258789,
              19.33835761542338
            ],
            [
              80.5708122253418,
              19.33694031794705
            ],
            [
              80.57055473327637,
              19.335523008167755
            ],
            [
              80.57094097137451,
              19.33220240565456
            ],
            [
              80.57355880737305,
              19.330096622735322
            ],
            [
              80.57531833648682,
              19.328922232007166
            ],
            [
              80.57660579681396,
              19.327828826152977
            ],
            [
              80.57862281799316,
              19.32661392217589
            ],
            [
              80.57973861694336,
              19.32624944922095
            ],
            [
              80.58218479156494,
              19.32564199248911
            ],
            [
              80.58218479156494,
              19.32479154927007
            ],
            [
              80.58197021484375,
              19.3228476624326
            ],
            [
              80.5821418762207,
              19.320944250829807
            ],
            [
              80.5830430984497,
              19.319202812283685
            ],
            [
              80.58330059051514,
              19.31819033948245
            ],
            [
              80.58149814605713,
              19.318797823915833
            ],
            [
              80.57926654815674,
              19.319445804822692
            ],
            [
              80.57785034179688,
              19.319486303544075
            ],
            [
              80.57724952697754,
              19.319405306091284
            ],
            [
              80.5760908126831,
              19.319486303544075
            ],
            [
              80.57471752166748,
              19.320296275864116
            ],
            [
              80.57162761688232,
              19.32175421592386
            ],
            [
              80.56840896606445,
              19.322483181076002
            ],
            [
              80.56561946868896,
              19.32317164517816
            ],
            [
              80.56261539459229,
              19.323576622706764
            ],
            [
              80.56124210357666,
              19.32369811576962
            ],
            [
              80.56008338928223,
              19.32438657475274
            ],
            [
              80.55866718292236,
              19.32580398117178
            ],
            [
              80.5569076538086,
              19.325560998087546
            ],
            [
              80.55574893951416,
              19.325034533498656
            ],
            [
              80.55514812469482,
              19.324629559583595
            ],
            [
              80.55347442626953,
              19.324629559583595
            ],
            [
              80.55128574371338,
              19.325277517365866
            ],
            [
              80.55016994476318,
              19.325399009163956
            ],
            [
              80.54841041564941,
              19.325884975452883
            ],
            [
              80.54695129394531,
              19.326573425221053
            ],
            [
              80.54497718811035,
              19.32762634278424
            ],
            [
              80.54287433624268,
              19.328598260665228
            ],
            [
              80.54051399230957,
              19.32742385916452
            ],
            [
              80.53836822509766,
              19.32689740057868
            ],
            [
              80.53467750549316,
              19.3264519342963
            ],
            [
              80.53227424621582,
              19.327342865646358
            ],
            [
              80.528883934021,
              19.328355281737107
            ],
            [
              80.52523612976074,
              19.329367691553184
            ],
            [
              80.5237340927124,
              19.329691661369072
            ],
            [
              80.52266120910645,
              19.33098753420689
            ],
            [
              80.52150249481201,
              19.333376772797102
            ],
            [
              80.52120208740234,
              19.335077565410586
            ],
            [
              80.52008628845215,
              19.33973440690465
            ],
            [
              80.5199146270752,
              19.348521302489107
            ],
            [
              80.5217170715332,
              19.349331130804963
            ],
            [
              80.52399158477783,
              19.350464883694425
            ],
            [
              80.5248498916626,
              19.354068545913073
            ],
            [
              80.5294418334961,
              19.362409301365897
            ],
            [
              80.52948474884033,
              19.362449789429526
            ],
            [
              80.53489208221436,
              19.362490277483115
            ],
            [
              80.53514957427979,
              19.362449789429526
            ],
            [
              80.53866863250732,
              19.36038488536514
            ],
            [
              80.54218769073486,
              19.360060976472546
            ],
            [
              80.5471658706665,
              19.360627816612336
            ],
            [
              80.54763793945312,
              19.3614780731273
            ],
            [
              80.5479383468628,
              19.361599537981785
            ],
            [
              80.54849624633789,
              19.36200442017655
            ],
            [
              80.54931163787842,
              19.362895157465925
            ],
            [
              80.55034160614014,
              19.363583451129173
            ],
            [
              80.55201530456543,
              19.363704914415155
            ]
          ],
          [
            [
              80.54407596588135,
              19.35900826812808
            ],
            [
              80.54403305053711,
              19.358157998734885
            ],
            [
              80.54364681243896,
              19.35767212851979
            ],
            [
              80.54317474365234,
              19.35755066073984
            ],
            [
              80.54270267486572,
              19.35763163926986
            ],
            [
              80.54227352142334,
              19.357834085418997
            ],
            [
              80.54193019866943,
              19.358603378493743
            ],
            [
              80.5411148071289,
              19.35896777920988
            ],
            [
              80.54068565368652,
              19.358481911407413
            ],
            [
              80.540771484375,
              19.357591150009878
            ],
            [
              80.54017066955566,
              19.357145767486603
            ],
            [
              80.53888320922852,
              19.35823897696333
            ],
            [
              80.53862571716309,
              19.35771261775967
            ],
            [
              80.53871154785156,
              19.356902831052164
            ],
            [
              80.53806781768799,
              19.35641695709767
            ],
            [
              80.53733825683594,
              19.356943320483037
            ],
            [
              80.53652286529541,
              19.357388703559174
            ],
            [
              80.53536415100098,
              19.35763163926986
            ],
            [
              80.53489208221436,
              19.35722674621767
            ],
            [
              80.53459167480469,
              19.356862341611244
            ],
            [
              80.53386211395264,
              19.35633597796453
            ],
            [
              80.53394794464111,
              19.355728633184384
            ],
            [
              80.53510665893555,
              19.35540471504357
            ],
            [
              80.53862571716309,
              19.355364225230733
            ],
            [
              80.53888320922852,
              19.35508079625946
            ],
            [
              80.53901195526123,
              19.35471638685844
            ],
            [
              80.5396556854248,
              19.3542709964849
            ],
            [
              80.53995609283447,
              19.354230506390635
            ],
            [
              80.540771484375,
              19.353420702394725
            ],
            [
              80.54068565368652,
              19.3530967796707
            ],
            [
              80.54072856903076,
              19.35228697004657
            ],
            [
              80.54162979125977,
              19.35228697004657
            ],
            [
              80.54171562194824,
              19.35293481806748
            ],
            [
              80.54218769073486,
              19.35333972177402
            ],
            [
              80.54291725158691,
              19.353380212089398
            ],
            [
              80.54377555847168,
              19.353380212089398
            ],
            [
              80.54686546325684,
              19.352448932293
            ],
            [
              80.54669380187988,
              19.35297530848336
            ],
            [
              80.54574966430664,
              19.353582663515525
            ],
            [
              80.54450511932373,
              19.35410903604754
            ],
            [
              80.54338932037354,
              19.35410903604754
            ],
            [
              80.54214477539062,
              19.3539065852747
            ],
            [
              80.54141521453857,
              19.35394707544937
            ],
            [
              80.540771484375,
              19.354230506390635
            ],
            [
              80.53991317749023,
              19.355364225230733
            ],
            [
              80.53991317749023,
              19.355931081695722
            ],
            [
              80.54059982299805,
              19.35629548838288
            ],
            [
              80.54154396057129,
              19.356619404754618
            ],
            [
              80.5433464050293,
              19.356619404754618
            ],
            [
              80.54596424102783,
              19.355566674194385
            ],
            [
              80.5468225479126,
              19.35564765370949
            ],
            [
              80.54686546325684,
              19.355931081695722
            ],
            [
              80.54673671722412,
              19.35641695709767
            ],
            [
              80.54639339447021,
              19.35682185216027
            ],
            [
              80.54549217224121,
              19.35751017145975
            ],
            [
              80.54532051086426,
              19.357955552987846
            ],
            [
              80.54544925689697,
              19.358643867502412
            ],
            [
              80.54523468017578,
              19.359615600694653
            ],
            [
              80.54441928863525,
              19.359615600694653
            ],
            [
              80.54407596588135,
              19.35900826812808
            ]
          ]
        ]
      }
    },
    {
      "type": "Feature",
      "properties": {
        "v_name": "Gondgugur",
        "v_code": "450672",
        "d_name": "Bijapur",
        "d_code": "636",
        "b_name": "Bhopalpattnam",
        "b_code": "3376",
        "gp_name": "Gondgugur_vlgp",
        "gp_code": "226360072",
        "s_name": "Chhattisgarh",
        "s_code": "22",
        "centroid": [
          19.295309,
          80.601894
        ],
        "excel_area_ha": 936.0,
        "excel_name": "Gondanugur",
        "geojson_area_ha": 937.92
      },
      "geometry": {
        "type": "Polygon",
        "coordinates": [
          [
            [
              80.61471462249756,
              19.30932080965838
            ],
            [
              80.61716079711914,
              19.30766025060328
            ],
            [
              80.61956405639648,
              19.30652620058352
            ],
            [
              80.61866283416748,
              19.30231394595359
            ],
            [
              80.61853408813477,
              19.301422878189992
            ],
            [
              80.61853408813477,
              19.2995597208194
            ],
            [
              80.61874866485596,
              19.29708897940994
            ],
            [
              80.61630249023438,
              19.29364608081064
            ],
            [
              80.61518669128418,
              19.29149929561281
            ],
            [
              80.61484336853027,
              19.288056279434368
            ],
            [
              80.61377048492432,
              19.288137292411598
            ],
            [
              80.61205387115479,
              19.287934759893364
            ],
            [
              80.60939311981201,
              19.28368151913816
            ],
            [
              80.60505867004395,
              19.28238527141963
            ],
            [
              80.60385704040527,
              19.281899175880053
            ],
            [
              80.60102462768555,
              19.281007996977024
            ],
            [
              80.60098171234131,
              19.28096748872985
            ],
            [
              80.60042381286621,
              19.280764947343705
            ],
            [
              80.5973768234253,
              19.279833253741486
            ],
            [
              80.59411525726318,
              19.27979274520378
            ],
            [
              80.59171199798584,
              19.27954969376715
            ],
            [
              80.58802127838135,
              19.279347150627796
            ],
            [
              80.58793544769287,
              19.27942816791359
            ],
            [
              80.5861759185791,
              19.281696635646078
            ],
            [
              80.58574676513672,
              19.283397965826456
            ],
            [
              80.58557510375977,
              19.286071448970358
            ],
            [
              80.58385848999023,
              19.288137292411598
            ],
            [
              80.58364391326904,
              19.290689180673816
            ],
            [
              80.58390140533447,
              19.292795471175733
            ],
            [
              80.58407306671143,
              19.293119513462663
            ],
            [
              80.58548927307129,
              19.295306782118747
            ],
            [
              80.58690547943115,
              19.296197883190484
            ],
            [
              80.58802127838135,
              19.297980070776912
            ],
            [
              80.58926582336426,
              19.299316698728575
            ],
            [
              80.59119701385498,
              19.300896335866558
            ],
            [
              80.59231281280518,
              19.301989921873844
            ],
            [
              80.59467315673828,
              19.305675657908292
            ],
            [
              80.59501647949219,
              19.306485698651667
            ],
            [
              80.5969339764457,
              19.307903260298712
            ],
            [
              80.59686183929443,
              19.307903260298712
            ],
            [
              80.59759140014648,
              19.308389278606274
            ],
            [
              80.59999465942383,
              19.3087942927592
            ],
            [
              80.60093879699707,
              19.309401812107783
            ],
            [
              80.60166835784912,
              19.309604318055754
            ],
            [
              80.60535907745361,
              19.309806823752943
            ],
            [
              80.60570240020752,
              19.309644819215254
            ],
            [
              80.60587406158447,
              19.30976632263357
            ],
            [
              80.60690402984619,
              19.31114335506464
            ],
            [
              80.6096076965332,
              19.314383385626154
            ],
            [
              80.60965061527942,
              19.314383385626154
            ],
            [
              80.60999393463135,
              19.314788384931518
            ],
            [
              80.61312675476074,
              19.31114335506464
            ],
            [
              80.61471462249756,
              19.30932080965838
            ]
          ]
        ]
      }
    },
    {
      "type": "Feature",
      "properties": {
        "v_name": "Halbatumirguda",
        "v_code": "450673",
        "d_name": "Bijapur",
        "d_code": "636",
        "b_name": "Bhopalpattnam",
        "b_code": "3376",
        "gp_name": "Kerpe",
        "gp_code": "123380",
        "s_name": "Chhattisgarh",
        "s_code": "22",
        "centroid": [
          19.331183,
          80.503375
        ],
        "excel_area_ha": 1104.0,
        "excel_name": "Halbatumirguda",
        "geojson_area_ha": 1072.22
      },
      "geometry": {
        "type": "Polygon",
        "coordinates": [
          [
            [
              80.51043033599854,
              19.313330382736638
            ],
            [
              80.50824165344238,
              19.312601376763162
            ],
            [
              80.50811290740967,
              19.312722877984474
            ],
            [
              80.50806999206543,
              19.312965880156224
            ],
            [
              80.50802707672119,
              19.313694884504386
            ],
            [
              80.50782680511475,
              19.313921685182937
            ],
            [
              80.50777618700604,
              19.31395034679527
            ],
            [
              80.50734043121338,
              19.314099885515414
            ],
            [
              80.50696849833629,
              19.313994585373948
            ],
            [
              80.50686836242676,
              19.313937885186252
            ],
            [
              80.50656795522971,
              19.313654384468496
            ],
            [
              80.50643062575605,
              19.313395182412794
            ],
            [
              80.5063533782959,
              19.313127881403403
            ],
            [
              80.50592422485352,
              19.312925379819347
            ],
            [
              80.50572752952576,
              19.312891629526078
            ],
            [
              80.50570964813232,
              19.31288487947244
            ],
            [
              80.50528049468994,
              19.31280387874852
            ],
            [
              80.50480842590332,
              19.31288487947244
            ],
            [
              80.50437927246094,
              19.31280387874852
            ],
            [
              80.50437927246094,
              19.312811242450696
            ],
            [
              80.5043363571167,
              19.31280387874852
            ],
            [
              80.50373554229736,
              19.312925379819347
            ],
            [
              80.50370693205606,
              19.3129523800417
            ],
            [
              80.50364971160889,
              19.312965880156224
            ],
            [
              80.50352096557617,
              19.313127881403403
            ],
            [
              80.50313472747803,
              19.314869384672186
            ],
            [
              80.50124645233154,
              19.316772867023992
            ],
            [
              80.49983024597168,
              19.31794734507688
            ],
            [
              80.49746990203857,
              19.320539266777335
            ],
            [
              80.49558162689209,
              19.322361687109808
            ],
            [
              80.49352169036865,
              19.32369811576962
            ],
            [
              80.4933500289917,
              19.323779111094666
            ],
            [
              80.4933500289917,
              19.323860106379566
            ],
            [
              80.4907751083374,
              19.325399009163956
            ],
            [
              80.48901557922363,
              19.325844478317347
            ],
            [
              80.48665523529053,
              19.32722137529382
            ],
            [
              80.48459529876709,
              19.328355281737107
            ],
            [
              80.48244953155518,
              19.32920570640428
            ],
            [
              80.47734260559082,
              19.330258607000694
            ],
            [
              80.47850131988525,
              19.33272884714207
            ],
            [
              80.48099040985107,
              19.33766921532868
            ],
            [
              80.48644065856934,
              19.341799572354958
            ],
            [
              80.49420833587646,
              19.342933377570592
            ],
            [
              80.50364971160889,
              19.34212351750593
            ],
            [
              80.5078125,
              19.343216827643893
            ],
            [
              80.50875663757324,
              19.343500277224944
            ],
            [
              80.51210403442383,
              19.34443160809674
            ],
            [
              80.517897605896,
              19.34734704429183
            ],
            [
              80.5199146270752,
              19.348521302489107
            ],
            [
              80.52008628845215,
              19.33973440690465
            ],
            [
              80.52120208740234,
              19.335077565410586
            ],
            [
              80.52150249481201,
              19.333376772797102
            ],
            [
              80.52266120910645,
              19.33098753420689
            ],
            [
              80.5237340927124,
              19.329691661369072
            ],
            [
              80.52321910858154,
              19.328679253560953
            ],
            [
              80.52244663238525,
              19.328233792137517
            ],
            [
              80.52141666412354,
              19.327504852642523
            ],
            [
              80.52060127258301,
              19.32641143730131
            ],
            [
              80.51901340484619,
              19.32564199248911
            ],
            [
              80.51849842071533,
              19.324589062136877
            ],
            [
              80.51772594451904,
              19.32361712040442
            ],
            [
              80.51648139953613,
              19.322199695014366
            ],
            [
              80.51592350006104,
              19.320944250829807
            ],
            [
              80.51575183868408,
              19.3191218146904
            ],
            [
              80.51575183868408,
              19.317137361115936
            ],
            [
              80.5156660079956,
              19.31673236763027
            ],
            [
              80.51446437835693,
              19.31535538227339
            ],
            [
              80.51360607147217,
              19.31466688524526
            ],
            [
              80.5131917175535,
              19.314383385626154
            ],
            [
              80.51321983337402,
              19.314383385626154
            ],
            [
              80.51188945770264,
              19.313492383622638
            ],
            [
              80.51124572753906,
              19.31342091264352
            ],
            [
              80.51124572753906,
              19.313411383199703
            ],
            [
              80.51043033599854,
              19.313330382736638
            ]
          ]
        ]
      }
    },
    {
      "type": "Feature",
      "properties": {
        "v_name": "Dudepalli",
        "v_code": "450674",
        "d_name": "Bijapur",
        "d_code": "636",
        "b_name": "Bhopalpattnam",
        "b_code": "3376",
        "gp_name": "Kerpe",
        "gp_code": "123380",
        "s_name": "Chhattisgarh",
        "s_code": "22",
        "centroid": [
          19.26667,
          80.6044
        ],
        "excel_area_ha": 1403.0,
        "excel_name": "Dudepalli",
        "geojson_area_ha": 1398.72
      },
      "geometry": {
        "type": "Polygon",
        "coordinates": [
          [
            [
              80.61377048492432,
              19.288137292411598
            ],
            [
              80.61578750610352,
              19.287975266417053
            ],
            [
              80.61866283416748,
              19.28700310708251
            ],
            [
              80.62007904052734,
              19.28635499765263
            ],
            [
              80.6211519241333,
              19.2855448572577
            ],
            [
              80.62166690826416,
              19.283641011552266
            ],
            [
              80.62179565429688,
              19.281696635646078
            ],
            [
              80.62179565429688,
              19.28011681322493
            ],
            [
              80.62145233154297,
              19.278415448961002
            ],
            [
              80.62140941619873,
              19.276430501652303
            ],
            [
              80.62179565429688,
              19.274648079493083
            ],
            [
              80.62265396118164,
              19.271528794056128
            ],
            [
              80.62273979187012,
              19.269746318575713
            ],
            [
              80.62325477600098,
              19.268044846623138
            ],
            [
              80.62389850616455,
              19.266707963412053
            ],
            [
              80.6242847442627,
              19.265046972112494
            ],
            [
              80.62497138977051,
              19.26346698916047
            ],
            [
              80.62376976013184,
              19.261562886909164
            ],
            [
              80.62179565429688,
              19.25953722194162
            ],
            [
              80.61986446380615,
              19.2586054076536
            ],
            [
              80.61892032623291,
              19.256822791654034
            ],
            [
              80.61574459075928,
              19.25289286521667
            ],
            [
              80.6145429611206,
              19.25208255939787
            ],
            [
              80.61368465423584,
              19.25127224957665
            ],
            [
              80.61377048492432,
              19.251069671495987
            ],
            [
              80.6141996383667,
              19.2511912183744
            ],
            [
              80.6145429611206,
              19.25058348308183
            ],
            [
              80.61445713043213,
              19.250097293226894
            ],
            [
              80.61428546905518,
              19.249854197759145
            ],
            [
              80.6138563156128,
              19.249773165856524
            ],
            [
              80.61347007751465,
              19.25054296731561
            ],
            [
              80.61377048492432,
              19.250623998838037
            ],
            [
              80.61359882354736,
              19.25094812452752
            ],
            [
              80.61342716217041,
              19.25094812452752
            ],
            [
              80.61338424682617,
              19.251069671495987
            ],
            [
              80.60930728912354,
              19.247342190169142
            ],
            [
              80.60771942138672,
              19.247261157025964
            ],
            [
              80.6055736541748,
              19.247301673602557
            ],
            [
              80.6037712097168,
              19.247463739808882
            ],
            [
              80.59947967529297,
              19.247544772852024
            ],
            [
              80.59484481811523,
              19.249692133913882
            ],
            [
              80.59299945831299,
              19.25094812452752
            ],
            [
              80.59059619903564,
              19.2522851362278
            ],
            [
              80.58656215667725,
              19.25439192042961
            ],
            [
              80.58484554290771,
              19.258564893868797
            ],
            [
              80.58407306671143,
              19.259780303058996
            ],
            [
              80.58312892913818,
              19.26091467684222
            ],
            [
              80.58265686035156,
              19.26213006861561
            ],
            [
              80.58300018310547,
              19.26375057696543
            ],
            [
              80.58300018310547,
              19.26597874979207
            ],
            [
              80.58484554290771,
              19.26877405105142
            ],
            [
              80.58493137359619,
              19.27039449372085
            ],
            [
              80.58531761169434,
              19.272217472572
            ],
            [
              80.5852746963501,
              19.27237951415511
            ],
            [
              80.58454513549805,
              19.27367584105132
            ],
            [
              80.58587551116943,
              19.275093686850838
            ],
            [
              80.58789253234863,
              19.27756476020232
            ],
            [
              80.58802127838135,
              19.279387659275706
            ],
            [
              80.59171199798584,
              19.27954969376715
            ],
            [
              80.59411525726318,
              19.27979274520378
            ],
            [
              80.5973768234253,
              19.279833253741486
            ],
            [
              80.60042381286621,
              19.280764947343705
            ],
            [
              80.60098171234131,
              19.28096748872985
            ],
            [
              80.60102462768555,
              19.281007996977024
            ],
            [
              80.60385704040527,
              19.281899175880053
            ],
            [
              80.60505867004395,
              19.28238527141963
            ],
            [
              80.60939311981201,
              19.28368151913816
            ],
            [
              80.61205387115479,
              19.287934759893364
            ],
            [
              80.61377048492432,
              19.288137292411598
            ]
          ]
        ]
      }
    },
    {
      "type": "Feature",
      "properties": {
        "v_name": "Kerpe",
        "v_code": "450675",
        "d_name": "Bijapur",
        "d_code": "636",
        "b_name": "Bhopalpattnam",
        "b_code": "3376",
        "gp_name": "Kerpe",
        "gp_code": "123380",
        "s_name": "Chhattisgarh",
        "s_code": "22",
        "centroid": [
          19.236932,
          80.636348
        ],
        "excel_area_ha": 2362.0,
        "excel_name": "Karpe",
        "geojson_area_ha": 2372.11
      },
      "geometry": {
        "type": "Polygon",
        "coordinates": [
          [
            [
              80.6251859664917,
              19.263507501734065
            ],
            [
              80.6283187866211,
              19.263142888211277
            ],
            [
              80.63256740570068,
              19.262535197204677
            ],
            [
              80.63531398773193,
              19.262211094413505
            ],
            [
              80.63677310943604,
              19.260955190046474
            ],
            [
              80.63831806182861,
              19.25973978956446
            ],
            [
              80.64325332641602,
              19.25649867757238
            ],
            [
              80.64509868621826,
              19.25341956185253
            ],
            [
              80.64745903015137,
              19.252730804373112
            ],
            [
              80.65132141113281,
              19.251839466871747
            ],
            [
              80.65346717834473,
              19.25216359015986
            ],
            [
              80.65548419952393,
              19.251798951415708
            ],
            [
              80.65805912017822,
              19.25102915584984
            ],
            [
              80.65887451171875,
              19.25127224957665
            ],
            [
              80.65956115722656,
              19.25155585846934
            ],
            [
              80.6610631942749,
              19.25175843594966
            ],
            [
              80.66119194030762,
              19.251312765162766
            ],
            [
              80.66174983978271,
              19.25102915584984
            ],
            [
              80.6630802154541,
              19.25078606176282
            ],
            [
              80.66295146942139,
              19.248760263697086
            ],
            [
              80.66265106201172,
              19.246491340170007
            ],
            [
              80.66144943237305,
              19.244181867934866
            ],
            [
              80.66059112548828,
              19.242358577424778
            ],
            [
              80.66123485565186,
              19.239886973509034
            ],
            [
              80.65973281860352,
              19.23741533238078
            ],
            [
              80.65943241119385,
              19.23624027682747
            ],
            [
              80.66059112548828,
              19.231864133900643
            ],
            [
              80.66067695617676,
              19.229716539624906
            ],
            [
              80.66132068634033,
              19.22538074486192
            ],
            [
              80.6612777709961,
              19.224529781054848
            ],
            [
              80.66136360168457,
              19.223638290434597
            ],
            [
              80.66213607788086,
              19.222219999933902
            ],
            [
              80.66222190856934,
              19.22132849678215
            ],
            [
              80.6621789932251,
              19.220518035174596
            ],
            [
              80.66046237945557,
              19.220234372667687
            ],
            [
              80.6599473953247,
              19.220031756291558
            ],
            [
              80.65930366516113,
              19.21703300471961
            ],
            [
              80.6592607498169,
              19.216263046164663
            ],
            [
              80.65917491912842,
              19.215574132821626
            ],
            [
              80.65878868103027,
              19.214236822208175
            ],
            [
              80.65698623657227,
              19.21281845057926
            ],
            [
              80.65496921539307,
              19.211602693729667
            ],
            [
              80.65162181854248,
              19.209860093235488
            ],
            [
              80.6489610671997,
              19.208076948032385
            ],
            [
              80.64853191375732,
              19.207874316672267
            ],
            [
              80.64634323120117,
              19.205280613213137
            ],
            [
              80.64561367034912,
              19.20576693572733
            ],
            [
              80.64535617828369,
              19.20682062957512
            ],
            [
              80.64471244812012,
              19.208603788400236
            ],
            [
              80.64436912536621,
              19.209819567422866
            ],
            [
              80.64230918884277,
              19.212413199294918
            ],
            [
              80.6416654586792,
              19.213021075846857
            ],
            [
              80.6411075592041,
              19.21407472321277
            ],
            [
              80.64072132110596,
              19.214561019719493
            ],
            [
              80.64029216766357,
              19.214925741155522
            ],
            [
              80.63836097717285,
              19.21593885200994
            ],
            [
              80.63638687133789,
              19.21719510079793
            ],
            [
              80.63570022583008,
              19.217965054986955
            ],
            [
              80.6352710723877,
              19.218653958309353
            ],
            [
              80.63432693481445,
              19.21970756957018
            ],
            [
              80.62741756439209,
              19.22197686319035
            ],
            [
              80.6257438659668,
              19.22298993058182
            ],
            [
              80.62471389770508,
              19.22408403634934
            ],
            [
              80.6231689453125,
              19.22465134758284
            ],
            [
              80.6211519241333,
              19.22525917887361
            ],
            [
              80.61750411987305,
              19.22586700791567
            ],
            [
              80.61347007751465,
              19.227042137687103
            ],
            [
              80.6092643737793,
              19.22797413118399
            ],
            [
              80.60892105102539,
              19.22797413118399
            ],
            [
              80.60707569122314,
              19.229757060531526
            ],
            [
              80.60488700866699,
              19.231134765408797
            ],
            [
              80.6046724319458,
              19.23145892958283
            ],
            [
              80.60420036315918,
              19.23336338118389
            ],
            [
              80.60415744781494,
              19.234862614780138
            ],
            [
              80.60462951660156,
              19.236564430923497
            ],
            [
              80.60492992401123,
              19.23741533238078
            ],
            [
              80.60883522033691,
              19.243614624168874
            ],
            [
              80.60930728912354,
              19.24483014412396
            ],
            [
              80.60930728912354,
              19.247301673602557
            ],
            [
              80.61338424682617,
              19.251069671495987
            ],
            [
              80.61342716217041,
              19.25094812452752
            ],
            [
              80.61359882354736,
              19.25094812452752
            ],
            [
              80.61377048492432,
              19.250623998838037
            ],
            [
              80.61347007751465,
              19.25054296731561
            ],
            [
              80.6138563156128,
              19.249773165856524
            ],
            [
              80.61428546905518,
              19.249854197759145
            ],
            [
              80.61445713043213,
              19.250097293226894
            ],
            [
              80.6145429611206,
              19.25058348308183
            ],
            [
              80.6141996383667,
              19.2511912183744
            ],
            [
              80.61377048492432,
              19.251069671495987
            ],
            [
              80.61368465423584,
              19.25127224957665
            ],
            [
              80.6145429611206,
              19.25208255939787
            ],
            [
              80.61574459075928,
              19.25289286521667
            ],
            [
              80.61892032623291,
              19.256822791654034
            ],
            [
              80.61986446380615,
              19.2586054076536
            ],
            [
              80.62179565429688,
              19.25953722194162
            ],
            [
              80.62376976013184,
              19.261562886909164
            ],
            [
              80.62497138977051,
              19.26346698916047
            ],
            [
              80.6251859664917,
              19.263507501734065
            ]
          ]
        ]
      }
    },
    {
      "type": "Feature",
      "properties": {
        "v_name": "Markud",
        "v_code": "450678",
        "d_name": "Bijapur",
        "d_code": "636",
        "b_name": "Bhopalpattnam",
        "b_code": "3376",
        "gp_name": "Kerpe",
        "gp_code": "123380",
        "s_name": "Chhattisgarh",
        "s_code": "22",
        "centroid": [
          19.221817,
          80.586677
        ],
        "excel_area_ha": 2602.0,
        "excel_name": "Markud",
        "geojson_area_ha": 2050.93
      },
      "geometry": {
        "type": "Polygon",
        "coordinates": [
          [
            [
              80.58656215667725,
              19.25439192042961
            ],
            [
              80.59059619903564,
              19.2522851362278
            ],
            [
              80.59299945831299,
              19.25094812452752
            ],
            [
              80.59484481811523,
              19.249692133913882
            ],
            [
              80.59947967529297,
              19.247544772852024
            ],
            [
              80.6037712097168,
              19.247463739808882
            ],
            [
              80.6055736541748,
              19.247301673602557
            ],
            [
              80.60771942138672,
              19.247261157025964
            ],
            [
              80.60930728912354,
              19.247342190169142
            ],
            [
              80.60930728912354,
              19.24483014412396
            ],
            [
              80.60883522033691,
              19.243614624168874
            ],
            [
              80.60492992401123,
              19.23741533238078
            ],
            [
              80.60415744781494,
              19.234862614780138
            ],
            [
              80.60420036315918,
              19.23336338118389
            ],
            [
              80.6046724319458,
              19.23145892958283
            ],
            [
              80.60480117797852,
              19.23121580651229
            ],
            [
              80.60707569122314,
              19.229757060531526
            ],
            [
              80.60892105102539,
              19.22797413118399
            ],
            [
              80.60909271240234,
              19.22797413118399
            ],
            [
              80.60789108276367,
              19.226555878111498
            ],
            [
              80.60660362243652,
              19.225299700879706
            ],
            [
              80.60565948486328,
              19.223030453147572
            ],
            [
              80.6050157546997,
              19.22120692779582
            ],
            [
              80.60420036315918,
              19.219991232986356
            ],
            [
              80.60299873352051,
              19.218410816289982
            ],
            [
              80.60205459594727,
              19.217600340294375
            ],
            [
              80.60038089752197,
              19.215857803371353
            ],
            [
              80.5997371673584,
              19.213791049586227
            ],
            [
              80.59926509857178,
              19.210386927890656
            ],
            [
              80.59896469116211,
              19.208603788400236
            ],
            [
              80.59840679168701,
              19.206699049860273
            ],
            [
              80.59754848480225,
              19.204145855088203
            ],
            [
              80.59638977050781,
              19.203051616625316
            ],
            [
              80.59583187103271,
              19.2025652860832
            ],
            [
              80.594801902771,
              19.201471037106764
            ],
            [
              80.59321403503418,
              19.19952568762248
            ],
            [
              80.59029579162598,
              19.19571597825812
            ],
            [
              80.59016704559326,
              19.19514856718957
            ],
            [
              80.58887958526611,
              19.19409479858647
            ],
            [
              80.5881929397583,
              19.193932679740993
            ],
            [
              80.58660507202148,
              19.193851620258375
            ],
            [
              80.58596134185791,
              19.19348685209256
            ],
            [
              80.58548927307129,
              19.19344632224646
            ],
            [
              80.58424472808838,
              19.191744059698152
            ],
            [
              80.58278560638428,
              19.187164075450056
            ],
            [
              80.58265686035156,
              19.187204606842887
            ],
            [
              80.57857990264893,
              19.189879656708648
            ],
            [
              80.57772159576416,
              19.1903254941271
            ],
            [
              80.57746410369873,
              19.190568677664608
            ],
            [
              80.57699203491211,
              19.190609208219268
            ],
            [
              80.57600498199463,
              19.190973982762134
            ],
            [
              80.57579040527344,
              19.19129822612165
            ],
            [
              80.57566165924072,
              19.19227095236811
            ],
            [
              80.57544708251953,
              19.19259519317287
            ],
            [
              80.57467460632324,
              19.193527381928682
            ],
            [
              80.57441711425781,
              19.19368950117337
            ],
            [
              80.5740737915039,
              19.19377056073584
            ],
            [
              80.57360172271729,
              19.19401373918369
            ],
            [
              80.57321548461914,
              19.194378506181796
            ],
            [
              80.56883811950684,
              19.196242858212916
            ],
            [
              80.5693531036377,
              19.19871511854885
            ],
            [
              80.56797981262207,
              19.204105327867534
            ],
            [
              80.56652069091797,
              19.210508504879066
            ],
            [
              80.56673526763916,
              19.212615825061945
            ],
            [
              80.56763648986816,
              19.21670881208343
            ],
            [
              80.56986808776855,
              19.22367881284045
            ],
            [
              80.57179927825928,
              19.2303648729313
            ],
            [
              80.5733871459961,
              19.234741055809266
            ],
            [
              80.5760908126831,
              19.241305111453876
            ],
            [
              80.57767868041992,
              19.24324996642692
            ],
            [
              80.57935237884521,
              19.245194798355005
            ],
            [
              80.58480262756348,
              19.24855768251485
            ],
            [
              80.5858325958252,
              19.25082657746901
            ],
            [
              80.58656215667725,
              19.25439192042961
            ]
          ]
        ]
      }
    },
    {
      "type": "Feature",
      "properties": {
        "v_name": "Odru",
        "v_code": "450680",
        "d_name": "Bijapur",
        "d_code": "636",
        "b_name": "Bhopalpattnam",
        "b_code": "3376",
        "gp_name": "Kerpe",
        "gp_code": "123380",
        "s_name": "Chhattisgarh",
        "s_code": "22",
        "centroid": [
          19.175176,
          80.562717
        ],
        "excel_area_ha": 1967.0,
        "excel_name": "Odru",
        "geojson_area_ha": 1935.53
      },
      "geometry": {
        "type": "Polygon",
        "coordinates": [
          [
            [
              80.56304454803467,
              19.147803387287347
            ],
            [
              80.56214332580566,
              19.146060111743925
            ],
            [
              80.56059837341309,
              19.145451988035894
            ],
            [
              80.56012630462646,
              19.14516819620529
            ],
            [
              80.55883884429932,
              19.144316817785548
            ],
            [
              80.55755138397217,
              19.143951939975516
            ],
            [
              80.55720806121826,
              19.143749229732506
            ],
            [
              80.55639266967773,
              19.14358706135884
            ],
            [
              80.5557918548584,
              19.144033024003008
            ],
            [
              80.55527687072754,
              19.144114107990667
            ],
            [
              80.55446147918701,
              19.144195191938493
            ],
            [
              80.55313110351562,
              19.14516819620529
            ],
            [
              80.55167198181152,
              19.146262819148635
            ],
            [
              80.55145740509033,
              19.147884469422564
            ],
            [
              80.55081367492676,
              19.14970880693176
            ],
            [
              80.55025577545166,
              19.151654744708534
            ],
            [
              80.54712295532227,
              19.154492529489893
            ],
            [
              80.54248809814453,
              19.158465346165972
            ],
            [
              80.54141521453857,
              19.159235575058343
            ],
            [
              80.54502010345459,
              19.163046128229823
            ],
            [
              80.54879665374756,
              19.166816056934554
            ],
            [
              80.54901123046875,
              19.170058937376126
            ],
            [
              80.54944038391113,
              19.178773862364483
            ],
            [
              80.54913997650146,
              19.179706129370356
            ],
            [
              80.5479383468628,
              19.182543431269067
            ],
            [
              80.54733753204346,
              19.18351620923946
            ],
            [
              80.54639339447021,
              19.18679929246558
            ],
            [
              80.54429054260254,
              19.188906916331913
            ],
            [
              80.54253101348877,
              19.19105504366189
            ],
            [
              80.54742336273193,
              19.19903934665748
            ],
            [
              80.54742336273193,
              19.199201460472203
            ],
            [
              80.5482816696167,
              19.200538893349094
            ],
            [
              80.54944038391113,
              19.201916843123907
            ],
            [
              80.5521011352539,
              19.203416363588374
            ],
            [
              80.55338859558105,
              19.203943218884984
            ],
            [
              80.55519104003906,
              19.2038621643338
            ],
            [
              80.5578088760376,
              19.203051616625316
            ],
            [
              80.55991172790527,
              19.202241064923044
            ],
            [
              80.56149959564209,
              19.20078206179504
            ],
            [
              80.56433200836182,
              19.198796175635902
            ],
            [
              80.5667781829834,
              19.197256084153977
            ],
            [
              80.56819438934326,
              19.19652656210526
            ],
            [
              80.57321548461914,
              19.194378506181796
            ],
            [
              80.57360172271729,
              19.19401373918369
            ],
            [
              80.5740737915039,
              19.19377056073584
            ],
            [
              80.57441711425781,
              19.19368950117337
            ],
            [
              80.57467460632324,
              19.193527381928682
            ],
            [
              80.57544708251953,
              19.19259519317287
            ],
            [
              80.57566165924072,
              19.19227095236811
            ],
            [
              80.57579040527344,
              19.19129822612165
            ],
            [
              80.57600498199463,
              19.190973982762134
            ],
            [
              80.57699203491211,
              19.190609208219268
            ],
            [
              80.57746410369873,
              19.190568677664608
            ],
            [
              80.57772159576416,
              19.1903254941271
            ],
            [
              80.57857990264893,
              19.189879656708648
            ],
            [
              80.58265686035156,
              19.187204606842887
            ],
            [
              80.58282852172852,
              19.187164075450056
            ],
            [
              80.58287143707275,
              19.18679929246558
            ],
            [
              80.58330059051514,
              19.184813237594867
            ],
            [
              80.58475971221924,
              19.1823813010487
            ],
            [
              80.58600425720215,
              19.17966559613199
            ],
            [
              80.5867338180542,
              19.176990380347675
            ],
            [
              80.58832168579102,
              19.174071913582587
            ],
            [
              80.58544635772705,
              19.17313961469374
            ],
            [
              80.58433055877686,
              19.171801959248455
            ],
            [
              80.58364391326904,
              19.171275001091747
            ],
            [
              80.58261394500732,
              19.168640185033755
            ],
            [
              80.58248519897461,
              19.16762678302643
            ],
            [
              80.58197021484375,
              19.167018738831345
            ],
            [
              80.58141231536865,
              19.166045863453913
            ],
            [
              80.58102607727051,
              19.165518886893764
            ],
            [
              80.57973861694336,
              19.16430278071029
            ],
            [
              80.57935237884521,
              19.16377579857819
            ],
            [
              80.57909488677979,
              19.16308666555612
            ],
            [
              80.57845115661621,
              19.162316454652185
            ],
            [
              80.57742118835449,
              19.161303013770674
            ],
            [
              80.5766487121582,
              19.1606544083376
            ],
            [
              80.57561874389648,
              19.159113960209233
            ],
            [
              80.57420253753662,
              19.15826265375429
            ],
            [
              80.57373046875,
              19.157816729571696
            ],
            [
              80.57244300842285,
              19.156843799897306
            ],
            [
              80.57201385498047,
              19.156600566581922
            ],
            [
              80.57003974914551,
              19.155951942653907
            ],
            [
              80.56815147399902,
              19.15522223768598
            ],
            [
              80.56630611419678,
              19.15412767418133
            ],
            [
              80.56553363800049,
              19.153195262504198
            ],
            [
              80.56488990783691,
              19.15177636505752
            ],
            [
              80.56360244750977,
              19.1498304287152
            ],
            [
              80.56313037872314,
              19.148046633573475
            ],
            [
              80.56309063146759,
              19.147966639087446
            ],
            [
              80.56304454803467,
              19.147803387287347
            ]
          ]
        ]
      }
    },
    {
      "type": "Feature",
      "properties": {
        "v_name": "Gunda Puri",
        "v_code": "450681",
        "d_name": "Bijapur",
        "d_code": "636",
        "b_name": "Bhopalpattnam",
        "b_code": "3376",
        "gp_name": "Edapalli",
        "gp_code": "123376",
        "s_name": "Chhattisgarh",
        "s_code": "22",
        "centroid": [
          19.175028,
          80.532715
        ],
        "excel_area_ha": 1078.0,
        "excel_name": "Gunda Puri",
        "geojson_area_ha": 1065.61
      },
      "geometry": {
        "type": "Polygon",
        "coordinates": [
          [
            [
              80.53600788116455,
              19.19251413303156
            ],
            [
              80.53948402404785,
              19.192108831726213
            ],
            [
              80.5424451828003,
              19.19105504366189
            ],
            [
              80.54253101348877,
              19.19105504366189
            ],
            [
              80.54429054260254,
              19.188906916331913
            ],
            [
              80.54639339447021,
              19.18679929246558
            ],
            [
              80.54733753204346,
              19.18351620923946
            ],
            [
              80.5479383468628,
              19.182543431269067
            ],
            [
              80.54944038391113,
              19.1788549292701
            ],
            [
              80.54901123046875,
              19.170058937376126
            ],
            [
              80.54879665374756,
              19.166816056934554
            ],
            [
              80.54502010345459,
              19.163046128229823
            ],
            [
              80.54141521453857,
              19.159235575058343
            ],
            [
              80.5381965637207,
              19.159113960209233
            ],
            [
              80.53789615631104,
              19.15915449850224
            ],
            [
              80.5367374420166,
              19.159113960209233
            ],
            [
              80.52931308746338,
              19.159357189817765
            ],
            [
              80.52815437316895,
              19.15943826627422
            ],
            [
              80.5254077911377,
              19.160046338427033
            ],
            [
              80.52287578582764,
              19.161303013770674
            ],
            [
              80.52060127258301,
              19.163046128229823
            ],
            [
              80.52017211914062,
              19.16365418707772
            ],
            [
              80.51944255828857,
              19.16478922426019
            ],
            [
              80.51686763763428,
              19.16839696912024
            ],
            [
              80.51661014556885,
              19.169045544092064
            ],
            [
              80.51523685455322,
              19.171112859781456
            ],
            [
              80.51360607147217,
              19.174396190220484
            ],
            [
              80.51352024078369,
              19.17532848199943
            ],
            [
              80.51407814025879,
              19.17711198200763
            ],
            [
              80.51485061645508,
              19.18128691788659
            ],
            [
              80.51592350006104,
              19.183597273810957
            ],
            [
              80.51927089691162,
              19.18469164162051
            ],
            [
              80.52600860595703,
              19.187812576538054
            ],
            [
              80.5294418334961,
              19.189555410555027
            ],
            [
              80.53128719329834,
              19.190406555346183
            ],
            [
              80.53600788116455,
              19.19251413303156
            ]
          ]
        ]
      }
    },
    {
      "type": "Feature",
      "properties": {
        "v_name": "Pengunda",
        "v_code": "450683",
        "d_name": "Bijapur",
        "d_code": "636",
        "b_name": "Bhopalpattnam",
        "b_code": "3376",
        "gp_name": "Kerpe",
        "gp_code": "123380",
        "s_name": "Chhattisgarh",
        "s_code": "22",
        "centroid": [
          19.312875,
          80.484522
        ],
        "excel_area_ha": 959.0,
        "excel_name": "Pengunda",
        "geojson_area_ha": 775.07
      },
      "geometry": {
        "type": "Polygon",
        "coordinates": [
          [
            [
              80.50352096557617,
              19.313127881403403
            ],
            [
              80.50373554229736,
              19.312925379819347
            ],
            [
              80.50334930419922,
              19.312317873562282
            ],
            [
              80.50283432006836,
              19.312196372039995
            ],
            [
              80.50227642059326,
              19.31187236753912
            ],
            [
              80.50189018249512,
              19.311588863074174
            ],
            [
              80.5017614364624,
              19.31134585885582
            ],
            [
              80.50073146820068,
              19.31134585885582
            ],
            [
              80.50047397613525,
              19.31114335506464
            ],
            [
              80.49978733062744,
              19.309644819215254
            ],
            [
              80.49897193908691,
              19.308915796809476
            ],
            [
              80.49854278564453,
              19.308672788618647
            ],
            [
              80.49802780151367,
              19.308551284387818
            ],
            [
              80.496826171875,
              19.30871329000886
            ],
            [
              80.49631118774414,
              19.3086322872184
            ],
            [
              80.49605369567871,
              19.308429780066707
            ],
            [
              80.495924949646,
              19.30818677115366
            ],
            [
              80.49596786499023,
              19.307903260298712
            ],
            [
              80.4959583282388,
              19.307903260298712
            ],
            [
              80.49596786499023,
              19.307822257107027
            ],
            [
              80.49583911895752,
              19.30749824393905
            ],
            [
              80.49558162689209,
              19.30717423012914
            ],
            [
              80.49528121948242,
              19.307052724784924
            ],
            [
              80.49463748931885,
              19.30717423012914
            ],
            [
              80.49416542053223,
              19.30717423012914
            ],
            [
              80.4939079284668,
              19.306971721171962
            ],
            [
              80.49356460571289,
              19.30656670250535
            ],
            [
              80.4933500289917,
              19.306404694757866
            ],
            [
              80.49257755279541,
              19.30612118081362
            ],
            [
              80.49193382263184,
              19.305716160040742
            ],
            [
              80.49159049987793,
              19.30527063603216
            ],
            [
              80.49137592315674,
              19.30450109170444
            ],
            [
              80.49111843109131,
              19.30401506184258
            ],
            [
              80.49073219299316,
              19.303691041132367
            ],
            [
              80.48862934112549,
              19.3025974664969
            ],
            [
              80.48747062683105,
              19.3017064002776
            ],
            [
              80.486741065979,
              19.30138237499451
            ],
            [
              80.48562526702881,
              19.300572308979056
            ],
            [
              80.48558235168457,
              19.300167274467228
            ],
            [
              80.48425197601318,
              19.29951921716266
            ],
            [
              80.4829216003418,
              19.298749645779573
            ],
            [
              80.48154830932617,
              19.29757502984803
            ],
            [
              80.48056125640869,
              19.29708897940994
            ],
            [
              80.47914505004883,
              19.2957928378503
            ],
            [
              80.47863006591797,
              19.29453719092477
            ],
            [
              80.47764301300049,
              19.29401062644376
            ],
            [
              80.47691345214844,
              19.294901734573035
            ],
            [
              80.47515392303467,
              19.296521918740808
            ],
            [
              80.47420978546143,
              19.297615533986036
            ],
            [
              80.47043323516846,
              19.298385110703187
            ],
            [
              80.46691417694092,
              19.299438209819108
            ],
            [
              80.46725749969482,
              19.300207777963532
            ],
            [
              80.4684591293335,
              19.301787406498093
            ],
            [
              80.46966075897217,
              19.302921489373272
            ],
            [
              80.47116279602051,
              19.30478460845693
            ],
            [
              80.47214984893799,
              19.30608067878147
            ],
            [
              80.47335147857666,
              19.30717423012914
            ],
            [
              80.47399820483611,
              19.307903260298712
            ],
            [
              80.47399520874023,
              19.307903260298712
            ],
            [
              80.47489643096924,
              19.308915796809476
            ],
            [
              80.4763126373291,
              19.30984732486229
            ],
            [
              80.4772138595581,
              19.31004983025854
            ],
            [
              80.47781467437744,
              19.310535842186322
            ],
            [
              80.47828674316406,
              19.311021852669548
            ],
            [
              80.47828674316406,
              19.31183186693137
            ],
            [
              80.47708511352539,
              19.314180885597217
            ],
            [
              80.47708511352539,
              19.314383385626154
            ],
            [
              80.47709991196395,
              19.314383385626154
            ],
            [
              80.47717094421387,
              19.31535538227339
            ],
            [
              80.47682762145996,
              19.315760379170676
            ],
            [
              80.47536849975586,
              19.31551738115271
            ],
            [
              80.47459602355957,
              19.315233883008545
            ],
            [
              80.47313690185547,
              19.315233883008545
            ],
            [
              80.47257900238037,
              19.31547688144793
            ],
            [
              80.4724931716919,
              19.317015863175598
            ],
            [
              80.47266483306885,
              19.31746135518198
            ],
            [
              80.47343730926514,
              19.320741758929024
            ],
            [
              80.47493934631348,
              19.324022096828912
            ],
            [
              80.47708511352539,
              19.329043721094745
            ],
            [
              80.47734260559082,
              19.330258607000694
            ],
            [
              80.4774284362793,
              19.330258607000694
            ],
            [
              80.48244953155518,
              19.32920570640428
            ],
            [
              80.48459529876709,
              19.328355281737107
            ],
            [
              80.48665523529053,
              19.32722137529382
            ],
            [
              80.48901557922363,
              19.325844478317347
            ],
            [
              80.4907751083374,
              19.325399009163956
            ],
            [
              80.49240589141846,
              19.32446756973651
            ],
            [
              80.49240589141846,
              19.32438657475274
            ],
            [
              80.4933500289917,
              19.323860106379566
            ],
            [
              80.4933500289917,
              19.323779111094666
            ],
            [
              80.49352169036865,
              19.32369811576962
            ],
            [
              80.49558162689209,
              19.322361687109808
            ],
            [
              80.49746990203857,
              19.320539266777335
            ],
            [
              80.49983024597168,
              19.31794734507688
            ],
            [
              80.50124645233154,
              19.316772867023992
            ],
            [
              80.50313472747803,
              19.314869384672186
            ],
            [
              80.50324251444036,
              19.314383385626154
            ],
            [
              80.50326347351074,
              19.314383385626154
            ],
            [
              80.50352096557617,
              19.313127881403403
            ]
          ]
        ]
      }
    },
    {
      "type": "Feature",
      "properties": {
        "v_name": "Netiwada",
        "v_code": "450684",
        "d_name": "Bijapur",
        "d_code": "636",
        "b_name": "Bhopalpattnam",
        "b_code": "3376",
        "gp_name": "Kerpe",
        "gp_code": "123380",
        "s_name": "Chhattisgarh",
        "s_code": "22",
        "centroid": [
          19.283816,
          80.478457
        ],
        "excel_area_ha": 695.0,
        "excel_name": "Netiwada",
        "geojson_area_ha": 542.37
      },
      "geometry": {
        "type": "Polygon",
        "coordinates": [
          [
            [
              80.47734260559082,
              19.294375171264903
            ],
            [
              80.47764301300049,
              19.29401062644376
            ],
            [
              80.48038959503174,
              19.29295749239939
            ],
            [
              80.48227787017822,
              19.291904351578815
            ],
            [
              80.48442363739014,
              19.291094238644472
            ],
            [
              80.48944473266602,
              19.28619296989431
            ],
            [
              80.4918909072876,
              19.28481572747518
            ],
            [
              80.49433708190918,
              19.28287136551643
            ],
            [
              80.49596786499023,
              19.281777651769726
            ],
            [
              80.49618244171143,
              19.281696635646078
            ],
            [
              80.49734115600586,
              19.281737143712913
            ],
            [
              80.4988431930542,
              19.281494095161626
            ],
            [
              80.49798488616943,
              19.280400372217475
            ],
            [
              80.49506664276123,
              19.276065916879134
            ],
            [
              80.49433708190918,
              19.274242980843447
            ],
            [
              80.4936933517456,
              19.2722579829828
            ],
            [
              80.49283504486084,
              19.272663086539985
            ],
            [
              80.49159049987793,
              19.273473290649818
            ],
            [
              80.49094676971436,
              19.27395941119277
            ],
            [
              80.49034595489502,
              19.274445530293463
            ],
            [
              80.48807144165039,
              19.275498783397108
            ],
            [
              80.48717021942139,
              19.276146935787732
            ],
            [
              80.48699855804443,
              19.276227954656264
            ],
            [
              80.48266410827637,
              19.276673557716993
            ],
            [
              80.48086166381836,
              19.27663304839792
            ],
            [
              80.4774284362793,
              19.276268464075507
            ],
            [
              80.47335147857666,
              19.276673557716993
            ],
            [
              80.4717206954956,
              19.277645778369667
            ],
            [
              80.47004699707031,
              19.27837494007267
            ],
            [
              80.46777248382568,
              19.279630710952766
            ],
            [
              80.46515464782715,
              19.28080545564097
            ],
            [
              80.4644250869751,
              19.28137257075073
            ],
            [
              80.46369552612305,
              19.282020699900205
            ],
            [
              80.4621934890747,
              19.282790349933826
            ],
            [
              80.46056270599365,
              19.284653698193722
            ],
            [
              80.45738697052002,
              19.2855448572577
            ],
            [
              80.45631408691406,
              19.285990434970945
            ],
            [
              80.45742988586426,
              19.28874488846301
            ],
            [
              80.45768737792969,
              19.288866407402704
            ],
            [
              80.45940399169922,
              19.288420837516206
            ],
            [
              80.46090602874756,
              19.288339824679287
            ],
            [
              80.46270847320557,
              19.289271469883555
            ],
            [
              80.46463966369629,
              19.28898792625219
            ],
            [
              80.46536922454834,
              19.28866387578644
            ],
            [
              80.46725749969482,
              19.289190457467562
            ],
            [
              80.46798706054688,
              19.28991956776826
            ],
            [
              80.46841621398926,
              19.290567663087174
            ],
            [
              80.46863079071045,
              19.29129676725393
            ],
            [
              80.46905994415283,
              19.292147384677293
            ],
            [
              80.47021865844727,
              19.2937675961119
            ],
            [
              80.47116279602051,
              19.29380810119227
            ],
            [
              80.4724931716919,
              19.293443555108055
            ],
            [
              80.4733943939209,
              19.293443555108055
            ],
            [
              80.47481060028076,
              19.293200523934157
            ],
            [
              80.47644138336182,
              19.293727091021506
            ],
            [
              80.47699928283691,
              19.293970121413512
            ],
            [
              80.47734260559082,
              19.294375171264903
            ]
          ]
        ]
      }
    },
    {
      "type": "Feature",
      "properties": {
        "v_name": "Pasewada",
        "v_code": "450685",
        "d_name": "Bijapur",
        "d_code": "636",
        "b_name": "Bhopalpattnam",
        "b_code": "3376",
        "gp_name": "Kerpe",
        "gp_code": "123380",
        "s_name": "Chhattisgarh",
        "s_code": "22",
        "centroid": [
          19.262814,
          80.462219
        ],
        "excel_area_ha": 978.0,
        "excel_name": "Pasewada",
        "geojson_area_ha": 782.86
      },
      "geometry": {
        "type": "Polygon",
        "coordinates": [
          [
            [
              80.46309471130371,
              19.28234476351311
            ],
            [
              80.46369552612305,
              19.282020699900205
            ],
            [
              80.4644250869751,
              19.28137257075073
            ],
            [
              80.46515464782715,
              19.28080545564097
            ],
            [
              80.46777248382568,
              19.279630710952766
            ],
            [
              80.47004699707031,
              19.27837494007267
            ],
            [
              80.4717206954956,
              19.277645778369667
            ],
            [
              80.47330856323242,
              19.276673557716993
            ],
            [
              80.47309398651123,
              19.275377254538398
            ],
            [
              80.47300815582275,
              19.273432780539473
            ],
            [
              80.47270774841309,
              19.27112368769482
            ],
            [
              80.47305107116699,
              19.266991545610406
            ],
            [
              80.47300815582275,
              19.26541158140047
            ],
            [
              80.47266483306885,
              19.26346698916047
            ],
            [
              80.4763126373291,
              19.257268447470455
            ],
            [
              80.47674179077148,
              19.2535005919541
            ],
            [
              80.47416687011719,
              19.25277131959901
            ],
            [
              80.47270774841309,
              19.252447197511636
            ],
            [
              80.4717206954956,
              19.25082657746901
            ],
            [
              80.47043323516846,
              19.24924645751399
            ],
            [
              80.46627044677734,
              19.249003360785625
            ],
            [
              80.46416759490967,
              19.24936800574311
            ],
            [
              80.46309471130371,
              19.24961110193122
            ],
            [
              80.46090602874756,
              19.249570585924882
            ],
            [
              80.45884609222412,
              19.24961110193122
            ],
            [
              80.45785903930664,
              19.24936800574311
            ],
            [
              80.45682907104492,
              19.248760263697086
            ],
            [
              80.45541286468506,
              19.247342190169142
            ],
            [
              80.45339584350586,
              19.247301673602557
            ],
            [
              80.4525375366211,
              19.247220640439366
            ],
            [
              80.4499626159668,
              19.247463739808882
            ],
            [
              80.44897556304932,
              19.2476663223417
            ],
            [
              80.44888973236084,
              19.247706838818253
            ],
            [
              80.44678688049316,
              19.2502188408257
            ],
            [
              80.44670104980469,
              19.25054296731561
            ],
            [
              80.4464864730835,
              19.25078606176282
            ],
            [
              80.44661521911621,
              19.25127224957665
            ],
            [
              80.44597148895264,
              19.25171792047361
            ],
            [
              80.44584274291992,
              19.251920497753808
            ],
            [
              80.44601440429688,
              19.252568743369448
            ],
            [
              80.44670104980469,
              19.25289286521667
            ],
            [
              80.44755935668945,
              19.253946256797278
            ],
            [
              80.45129299163818,
              19.25402728663867
            ],
            [
              80.45125007629395,
              19.254959126937724
            ],
            [
              80.45219421386719,
              19.254959126937724
            ],
            [
              80.45215129852295,
              19.256782277428854
            ],
            [
              80.45305252075195,
              19.256782277428854
            ],
            [
              80.45300960540771,
              19.257673588070883
            ],
            [
              80.45395374298096,
              19.257714102075873
            ],
            [
              80.453782081604,
              19.263102375547582
            ],
            [
              80.44811725616455,
              19.26306186287387
            ],
            [
              80.44455528259277,
              19.263264426142307
            ],
            [
              80.4468297958374,
              19.265168508631927
            ],
            [
              80.45090675354004,
              19.269138652048944
            ],
            [
              80.45223712921143,
              19.27084011264605
            ],
            [
              80.45382499694824,
              19.273351760288733
            ],
            [
              80.4552412033081,
              19.2722579829828
            ],
            [
              80.45618534088135,
              19.272136451720353
            ],
            [
              80.45674324035645,
              19.272784617411848
            ],
            [
              80.45768737792969,
              19.274405020423494
            ],
            [
              80.45790195465088,
              19.275336744898794
            ],
            [
              80.45858860015869,
              19.27659253906883
            ],
            [
              80.45906066894531,
              19.27671406702605
            ],
            [
              80.45940399169922,
              19.27740272374742
            ],
            [
              80.4594898223877,
              19.27776730554556
            ],
            [
              80.45906066894531,
              19.278455957839316
            ],
            [
              80.45914649963379,
              19.27882053729337
            ],
            [
              80.45966148376465,
              19.279063589811944
            ],
            [
              80.45979022979736,
              19.279509185159313
            ],
            [
              80.45996189117432,
              19.279873762269176
            ],
            [
              80.46146392822266,
              19.280440880604907
            ],
            [
              80.4612922668457,
              19.28145358703468
            ],
            [
              80.46154975891113,
              19.281858667853296
            ],
            [
              80.46232223510742,
              19.282020699900205
            ],
            [
              80.46266555786133,
              19.282223239733415
            ],
            [
              80.46309471130371,
              19.28234476351311
            ]
          ]
        ]
      }
    },
    {
      "type": "Feature",
      "properties": {
        "v_name": "Ralapalli",
        "v_code": "450702",
        "d_name": "Bijapur",
        "d_code": "636",
        "b_name": "Bhopalpattnam",
        "b_code": "3376",
        "gp_name": "Sandra",
        "gp_code": "123389",
        "s_name": "Chhattisgarh",
        "s_code": "22",
        "centroid": [
          19.141465,
          80.395226
        ],
        "excel_area_ha": 851.0,
        "excel_name": "Ralapalli",
        "geojson_area_ha": 871.55
      },
      "geometry": {
        "type": "Polygon",
        "coordinates": [
          [
            [
              80.40799140930176,
              19.14674931590406
            ],
            [
              80.40842056274414,
              19.145816862529614
            ],
            [
              80.40897846221924,
              19.14516819620529
            ],
            [
              80.40919303894043,
              19.144965487456087
            ],
            [
              80.41013717651367,
              19.14423573389747
            ],
            [
              80.41168212890625,
              19.143141097509723
            ],
            [
              80.4115104675293,
              19.142857301705646
            ],
            [
              80.4112958908081,
              19.141924826342485
            ],
            [
              80.41127912816654,
              19.141924826342485
            ],
            [
              80.41086673736572,
              19.140262574587414
            ],
            [
              80.40966510772705,
              19.13628931965166
            ],
            [
              80.40820598602295,
              19.13442428946456
            ],
            [
              80.40683269500732,
              19.133289043385748
            ],
            [
              80.40331363677979,
              19.131059073011773
            ],
            [
              80.40095329284668,
              19.129153438107927
            ],
            [
              80.39597511291504,
              19.125261009144953
            ],
            [
              80.39528846740723,
              19.125017729289826
            ],
            [
              80.39035320281982,
              19.125301555752653
            ],
            [
              80.38537502288818,
              19.12582866074721
            ],
            [
              80.37906646728516,
              19.133937756386374
            ],
            [
              80.37730693817139,
              19.137586719531853
            ],
            [
              80.3783369064331,
              19.138438132662927
            ],
            [
              80.37919521331787,
              19.139330084567217
            ],
            [
              80.3814268331425,
              19.141924826342485
            ],
            [
              80.38142681121826,
              19.141924826342485
            ],
            [
              80.38421630859375,
              19.14516819620529
            ],
            [
              80.38589000701904,
              19.146830398557196
            ],
            [
              80.38589000701904,
              19.14691148117049
            ],
            [
              80.3880786895752,
              19.148897992751163
            ],
            [
              80.38936614990234,
              19.150641238313714
            ],
            [
              80.38936614990234,
              19.150762859409824
            ],
            [
              80.38949489593506,
              19.150803399755272
            ],
            [
              80.39095401763916,
              19.153397961143206
            ],
            [
              80.39168357849121,
              19.154492529489893
            ],
            [
              80.39185523986816,
              19.154897923330697
            ],
            [
              80.39224147796631,
              19.156357332907834
            ],
            [
              80.39254188537598,
              19.158830191879204
            ],
            [
              80.39348602294922,
              19.1608570978095
            ],
            [
              80.39352893829346,
              19.16089763567398
            ],
            [
              80.39473056793213,
              19.16037064265838
            ],
            [
              80.39584636688232,
              19.160694946251912
            ],
            [
              80.39859294891357,
              19.162559679536866
            ],
            [
              80.39979457855225,
              19.163208277475206
            ],
            [
              80.4005241394043,
              19.163289352038092
            ],
            [
              80.40181159973145,
              19.16300559089356
            ],
            [
              80.40305614471436,
              19.16223537961089
            ],
            [
              80.40365695953369,
              19.161221938231062
            ],
            [
              80.40369987487793,
              19.160046338427033
            ],
            [
              80.40327072143555,
              19.15951934269081
            ],
            [
              80.40245532989502,
              19.158384269231192
            ],
            [
              80.4019832611084,
              19.157492420317954
            ],
            [
              80.40159702301025,
              19.156397871878426
            ],
            [
              80.40155410766602,
              19.155870864483557
            ],
            [
              80.40172576904297,
              19.155262776935558
            ],
            [
              80.4019832611084,
              19.154695226534837
            ],
            [
              80.40292739868164,
              19.15307364320125
            ],
            [
              80.40357112884521,
              19.152343925500634
            ],
            [
              80.40477275848389,
              19.15157366442607
            ],
            [
              80.40618896484375,
              19.150925020731847
            ],
            [
              80.40687561035156,
              19.15047907671277
            ],
            [
              80.40734767913818,
              19.15003313148837
            ],
            [
              80.40756225585938,
              19.14954664441439
            ],
            [
              80.40773640420525,
              19.148411502330354
            ],
            [
              80.40777683258057,
              19.148411502330354
            ],
            [
              80.40799140930176,
              19.14674931590406
            ]
          ]
        ]
      }
    },
    {
      "type": "Feature",
      "properties": {
        "v_name": "Arepalli",
        "v_code": "450703",
        "d_name": "Bijapur",
        "d_code": "636",
        "b_name": "Bhopalpattnam",
        "b_code": "3376",
        "gp_name": "Edapalli",
        "gp_code": "123376",
        "s_name": "Chhattisgarh",
        "s_code": "22",
        "centroid": [
          19.139726,
          80.421906
        ],
        "excel_area_ha": 681.0,
        "excel_name": "Arepali",
        "geojson_area_ha": 693.51
      },
      "geometry": {
        "type": "Polygon",
        "coordinates": [
          [
            [
              80.4242992401123,
              19.147803387287347
            ],
            [
              80.42442798614502,
              19.147762846204795
            ],
            [
              80.42477130889893,
              19.147884469422564
            ],
            [
              80.42567253112793,
              19.148046633573475
            ],
            [
              80.42614459991455,
              19.147843928359933
            ],
            [
              80.4265308380127,
              19.147397976013654
            ],
            [
              80.4268741607666,
              19.147195270003298
            ],
            [
              80.42773246765137,
              19.147154728771348
            ],
            [
              80.42807579040527,
              19.146830398557196
            ],
            [
              80.42880535125732,
              19.145695237788008
            ],
            [
              80.42927742004395,
              19.14516819620529
            ],
            [
              80.42936325073242,
              19.144965487456087
            ],
            [
              80.42927742004395,
              19.14447898544219
            ],
            [
              80.42932033538818,
              19.144316817785548
            ],
            [
              80.42992115020752,
              19.14423573389747
            ],
            [
              80.43026447296143,
              19.143830313859585
            ],
            [
              80.43030738830566,
              19.143627603467195
            ],
            [
              80.43026447296143,
              19.142654590118276
            ],
            [
              80.43047904968262,
              19.141924826342485
            ],
            [
              80.43045759196306,
              19.141924826342485
            ],
            [
              80.43047904968262,
              19.141843741279356
            ],
            [
              80.43060779571533,
              19.141722113609973
            ],
            [
              80.43095111846924,
              19.14164102844727
            ],
            [
              80.43131828317124,
              19.141924826342485
            ],
            [
              80.43129444122314,
              19.141924826342485
            ],
            [
              80.43142318725586,
              19.142005911365786
            ],
            [
              80.431809425354,
              19.14208699634926
            ],
            [
              80.4320240020752,
              19.142046453862502
            ],
            [
              80.43218135766752,
              19.141978883206132
            ],
            [
              80.4323673248291,
              19.141924826342485
            ],
            [
              80.43230724292978,
              19.141924826342485
            ],
            [
              80.43344020843506,
              19.141438315366255
            ],
            [
              80.43352603912354,
              19.141195059340436
            ],
            [
              80.43356895446777,
              19.14046528911222
            ],
            [
              80.43369770050049,
              19.14030311751229
            ],
            [
              80.43395519256592,
              19.140181488707793
            ],
            [
              80.43434143066406,
              19.14046528911222
            ],
            [
              80.43532848358154,
              19.14001931682907
            ],
            [
              80.43537139892578,
              19.13985714479103
            ],
            [
              80.43485641479492,
              19.139086825434855
            ],
            [
              80.43481349945068,
              19.138884109217425
            ],
            [
              80.43485641479492,
              19.13864084942795
            ],
            [
              80.43545722961426,
              19.137667806685876
            ],
            [
              80.4355001449585,
              19.13746508872615
            ],
            [
              80.43545722961426,
              19.13710019577143
            ],
            [
              80.4352855682373,
              19.136573126746544
            ],
            [
              80.43498516082764,
              19.13669475820931
            ],
            [
              80.43485641479492,
              19.13669475820931
            ],
            [
              80.43455600738525,
              19.136573126746544
            ],
            [
              80.4343843460083,
              19.136410951323484
            ],
            [
              80.43429851531982,
              19.136208231820664
            ],
            [
              80.4343843460083,
              19.135478439549846
            ],
            [
              80.43477058410645,
              19.13389721189849
            ],
            [
              80.4349422454834,
              19.1335323110596
            ],
            [
              80.43541431427002,
              19.1332484987386
            ],
            [
              80.43562889099121,
              19.132518693387876
            ],
            [
              80.43601512908936,
              19.132072699641512
            ],
            [
              80.43610095977783,
              19.131261798835375
            ],
            [
              80.43618679046631,
              19.131018527817197
            ],
            [
              80.43635845184326,
              19.130856346939357
            ],
            [
              80.43700218200684,
              19.130775256440714
            ],
            [
              80.43700218200684,
              19.127328873450452
            ],
            [
              80.43683052062988,
              19.125098822614675
            ],
            [
              80.43725967407227,
              19.122260532564745
            ],
            [
              80.43794631958008,
              19.121044107619593
            ],
            [
              80.4367446899414,
              19.12157122619515
            ],
            [
              80.43339729309082,
              19.12161177370825
            ],
            [
              80.4297924041748,
              19.12189560602135
            ],
            [
              80.42695999145508,
              19.122341627242726
            ],
            [
              80.42537212371826,
              19.123030930398812
            ],
            [
              80.42404174804688,
              19.123274213179165
            ],
            [
              80.42189598083496,
              19.12278764726028
            ],
            [
              80.41979312896729,
              19.122422721880916
            ],
            [
              80.41983604431152,
              19.12343640150042
            ],
            [
              80.42000770568848,
              19.12436898125827
            ],
            [
              80.42086601257324,
              19.1272883273403
            ],
            [
              80.4215955734253,
              19.130450894048067
            ],
            [
              80.42142391204834,
              19.132032154695764
            ],
            [
              80.4210376739502,
              19.132437603705387
            ],
            [
              80.42052268981934,
              19.13280250696304
            ],
            [
              80.41996479034424,
              19.13280250696304
            ],
            [
              80.41884899139404,
              19.13304577535356
            ],
            [
              80.41786193847656,
              19.133613400204585
            ],
            [
              80.41781902313232,
              19.133653944762152
            ],
            [
              80.4175615310669,
              19.136613670577425
            ],
            [
              80.4173469543457,
              19.13714073947289
            ],
            [
              80.41627407073975,
              19.13864084942795
            ],
            [
              80.4147720336914,
              19.14034366042721
            ],
            [
              80.41350002116992,
              19.141924826342485
            ],
            [
              80.41348457336426,
              19.141924826342485
            ],
            [
              80.41340505959862,
              19.14204286763318
            ],
            [
              80.41314125061035,
              19.14237079347774
            ],
            [
              80.41288375854492,
              19.142816759408092
            ],
            [
              80.41224002838135,
              19.14330326632155
            ],
            [
              80.41189670562744,
              19.143424892825852
            ],
            [
              80.41168212890625,
              19.143141097509723
            ],
            [
              80.41013717651367,
              19.14423573389747
            ],
            [
              80.40919303894043,
              19.144965487456087
            ],
            [
              80.40897846221924,
              19.14516819620529
            ],
            [
              80.40842056274414,
              19.145816862529614
            ],
            [
              80.40799140930176,
              19.14674931590406
            ],
            [
              80.40756225585938,
              19.14954664441439
            ],
            [
              80.40734767913818,
              19.15003313148837
            ],
            [
              80.40687561035156,
              19.15047907671277
            ],
            [
              80.40618896484375,
              19.150925020731847
            ],
            [
              80.40477275848389,
              19.15157366442607
            ],
            [
              80.40357112884521,
              19.152343925500634
            ],
            [
              80.40292739868164,
              19.15307364320125
            ],
            [
              80.40245532989502,
              19.153803357674008
            ],
            [
              80.40172576904297,
              19.155262776935558
            ],
            [
              80.40155410766602,
              19.155870864483557
            ],
            [
              80.40159702301025,
              19.156397871878426
            ],
            [
              80.4019832611084,
              19.157492420317954
            ],
            [
              80.40245532989502,
              19.158384269231192
            ],
            [
              80.40369987487793,
              19.16012741454466
            ],
            [
              80.40494441986084,
              19.160046338427033
            ],
            [
              80.40597438812256,
              19.159722033557898
            ],
            [
              80.40614604949951,
              19.15988418607219
            ],
            [
              80.40653228759766,
              19.16081655993505
            ],
            [
              80.40674686431885,
              19.161100324846903
            ],
            [
              80.40696144104004,
              19.161059787032247
            ],
            [
              80.40829181671143,
              19.15960041906754
            ],
            [
              80.40807723999023,
              19.159032883593337
            ],
            [
              80.40876388549805,
              19.158465346165972
            ],
            [
              80.40889263153076,
              19.157695113676272
            ],
            [
              80.40987968444824,
              19.15773565231805
            ],
            [
              80.41018009185791,
              19.157492420317954
            ],
            [
              80.41026592254639,
              19.15672218328445
            ],
            [
              80.41022300720215,
              19.155262776935558
            ],
            [
              80.41035175323486,
              19.154695226534837
            ],
            [
              80.41090965270996,
              19.154168213699908
            ],
            [
              80.41189670562744,
              19.1540060555658
            ],
            [
              80.4129695892334,
              19.15360065953314
            ],
            [
              80.41382789611816,
              19.15360065953314
            ],
            [
              80.41460037231445,
              19.154492529489893
            ],
            [
              80.41472911834717,
              19.154573608337763
            ],
            [
              80.41661739349365,
              19.154208753208525
            ],
            [
              80.41876316070557,
              19.153438500841116
            ],
            [
              80.41906356811523,
              19.153195262504198
            ],
            [
              80.41949272155762,
              19.153154722746514
            ],
            [
              80.41966438293457,
              19.15307364320125
            ],
            [
              80.41975021362305,
              19.152911483991172
            ],
            [
              80.41953563690186,
              19.152425005404545
            ],
            [
              80.41944980621338,
              19.15210068554982
            ],
            [
              80.41979312896729,
              19.151897985316843
            ],
            [
              80.4202651977539,
              19.151857445240367
            ],
            [
              80.42116641998291,
              19.151208802661863
            ],
            [
              80.42133808135986,
              19.15096556103744
            ],
            [
              80.42120933532715,
              19.150681778689044
            ],
            [
              80.42120933532715,
              19.15051961712795
            ],
            [
              80.42133808135986,
              19.150357455407473
            ],
            [
              80.42168140411377,
              19.150316914952448
            ],
            [
              80.4224967956543,
              19.150438536287634
            ],
            [
              80.42271137237549,
              19.150357455407473
            ],
            [
              80.42318344116211,
              19.149870969289754
            ],
            [
              80.42404174804688,
              19.149506103760146
            ],
            [
              80.42434215545654,
              19.14897907434852
            ],
            [
              80.42442798614502,
              19.148492584166764
            ],
            [
              80.42421340942383,
              19.148006092550684
            ],
            [
              80.4242992401123,
              19.147803387287347
            ]
          ]
        ]
      }
    },
    {
      "type": "Feature",
      "properties": {
        "v_name": "Irpagutta",
        "v_code": "450704",
        "d_name": "Bijapur",
        "d_code": "636",
        "b_name": "Bhopalpattnam",
        "b_code": "3376",
        "gp_name": "Edapalli",
        "gp_code": "123376",
        "s_name": "Chhattisgarh",
        "s_code": "22",
        "centroid": [
          19.122747,
          80.482659
        ],
        "excel_area_ha": 2285.0,
        "excel_name": "Irapatutta",
        "geojson_area_ha": 2369.88
      },
      "geometry": {
        "type": "Polygon",
        "coordinates": [
          [
            [
              80.50631046295166,
              19.133329588022942
            ],
            [
              80.5078125,
              19.13280250696304
            ],
            [
              80.508713722229,
              19.132559238214185
            ],
            [
              80.51055908203125,
              19.131180708535787
            ],
            [
              80.51113853606375,
              19.130695465384797
            ],
            [
              80.51124572753906,
              19.130613075324014
            ],
            [
              80.51124572753906,
              19.130605701699803
            ],
            [
              80.51244735717773,
              19.129599439736836
            ],
            [
              80.51356315612793,
              19.128545252127886
            ],
            [
              80.51527976989746,
              19.127207235090122
            ],
            [
              80.51626682281494,
              19.12574756778058
            ],
            [
              80.51811218261719,
              19.12400405937116
            ],
            [
              80.51836967468262,
              19.123639136678122
            ],
            [
              80.5193567276001,
              19.12181451112449
            ],
            [
              80.51961421966553,
              19.121936153454858
            ],
            [
              80.52000045776367,
              19.119949317513655
            ],
            [
              80.52055835723877,
              19.11678654980547
            ],
            [
              80.52141666412354,
              19.114475258210554
            ],
            [
              80.52223205566406,
              19.109528174627215
            ],
            [
              80.52248954772949,
              19.108960467044437
            ],
            [
              80.52334785461426,
              19.10600024593258
            ],
            [
              80.52467823028564,
              19.10324273203043
            ],
            [
              80.52330493927002,
              19.102188376331952
            ],
            [
              80.52218914031982,
              19.100890698555613
            ],
            [
              80.52038669586182,
              19.100201303097087
            ],
            [
              80.51862716674805,
              19.09971466927929
            ],
            [
              80.51708221435547,
              19.098781950461426
            ],
            [
              80.51579475402832,
              19.0976059061974
            ],
            [
              80.5136489868164,
              19.096592068227107
            ],
            [
              80.51206111907959,
              19.096024316250755
            ],
            [
              80.5101728439331,
              19.09553767014937
            ],
            [
              80.50888538360596,
              19.095456562326685
            ],
            [
              80.5078125,
              19.095983762463632
            ],
            [
              80.50704002380371,
              19.096389299887722
            ],
            [
              80.50601005554199,
              19.096997604160567
            ],
            [
              80.50437927246094,
              19.097646459587025
            ],
            [
              80.50437927246094,
              19.097650728085565
            ],
            [
              80.50352096557617,
              19.0979708863462
            ],
            [
              80.50223350524902,
              19.098254759238724
            ],
            [
              80.49935817718506,
              19.098295312469332
            ],
            [
              80.49789905548096,
              19.098619737956408
            ],
            [
              80.49613952636719,
              19.098335865690004
            ],
            [
              80.4944658279419,
              19.098173652747697
            ],
            [
              80.49442291259766,
              19.099390245938967
            ],
            [
              80.49476623535156,
              19.105756937731478
            ],
            [
              80.49463748931885,
              19.10782504603241
            ],
            [
              80.49498081207275,
              19.109730926863044
            ],
            [
              80.49601078033447,
              19.11301547844899
            ],
            [
              80.4964828491211,
              19.114880750301335
            ],
            [
              80.49656867980957,
              19.11536733949744
            ],
            [
              80.49652576446533,
              19.11698929314056
            ],
            [
              80.49210548400879,
              19.119462741805403
            ],
            [
              80.49034595489502,
              19.120881916950406
            ],
            [
              80.48901557922363,
              19.122625458302277
            ],
            [
              80.48781394958496,
              19.123639136678122
            ],
            [
              80.48764228820801,
              19.123760777665346
            ],
            [
              80.48459529876709,
              19.124450074901517
            ],
            [
              80.48313617706299,
              19.1258692072156
            ],
            [
              80.48116207122803,
              19.128180339465068
            ],
            [
              80.47931671142578,
              19.12789651794781
            ],
            [
              80.47785758972168,
              19.127491057791584
            ],
            [
              80.47468185424805,
              19.127004504290547
            ],
            [
              80.47335147857666,
              19.125585381727912
            ],
            [
              80.47176361083984,
              19.123760777665346
            ],
            [
              80.46931743621826,
              19.121692868704592
            ],
            [
              80.46760082244873,
              19.12007096121689
            ],
            [
              80.46575546264648,
              19.118530134360668
            ],
            [
              80.46326637268066,
              19.11459690594221
            ],
            [
              80.4621934890747,
              19.11484020113701
            ],
            [
              80.46180725097656,
              19.115002397734628
            ],
            [
              80.45910358428955,
              19.114961848600142
            ],
            [
              80.4567003250122,
              19.114191413155247
            ],
            [
              80.45528411865234,
              19.114029215761988
            ],
            [
              80.45365333557129,
              19.114029215761988
            ],
            [
              80.45365333557129,
              19.113948117005688
            ],
            [
              80.45137882232666,
              19.113948117005688
            ],
            [
              80.4490613937378,
              19.114637455166214
            ],
            [
              80.4470443725586,
              19.11504294685917
            ],
            [
              80.4444694519043,
              19.11678654980547
            ],
            [
              80.44206619262695,
              19.118773423766612
            ],
            [
              80.43914794921875,
              19.119665481857925
            ],
            [
              80.43794631958008,
              19.121044107619593
            ],
            [
              80.43725967407227,
              19.122260532564745
            ],
            [
              80.43683052062988,
              19.125098822614675
            ],
            [
              80.43700218200684,
              19.127328873450452
            ],
            [
              80.43700218200684,
              19.130775256440714
            ],
            [
              80.43635845184326,
              19.130856346939357
            ],
            [
              80.43618679046631,
              19.131018527817197
            ],
            [
              80.43610095977783,
              19.131261798835375
            ],
            [
              80.43601512908936,
              19.132072699641512
            ],
            [
              80.43562889099121,
              19.132518693387876
            ],
            [
              80.43541431427002,
              19.1332484987386
            ],
            [
              80.4349422454834,
              19.1335323110596
            ],
            [
              80.43477058410645,
              19.13389721189849
            ],
            [
              80.4343843460083,
              19.135478439549846
            ],
            [
              80.43429851531982,
              19.136208231820664
            ],
            [
              80.43455600738525,
              19.136573126746544
            ],
            [
              80.43498516082764,
              19.13669475820931
            ],
            [
              80.4352855682373,
              19.136573126746544
            ],
            [
              80.43537139892578,
              19.13673530201032
            ],
            [
              80.43558597564697,
              19.136775845801377
            ],
            [
              80.43592929840088,
              19.13673530201032
            ],
            [
              80.44142246246338,
              19.13726237051753
            ],
            [
              80.4439115524292,
              19.137424545104334
            ],
            [
              80.44399738311768,
              19.13734345783084
            ],
            [
              80.44408321380615,
              19.137424545104334
            ],
            [
              80.44854640960693,
              19.137708350247955
            ],
            [
              80.45133590698242,
              19.13774889380008
            ],
            [
              80.45279502868652,
              19.137992154903746
            ],
            [
              80.452880859375,
              19.138073241858653
            ],
            [
              80.45300960540771,
              19.13803269838618
            ],
            [
              80.45674324035645,
              19.139167911852134
            ],
            [
              80.45987606048584,
              19.14046528911222
            ],
            [
              80.46206474304199,
              19.141559943244737
            ],
            [
              80.4658842086792,
              19.143100555281872
            ],
            [
              80.47077655792236,
              19.144884403886692
            ],
            [
              80.47562599182129,
              19.14233025106068
            ],
            [
              80.47619459237671,
              19.141945115054117
            ],
            [
              80.47622680664062,
              19.141924826342485
            ],
            [
              80.47622454588017,
              19.141924826342485
            ],
            [
              80.47790050506592,
              19.140789631834153
            ],
            [
              80.48021793365479,
              19.139411170865017
            ],
            [
              80.48219203948975,
              19.138073241858653
            ],
            [
              80.48511028289795,
              19.137059652060014
            ],
            [
              80.486741065979,
              19.136775845801377
            ],
            [
              80.48858642578125,
              19.137019108338652
            ],
            [
              80.49124717712402,
              19.137221826845934
            ],
            [
              80.49352169036865,
              19.13673530201032
            ],
            [
              80.4964828491211,
              19.13560007181897
            ],
            [
              80.49927234649658,
              19.134829732601418
            ],
            [
              80.5012035369873,
              19.134667555466127
            ],
            [
              80.50519466400146,
              19.134018845332278
            ],
            [
              80.50631046295166,
              19.133329588022942
            ]
          ]
        ]
      }
    },
    {
      "type": "Feature",
      "properties": {
        "v_name": "Chhotekakler",
        "v_code": "450705",
        "d_name": "Bijapur",
        "d_code": "636",
        "b_name": "Bhopalpattnam",
        "b_code": "3376",
        "gp_name": "Badekakled",
        "gp_code": "226360028",
        "s_name": "Chhattisgarh",
        "s_code": "22",
        "centroid": [
          19.106088,
          80.473957
        ],
        "excel_area_ha": 1505.0,
        "excel_name": "Chhotekaker",
        "geojson_area_ha": 1509.27
      },
      "geometry": {
        "type": "Polygon",
        "coordinates": [
          [
            [
              80.48116207122803,
              19.128180339465068
            ],
            [
              80.48313617706299,
              19.1258692072156
            ],
            [
              80.48459529876709,
              19.124450074901517
            ],
            [
              80.48764228820801,
              19.123760777665346
            ],
            [
              80.48781394958496,
              19.123639136678122
            ],
            [
              80.48901557922363,
              19.122625458302277
            ],
            [
              80.49034595489502,
              19.120881916950406
            ],
            [
              80.49210548400879,
              19.119462741805403
            ],
            [
              80.49652576446533,
              19.11698929314056
            ],
            [
              80.49656867980957,
              19.11536733949744
            ],
            [
              80.4964828491211,
              19.114880750301335
            ],
            [
              80.49601078033447,
              19.11301547844899
            ],
            [
              80.49498081207275,
              19.109730926863044
            ],
            [
              80.49463748931885,
              19.10782504603241
            ],
            [
              80.49476623535156,
              19.105756937731478
            ],
            [
              80.49442291259766,
              19.099390245938967
            ],
            [
              80.49450874328613,
              19.09813309948727
            ],
            [
              80.49360752105713,
              19.097281478722685
            ],
            [
              80.49116134643555,
              19.096227085037334
            ],
            [
              80.48983097076416,
              19.095497116242992
            ],
            [
              80.48845767974854,
              19.094848252389564
            ],
            [
              80.48738479614258,
              19.094523819508908
            ],
            [
              80.48498153686523,
              19.09423994021666
            ],
            [
              80.48214912414551,
              19.09322608162688
            ],
            [
              80.4797887802124,
              19.090914460821896
            ],
            [
              80.47871589660645,
              19.090103358152394
            ],
            [
              80.4777717590332,
              19.089576139286205
            ],
            [
              80.47755718231201,
              19.088278362616656
            ],
            [
              80.47747135162354,
              19.08823780693182
            ],
            [
              80.47584056854248,
              19.086210010024594
            ],
            [
              80.47601222991943,
              19.085601666109966
            ],
            [
              80.47601222991943,
              19.084871650462386
            ],
            [
              80.47536849975586,
              19.085196102258617
            ],
            [
              80.47412395477295,
              19.085277215108345
            ],
            [
              80.47236442565918,
              19.085277215108345
            ],
            [
              80.47150611877441,
              19.085358327918346
            ],
            [
              80.47056198120117,
              19.085317771518312
            ],
            [
              80.46987533569336,
              19.08543944068862
            ],
            [
              80.46944618225098,
              19.08564222244047
            ],
            [
              80.46918869018555,
              19.085966672726933
            ],
            [
              80.46867370605469,
              19.087305023438844
            ],
            [
              80.46772956848145,
              19.08831891829156
            ],
            [
              80.46687126159668,
              19.089413917758833
            ],
            [
              80.4664421081543,
              19.090103358152394
            ],
            [
              80.46584129333496,
              19.090711685527083
            ],
            [
              80.46541213989258,
              19.090955015851055
            ],
            [
              80.46463966369629,
              19.09119834581736
            ],
            [
              80.46373844146729,
              19.09132001066639
            ],
            [
              80.46154975891113,
              19.09119834581736
            ],
            [
              80.4572582244873,
              19.092212216827026
            ],
            [
              80.45614242553711,
              19.092374435612307
            ],
            [
              80.45519828796387,
              19.092293326239535
            ],
            [
              80.45485496520996,
              19.092212216827026
            ],
            [
              80.45459747314453,
              19.092009443121867
            ],
            [
              80.45442581176758,
              19.09156334009619
            ],
            [
              80.453782081604,
              19.091603894966386
            ],
            [
              80.45219421386719,
              19.091847223978895
            ],
            [
              80.44846057891846,
              19.09196888835103
            ],
            [
              80.4477310180664,
              19.094523819508908
            ],
            [
              80.4497480392456,
              19.0979708863462
            ],
            [
              80.4508638381958,
              19.100039091983515
            ],
            [
              80.45129299163818,
              19.101134013913978
            ],
            [
              80.45172214508057,
              19.102472241988725
            ],
            [
              80.45215129852295,
              19.10470259805768
            ],
            [
              80.45279502868652,
              19.10713567947205
            ],
            [
              80.45395374298096,
              19.108473858993793
            ],
            [
              80.45408248901367,
              19.11005532992331
            ],
            [
              80.45365333557129,
              19.114029215761988
            ],
            [
              80.45528411865234,
              19.114029215761988
            ],
            [
              80.45682907104492,
              19.114191413155247
            ],
            [
              80.45910358428955,
              19.114961848600142
            ],
            [
              80.46180725097656,
              19.115002397734628
            ],
            [
              80.4621934890747,
              19.11484020113701
            ],
            [
              80.46326637268066,
              19.11459690594221
            ],
            [
              80.46575546264648,
              19.118530134360668
            ],
            [
              80.46760082244873,
              19.12007096121689
            ],
            [
              80.46931743621826,
              19.121692868704592
            ],
            [
              80.47176361083984,
              19.123760777665346
            ],
            [
              80.47335147857666,
              19.125585381727912
            ],
            [
              80.47468185424805,
              19.127004504290547
            ],
            [
              80.47785758972168,
              19.127491057791584
            ],
            [
              80.47931671142578,
              19.12789651794781
            ],
            [
              80.48116207122803,
              19.128180339465068
            ]
          ]
        ]
      }
    },
    {
      "type": "Feature",
      "properties": {
        "v_name": "Phulgundam",
        "v_code": "450706",
        "d_name": "Bijapur",
        "d_code": "636",
        "b_name": "Bhopalpattnam",
        "b_code": "3376",
        "gp_name": "Badekakled",
        "gp_code": "226360028",
        "s_name": "Chhattisgarh",
        "s_code": "22",
        "centroid": [
          19.086539,
          80.500453
        ],
        "excel_area_ha": 1105.0,
        "excel_name": "Phulgundam",
        "geojson_area_ha": 1091.32
      },
      "geometry": {
        "type": "Polygon",
        "coordinates": [
          [
            [
              80.49935817718506,
              19.098295312469332
            ],
            [
              80.50223350524902,
              19.098254759238724
            ],
            [
              80.50352096557617,
              19.0979708863462
            ],
            [
              80.50515174865723,
              19.09736258565099
            ],
            [
              80.50601005554199,
              19.096997604160567
            ],
            [
              80.50704002380371,
              19.096389299887722
            ],
            [
              80.5078125,
              19.095983762463632
            ],
            [
              80.50888538360596,
              19.095456562326685
            ],
            [
              80.5101728439331,
              19.09553767014937
            ],
            [
              80.51124572753906,
              19.09582154721575
            ],
            [
              80.51124572753906,
              19.095814173616066
            ],
            [
              80.51206111907959,
              19.096024316250755
            ],
            [
              80.5136489868164,
              19.096592068227107
            ],
            [
              80.51579475402832,
              19.0976059061974
            ],
            [
              80.51708221435547,
              19.098781950461426
            ],
            [
              80.51862716674805,
              19.09971466927929
            ],
            [
              80.52038669586182,
              19.100201303097087
            ],
            [
              80.52218914031982,
              19.100890698555613
            ],
            [
              80.52330493927002,
              19.102188376331952
            ],
            [
              80.52467823028564,
              19.10324273203043
            ],
            [
              80.52510738372803,
              19.102796659285765
            ],
            [
              80.52635192871094,
              19.101215118953917
            ],
            [
              80.52703857421875,
              19.100566277521185
            ],
            [
              80.52896976470947,
              19.099025268920787
            ],
            [
              80.53064346313477,
              19.09813309948727
            ],
            [
              80.53030014038086,
              19.096186531299896
            ],
            [
              80.53038597106934,
              19.094929360510363
            ],
            [
              80.5286693572998,
              19.09355051705128
            ],
            [
              80.52660942077637,
              19.093104418178786
            ],
            [
              80.5254077911377,
              19.093185527154123
            ],
            [
              80.52321910858154,
              19.093793843202256
            ],
            [
              80.52214622497559,
              19.093591071434616
            ],
            [
              80.52017211914062,
              19.09277998188001
            ],
            [
              80.51922798156738,
              19.09213110737477
            ],
            [
              80.51849842071533,
              19.091360565596194
            ],
            [
              80.51811218261719,
              19.090955015851055
            ],
            [
              80.51665306091309,
              19.08868391891865
            ],
            [
              80.51592350006104,
              19.087142799686262
            ],
            [
              80.51536560058594,
              19.083573836920795
            ],
            [
              80.51527976989746,
              19.082762698292683
            ],
            [
              80.51536560058594,
              19.082600470090348
            ],
            [
              80.51455020904541,
              19.080532046582064
            ],
            [
              80.51373481750488,
              19.078179690417652
            ],
            [
              80.51249027252197,
              19.074083266335542
            ],
            [
              80.51197528839111,
              19.07262313029888
            ],
            [
              80.51055908203125,
              19.07266368980696
            ],
            [
              80.51021575927734,
              19.072744808793335
            ],
            [
              80.50909996032715,
              19.07315040312959
            ],
            [
              80.5078125,
              19.073190962508615
            ],
            [
              80.50528049468994,
              19.073312640586128
            ],
            [
              80.50437927246094,
              19.07339375925483
            ],
            [
              80.50279140472412,
              19.073880470433156
            ],
            [
              80.50090312957764,
              19.074813329529064
            ],
            [
              80.49845695495605,
              19.07424550287875
            ],
            [
              80.49463748931885,
              19.07400214800437
            ],
            [
              80.49184799194336,
              19.073677674282585
            ],
            [
              80.49004554748535,
              19.073353199925446
            ],
            [
              80.48858642578125,
              19.07258257078087
            ],
            [
              80.48755645751953,
              19.071244101117724
            ],
            [
              80.486741065979,
              19.069865060461606
            ],
            [
              80.48601150512695,
              19.070635702242736
            ],
            [
              80.48558235168457,
              19.071284660963315
            ],
            [
              80.4847240447998,
              19.072258094279455
            ],
            [
              80.48377990722656,
              19.073231521877712
            ],
            [
              80.48322200775146,
              19.073677674282585
            ],
            [
              80.48184871673584,
              19.077409083720884
            ],
            [
              80.48184871673584,
              19.077652433591318
            ],
            [
              80.4812479019165,
              19.078220248565554
            ],
            [
              80.48030376434326,
              19.0788691775816
            ],
            [
              80.47940254211426,
              19.079639777486488
            ],
            [
              80.47884464263916,
              19.08036981619491
            ],
            [
              80.47811508178711,
              19.081180966541798
            ],
            [
              80.47755718231201,
              19.082032670130808
            ],
            [
              80.47729969024658,
              19.082803255318442
            ],
            [
              80.4765272140503,
              19.084425528204633
            ],
            [
              80.47601222991943,
              19.084871650462386
            ],
            [
              80.47601222991943,
              19.085601666109966
            ],
            [
              80.47584056854248,
              19.086210010024594
            ],
            [
              80.47747135162354,
              19.08823780693182
            ],
            [
              80.47755718231201,
              19.088278362616656
            ],
            [
              80.4777717590332,
              19.089576139286205
            ],
            [
              80.47871589660645,
              19.090103358152394
            ],
            [
              80.4797887802124,
              19.090914460821896
            ],
            [
              80.48214912414551,
              19.09322608162688
            ],
            [
              80.48498153686523,
              19.09423994021666
            ],
            [
              80.48738479614258,
              19.094523819508908
            ],
            [
              80.48845767974854,
              19.094848252389564
            ],
            [
              80.48983097076416,
              19.095497116242992
            ],
            [
              80.49116134643555,
              19.096227085037334
            ],
            [
              80.49360752105713,
              19.097281478722685
            ],
            [
              80.49412250518799,
              19.09772756633645
            ],
            [
              80.49450874328613,
              19.098173652747697
            ],
            [
              80.49613952636719,
              19.098335865690004
            ],
            [
              80.49789905548096,
              19.098619737956408
            ],
            [
              80.49935817718506,
              19.098295312469332
            ]
          ]
        ]
      }
    },
    {
      "type": "Feature",
      "properties": {
        "v_name": "Bade Kakler",
        "v_code": "450707",
        "d_name": "Bijapur",
        "d_code": "636",
        "b_name": "Bhopalpattnam",
        "b_code": "3376",
        "gp_name": "Badekakled",
        "gp_code": "226360028",
        "s_name": "Chhattisgarh",
        "s_code": "22",
        "centroid": [
          19.073281,
          80.469439
        ],
        "excel_area_ha": 952.0,
        "excel_name": "Baade Kakler",
        "geojson_area_ha": 948.15
      },
      "geometry": {
        "type": "Polygon",
        "coordinates": [
          [
            [
              80.45614242553711,
              19.092374435612307
            ],
            [
              80.4572582244873,
              19.092212216827026
            ],
            [
              80.46154975891113,
              19.09119834581736
            ],
            [
              80.46373844146729,
              19.09132001066639
            ],
            [
              80.46463966369629,
              19.09119834581736
            ],
            [
              80.46541213989258,
              19.090955015851055
            ],
            [
              80.46584129333496,
              19.090711685527083
            ],
            [
              80.4664421081543,
              19.090103358152394
            ],
            [
              80.46687126159668,
              19.089413917758833
            ],
            [
              80.46772956848145,
              19.08831891829156
            ],
            [
              80.46867370605469,
              19.087305023438844
            ],
            [
              80.46918869018555,
              19.085966672726933
            ],
            [
              80.46944618225098,
              19.08564222244047
            ],
            [
              80.46987533569336,
              19.08543944068862
            ],
            [
              80.47056198120117,
              19.085317771518312
            ],
            [
              80.47150611877441,
              19.085358327918346
            ],
            [
              80.47236442565918,
              19.085277215108345
            ],
            [
              80.47412395477295,
              19.085277215108345
            ],
            [
              80.47536849975586,
              19.085196102258617
            ],
            [
              80.47601222991943,
              19.084871650462386
            ],
            [
              80.4765272140503,
              19.084425528204633
            ],
            [
              80.47729969024658,
              19.082803255318442
            ],
            [
              80.47755718231201,
              19.082032670130808
            ],
            [
              80.47811508178711,
              19.081180966541798
            ],
            [
              80.47884464263916,
              19.08036981619491
            ],
            [
              80.47940254211426,
              19.079639777486488
            ],
            [
              80.48030376434326,
              19.0788691775816
            ],
            [
              80.4812479019165,
              19.078220248565554
            ],
            [
              80.48184871673584,
              19.077652433591318
            ],
            [
              80.48184871673584,
              19.077409083720884
            ],
            [
              80.48322200775146,
              19.073677674282585
            ],
            [
              80.48377990722656,
              19.073231521877712
            ],
            [
              80.4847240447998,
              19.072258094279455
            ],
            [
              80.48558235168457,
              19.071284660963315
            ],
            [
              80.48601150512695,
              19.070635702242736
            ],
            [
              80.486741065979,
              19.069865060461606
            ],
            [
              80.48635482788086,
              19.069216096182473
            ],
            [
              80.48592567443848,
              19.068323766149803
            ],
            [
              80.4861831665039,
              19.067188066433364
            ],
            [
              80.48605442047119,
              19.067066383859384
            ],
            [
              80.4861831665039,
              19.066741896558764
            ],
            [
              80.48631191253662,
              19.066255164416898
            ],
            [
              80.48661231994629,
              19.06426766000617
            ],
            [
              80.48626899719238,
              19.063862043933664
            ],
            [
              80.48601150512695,
              19.063253617964314
            ],
            [
              80.48596858978271,
              19.062766875581325
            ],
            [
              80.48626899719238,
              19.062158445593237
            ],
            [
              80.48648357391357,
              19.061550013372603
            ],
            [
              80.48652648925781,
              19.061022703642227
            ],
            [
              80.48614025115967,
              19.06033314223395
            ],
            [
              80.4861831665039,
              19.059278513357487
            ],
            [
              80.48652648925781,
              19.05822387777432
            ],
            [
              80.48635482788086,
              19.057737120627845
            ],
            [
              80.48583984375,
              19.05745317829936
            ],
            [
              80.48515319824219,
              19.057331488581198
            ],
            [
              80.48399448394775,
              19.057290925321976
            ],
            [
              80.48330783843994,
              19.057169235484768
            ],
            [
              80.48283576965332,
              19.056763602049287
            ],
            [
              80.48274993896484,
              19.05652022151183
            ],
            [
              80.47897338867188,
              19.056885292184088
            ],
            [
              80.46742916107178,
              19.057737120627845
            ],
            [
              80.46712875366211,
              19.05822387777432
            ],
            [
              80.46618461608887,
              19.059197387781502
            ],
            [
              80.46463966369629,
              19.060535954710506
            ],
            [
              80.46391010284424,
              19.060819891760975
            ],
            [
              80.46300888061523,
              19.06122551527543
            ],
            [
              80.4598331451416,
              19.063172494333045
            ],
            [
              80.45588493347168,
              19.07302872493295
            ],
            [
              80.45464038848877,
              19.076030094370054
            ],
            [
              80.45494079589844,
              19.08174876942109
            ],
            [
              80.45309543609619,
              19.084871650462386
            ],
            [
              80.45206546783447,
              19.0868589077368
            ],
            [
              80.45283794403076,
              19.08706168775037
            ],
            [
              80.45348167419434,
              19.089373362352156
            ],
            [
              80.45459747314453,
              19.092009443121867
            ],
            [
              80.45485496520996,
              19.092212216827026
            ],
            [
              80.45519828796387,
              19.092293326239535
            ],
            [
              80.45614242553711,
              19.092374435612307
            ]
          ]
        ]
      }
    },
    {
      "type": "Feature",
      "properties": {
        "v_name": "Tekameta",
        "v_code": "450708",
        "d_name": "Bijapur",
        "d_code": "636",
        "b_name": "Bhopalpattnam",
        "b_code": "3376",
        "gp_name": "Badekakled",
        "gp_code": "226360028",
        "s_name": "Chhattisgarh",
        "s_code": "22",
        "centroid": [
          19.107588,
          80.437275
        ],
        "excel_area_ha": 813.0,
        "excel_name": "Tekmeta",
        "geojson_area_ha": 823.26
      },
      "geometry": {
        "type": "Polygon",
        "coordinates": [
          [
            [
              80.42404174804688,
              19.123274213179165
            ],
            [
              80.42537212371826,
              19.123030930398812
            ],
            [
              80.42695999145508,
              19.122341627242726
            ],
            [
              80.4297924041748,
              19.12189560602135
            ],
            [
              80.43339729309082,
              19.12161177370825
            ],
            [
              80.4367446899414,
              19.12157122619515
            ],
            [
              80.43794631958008,
              19.121044107619593
            ],
            [
              80.43914794921875,
              19.119665481857925
            ],
            [
              80.44206619262695,
              19.118773423766612
            ],
            [
              80.4444694519043,
              19.11678654980547
            ],
            [
              80.4470443725586,
              19.11504294685917
            ],
            [
              80.4490613937378,
              19.114637455166214
            ],
            [
              80.45137882232666,
              19.113948117005688
            ],
            [
              80.45365333557129,
              19.113948117005688
            ],
            [
              80.45408248901367,
              19.11005532992331
            ],
            [
              80.45395374298096,
              19.108473858993793
            ],
            [
              80.45279502868652,
              19.10713567947205
            ],
            [
              80.45215129852295,
              19.10470259805768
            ],
            [
              80.45172214508057,
              19.102472241988725
            ],
            [
              80.45129299163818,
              19.101134013913978
            ],
            [
              80.4508638381958,
              19.100039091983515
            ],
            [
              80.4497480392456,
              19.0979708863462
            ],
            [
              80.4477310180664,
              19.094523819508908
            ],
            [
              80.44494152069092,
              19.093185527154123
            ],
            [
              80.44060707092285,
              19.092820536452134
            ],
            [
              80.43863296508789,
              19.09273942729795
            ],
            [
              80.43481349945068,
              19.092496099596946
            ],
            [
              80.43459892272949,
              19.092293326239535
            ],
            [
              80.43352603912354,
              19.092861091014317
            ],
            [
              80.43159484863281,
              19.092617763492157
            ],
            [
              80.43077945709229,
              19.09277998188001
            ],
            [
              80.4297924041748,
              19.093793843202256
            ],
            [
              80.42949199676514,
              19.09407772325962
            ],
            [
              80.4292345046997,
              19.094888806454932
            ],
            [
              80.42901992797852,
              19.095213238620136
            ],
            [
              80.42837619781494,
              19.0966731754933
            ],
            [
              80.42773246765137,
              19.09845752529238
            ],
            [
              80.42644500732422,
              19.099795775014982
            ],
            [
              80.4259729385376,
              19.100647382839426
            ],
            [
              80.42584419250488,
              19.101336776439275
            ],
            [
              80.4259729385376,
              19.10320218001244
            ],
            [
              80.42584419250488,
              19.10522976873463
            ],
            [
              80.42554378509521,
              19.10612189989892
            ],
            [
              80.4254150390625,
              19.106730168388452
            ],
            [
              80.42481422424316,
              19.108108902016216
            ],
            [
              80.42455673217773,
              19.109284871616087
            ],
            [
              80.4237413406372,
              19.109852578085217
            ],
            [
              80.42318344116211,
              19.110379732347187
            ],
            [
              80.4224967956543,
              19.111231285681995
            ],
            [
              80.42236804962158,
              19.111555685798894
            ],
            [
              80.42219638824463,
              19.112731630887517
            ],
            [
              80.42223930358887,
              19.11289382955374
            ],
            [
              80.42245388031006,
              19.113380424597715
            ],
            [
              80.42344093322754,
              19.114718553584368
            ],
            [
              80.4237413406372,
              19.115286241397545
            ],
            [
              80.42417049407959,
              19.11646215995212
            ],
            [
              80.42421340942383,
              19.116624354958365
            ],
            [
              80.4237413406372,
              19.11800300608596
            ],
            [
              80.42361259460449,
              19.11824629626779
            ],
            [
              80.42189598083496,
              19.11938164571476
            ],
            [
              80.41979312896729,
              19.122422721880916
            ],
            [
              80.42189598083496,
              19.12278764726028
            ],
            [
              80.42404174804688,
              19.123274213179165
            ]
          ]
        ]
      }
    },
    {
      "type": "Feature",
      "properties": {
        "v_name": "Marwada",
        "v_code": "450716",
        "d_name": "Bijapur",
        "d_code": "636",
        "b_name": "Bhopalpattnam",
        "b_code": "3376",
        "gp_name": "Badekakled",
        "gp_code": "226360028",
        "s_name": "Chhattisgarh",
        "s_code": "22",
        "centroid": [
          19.027667,
          80.460715
        ],
        "excel_area_ha": 568.0,
        "excel_name": "Marwada",
        "geojson_area_ha": 558.9
      },
      "geometry": {
        "type": "Polygon",
        "coordinates": [
          [
            [
              80.44489860534668,
              19.04560829389358
            ],
            [
              80.44987678527832,
              19.045121499733877
            ],
            [
              80.45270919799805,
              19.044026207654397
            ],
            [
              80.45365333557129,
              19.043945074620243
            ],
            [
              80.45571327209473,
              19.043093175367364
            ],
            [
              80.4557991027832,
              19.043052608627217
            ],
            [
              80.45700073242188,
              19.041308229422583
            ],
            [
              80.45858860015869,
              19.04017234473782
            ],
            [
              80.45979022979736,
              19.039847804829016
            ],
            [
              80.46159267425537,
              19.03895531680867
            ],
            [
              80.4635238647461,
              19.03733259902615
            ],
            [
              80.46558380126953,
              19.035831570958415
            ],
            [
              80.4679012298584,
              19.033438011648236
            ],
            [
              80.46888828277588,
              19.032586058484643
            ],
            [
              80.46961784362793,
              19.031734100951017
            ],
            [
              80.47008991241455,
              19.030273592155407
            ],
            [
              80.47039031982422,
              19.028529078709166
            ],
            [
              80.47064781188965,
              19.027758241350757
            ],
            [
              80.47099113464355,
              19.025851417782516
            ],
            [
              80.47051906585693,
              19.02183484548366
            ],
            [
              80.46974658966064,
              19.019075931503547
            ],
            [
              80.46974658966064,
              19.01798046766295
            ],
            [
              80.47013282775879,
              19.013030504010395
            ],
            [
              80.47030448913574,
              19.012503040178625
            ],
            [
              80.47056198120117,
              19.011042362373917
            ],
            [
              80.47090530395508,
              19.009419371987615
            ],
            [
              80.47120571136475,
              19.008567295694338
            ],
            [
              80.4717206954956,
              19.007593488870985
            ],
            [
              80.47210693359375,
              19.007025432257723
            ],
            [
              80.47232151031494,
              19.00613276794584
            ],
            [
              80.47270774841309,
              19.005158946869358
            ],
            [
              80.47257900238037,
              19.004550305801594
            ],
            [
              80.47257900238037,
              19.002967828604042
            ],
            [
              80.47275066375732,
              19.002196872721548
            ],
            [
              80.47013282775879,
              19.003211287614196
            ],
            [
              80.46674251556396,
              19.004590881942057
            ],
            [
              80.46661376953125,
              19.004712610304068
            ],
            [
              80.46631336212158,
              19.005524130441117
            ],
            [
              80.4658842086792,
              19.006173343700304
            ],
            [
              80.46489715576172,
              19.00937879702502
            ],
            [
              80.46416759490967,
              19.01055546692115
            ],
            [
              80.46322345733643,
              19.012584188569342
            ],
            [
              80.46245098114014,
              19.01396370515229
            ],
            [
              80.46159267425537,
              19.015911238489654
            ],
            [
              80.46116352081299,
              19.017534165510014
            ],
            [
              80.46103477478027,
              19.017696457340634
            ],
            [
              80.46009063720703,
              19.021510269745356
            ],
            [
              80.45974731445312,
              19.022118848734692
            ],
            [
              80.45910358428955,
              19.02386342948602
            ],
            [
              80.45824527740479,
              19.025689133915165
            ],
            [
              80.45730113983154,
              19.02678454694381
            ],
            [
              80.45549869537354,
              19.02808280488496
            ],
            [
              80.45335292816162,
              19.029908462950026
            ],
            [
              80.451979637146,
              19.030638720558205
            ],
            [
              80.45000553131104,
              19.033194596904572
            ],
            [
              80.44910430908203,
              19.03412768481793
            ],
            [
              80.4488468170166,
              19.03469564880719
            ],
            [
              80.44867515563965,
              19.034898492618336
            ],
            [
              80.44700145721436,
              19.038387367388744
            ],
            [
              80.44579982757568,
              19.039888372352312
            ],
            [
              80.44292449951172,
              19.04260637383131
            ],
            [
              80.44292449951172,
              19.043742241861363
            ],
            [
              80.44489860534668,
              19.04560829389358
            ]
          ]
        ]
      }
    },
    {
      "type": "Feature",
      "properties": {
        "v_name": "Annapur",
        "v_code": "450717",
        "d_name": "Bijapur",
        "d_code": "636",
        "b_name": "Bhopalpattnam",
        "b_code": "3376",
        "gp_name": "Badekakled",
        "gp_code": "226360028",
        "s_name": "Chhattisgarh",
        "s_code": "22",
        "centroid": [
          19.065305,
          80.443891
        ],
        "excel_area_ha": 1642.0,
        "excel_name": "Annapur",
        "geojson_area_ha": 1644.1
      },
      "geometry": {
        "type": "Polygon",
        "coordinates": [
          [
            [
              80.4477310180664,
              19.094523819508908
            ],
            [
              80.44846057891846,
              19.09196888835103
            ],
            [
              80.45219421386719,
              19.091847223978895
            ],
            [
              80.453782081604,
              19.091603894966386
            ],
            [
              80.45442581176758,
              19.09156334009619
            ],
            [
              80.45348167419434,
              19.089373362352156
            ],
            [
              80.45283794403076,
              19.08706168775037
            ],
            [
              80.45206546783447,
              19.0868589077368
            ],
            [
              80.45309543609619,
              19.084871650462386
            ],
            [
              80.45494079589844,
              19.08174876942109
            ],
            [
              80.45464038848877,
              19.07594897699198
            ],
            [
              80.45588493347168,
              19.07302872493295
            ],
            [
              80.4598331451416,
              19.063172494333045
            ],
            [
              80.46300888061523,
              19.06122551527543
            ],
            [
              80.46391010284424,
              19.060819891760975
            ],
            [
              80.46463966369629,
              19.060535954710506
            ],
            [
              80.46618461608887,
              19.059197387781502
            ],
            [
              80.46712875366211,
              19.05822387777432
            ],
            [
              80.46747207641602,
              19.057615431118016
            ],
            [
              80.46618461608887,
              19.054775983876315
            ],
            [
              80.46403884887695,
              19.053072292201012
            ],
            [
              80.46279430389404,
              19.051814794265525
            ],
            [
              80.46103477478027,
              19.049421465411665
            ],
            [
              80.45880317687988,
              19.04682527304624
            ],
            [
              80.4557991027832,
              19.043052608627217
            ],
            [
              80.45365333557129,
              19.043945074620243
            ],
            [
              80.45270919799805,
              19.044026207654397
            ],
            [
              80.44987678527832,
              19.045121499733877
            ],
            [
              80.44489860534668,
              19.04560829389358
            ],
            [
              80.44292449951172,
              19.043742241861363
            ],
            [
              80.44288158416748,
              19.04260637383131
            ],
            [
              80.44240951538086,
              19.0428903415675
            ],
            [
              80.44095039367676,
              19.043458275582537
            ],
            [
              80.43944835662842,
              19.043661108688415
            ],
            [
              80.43828964233398,
              19.043661108688415
            ],
            [
              80.43532848358154,
              19.043863941546437
            ],
            [
              80.43069362640381,
              19.04455357140972
            ],
            [
              80.43009281158447,
              19.04451300502648
            ],
            [
              80.42700290679932,
              19.04532433080727
            ],
            [
              80.42584419250488,
              19.04593282254017
            ],
            [
              80.42468547821045,
              19.047393193596818
            ],
            [
              80.42356967926025,
              19.049015813031986
            ],
            [
              80.4233980178833,
              19.049421465411665
            ],
            [
              80.42335510253906,
              19.04986768188392
            ],
            [
              80.42511463165283,
              19.053802447918596
            ],
            [
              80.42511463165283,
              19.054492036478827
            ],
            [
              80.4242992401123,
              19.05461372828012
            ],
            [
              80.42700290679932,
              19.058710633492215
            ],
            [
              80.42773246765137,
              19.059035136510477
            ],
            [
              80.4270887374878,
              19.061550013372603
            ],
            [
              80.42580127716064,
              19.062685751711907
            ],
            [
              80.42618751525879,
              19.064145975288614
            ],
            [
              80.42593002319336,
              19.064794959416883
            ],
            [
              80.42627334594727,
              19.06528169584593
            ],
            [
              80.42678833007812,
              19.066457969649687
            ],
            [
              80.42751789093018,
              19.067431431313356
            ],
            [
              80.42824745178223,
              19.06775591726422
            ],
            [
              80.42957782745361,
              19.069459458084918
            ],
            [
              80.43013572692871,
              19.070067861277735
            ],
            [
              80.43082237243652,
              19.070473462165545
            ],
            [
              80.43163776397705,
              19.07059514223833
            ],
            [
              80.43241024017334,
              19.071446900246404
            ],
            [
              80.43309688568115,
              19.072501451715084
            ],
            [
              80.43408393859863,
              19.073718233532556
            ],
            [
              80.43434143066406,
              19.07456997548863
            ],
            [
              80.43399810791016,
              19.075340595390568
            ],
            [
              80.4349422454834,
              19.076314004880555
            ],
            [
              80.4352855682373,
              19.077855224876956
            ],
            [
              80.43507099151611,
              19.07826080670353
            ],
            [
              80.43567180633545,
              19.0787069455659
            ],
            [
              80.43575763702393,
              19.07931531480556
            ],
            [
              80.43558597564697,
              19.07988312408012
            ],
            [
              80.43515682220459,
              19.080329258573293
            ],
            [
              80.43489933013916,
              19.081180966541798
            ],
            [
              80.43434143066406,
              19.081627097539393
            ],
            [
              80.43416976928711,
              19.082276013208965
            ],
            [
              80.43425559997559,
              19.082722141257
            ],
            [
              80.43391227722168,
              19.083127711166956
            ],
            [
              80.43313980102539,
              19.083371052636206
            ],
            [
              80.43219566345215,
              19.084101074898687
            ],
            [
              80.43176651000977,
              19.08702113176752
            ],
            [
              80.43185234069824,
              19.08758891462343
            ],
            [
              80.43206691741943,
              19.088400029611563
            ],
            [
              80.43163776397705,
              19.088846141161298
            ],
            [
              80.430908203125,
              19.08933280693554
            ],
            [
              80.43129444122314,
              19.089941137141622
            ],
            [
              80.43129444122314,
              19.09038724453876
            ],
            [
              80.43107986450195,
              19.09111723586833
            ],
            [
              80.43082237243652,
              19.091603894966386
            ],
            [
              80.43039321899414,
              19.091887778779547
            ],
            [
              80.4305648803711,
              19.092374435612307
            ],
            [
              80.43043613433838,
              19.09245554494533
            ],
            [
              80.42992115020752,
              19.093307190542596
            ],
            [
              80.42957782745361,
              19.093956060437513
            ],
            [
              80.43077945709229,
              19.09277998188001
            ],
            [
              80.43159484863281,
              19.092617763492157
            ],
            [
              80.43352603912354,
              19.092861091014317
            ],
            [
              80.43459892272949,
              19.092293326239535
            ],
            [
              80.43481349945068,
              19.092496099596946
            ],
            [
              80.43863296508789,
              19.09273942729795
            ],
            [
              80.44060707092285,
              19.092820536452134
            ],
            [
              80.44494152069092,
              19.093185527154123
            ],
            [
              80.4477310180664,
              19.094523819508908
            ]
          ]
        ]
      }
    },
    {
      "type": "Feature",
      "properties": {
        "v_name": "Safimarka",
        "v_code": "450718",
        "d_name": "Bijapur",
        "d_code": "636",
        "b_name": "Bhopalpattnam",
        "b_code": "3376",
        "gp_name": "Badekakled",
        "gp_code": "226360028",
        "s_name": "Chhattisgarh",
        "s_code": "22",
        "centroid": [
          19.038043,
          80.484615
        ],
        "excel_area_ha": 1702.0,
        "excel_name": "Safimarka",
        "geojson_area_ha": 1699.7
      },
      "geometry": {
        "type": "Polygon",
        "coordinates": [
          [
            [
              80.5078125,
              19.04613565262205
            ],
            [
              80.50854206085205,
              19.04593282254017
            ],
            [
              80.51012992858887,
              19.045040367235117
            ],
            [
              80.50918579101562,
              19.043661108688415
            ],
            [
              80.50875663757324,
              19.043174308817914
            ],
            [
              80.50845623016357,
              19.042687507519787
            ],
            [
              80.50806999206543,
              19.04220070479407
            ],
            [
              80.50802707672119,
              19.041795034765475
            ],
            [
              80.50785541534424,
              19.04159219937942
            ],
            [
              80.50785541534424,
              19.041470498028826
            ],
            [
              80.50811290740967,
              19.039117587714667
            ],
            [
              80.5083703994751,
              19.037413735291924
            ],
            [
              80.51055908203125,
              19.035385316754216
            ],
            [
              80.51064491271973,
              19.035223042200823
            ],
            [
              80.5110740395233,
              19.033955338714627
            ],
            [
              80.51124572753906,
              19.033478580737498
            ],
            [
              80.51124572753906,
              19.033448147147187
            ],
            [
              80.51167488098145,
              19.032180364966017
            ],
            [
              80.51193237304688,
              19.029786753036554
            ],
            [
              80.51167488098145,
              19.026906259056748
            ],
            [
              80.5112886428833,
              19.024918283380735
            ],
            [
              80.51124572753906,
              19.024927645956122
            ],
            [
              80.51124572753906,
              19.024918283380735
            ],
            [
              80.5107307434082,
              19.025039996860766
            ],
            [
              80.50952911376953,
              19.02564856292356
            ],
            [
              80.5078125,
              19.02597313057901
            ],
            [
              80.5054521560669,
              19.025242852462686
            ],
            [
              80.50437927246094,
              19.024958854550654
            ],
            [
              80.50437927246094,
              19.02497137647693
            ],
            [
              80.5043363571167,
              19.024958854550654
            ],
            [
              80.5028772354126,
              19.02430971464332
            ],
            [
              80.5003023147583,
              19.02366057220012
            ],
            [
              80.49605369567871,
              19.022281136088804
            ],
            [
              80.49317836761475,
              19.02167255769374
            ],
            [
              80.49146175384521,
              19.02179427355104
            ],
            [
              80.49111843109131,
              19.02167255769374
            ],
            [
              80.49068927764893,
              19.02179427355104
            ],
            [
              80.49056053161621,
              19.021753701608514
            ],
            [
              80.49038887023926,
              19.02183484548366
            ],
            [
              80.48884391784668,
              19.0220782768714
            ],
            [
              80.48764228820801,
              19.022443423284436
            ],
            [
              80.48704147338867,
              19.022281136088804
            ],
            [
              80.48541069030762,
              19.021388553680065
            ],
            [
              80.47974586486816,
              19.016803850311526
            ],
            [
              80.47755718231201,
              19.016519837978983
            ],
            [
              80.47588348388672,
              19.01656041119905
            ],
            [
              80.47090530395508,
              19.018426768617633
            ],
            [
              80.46974658966064,
              19.019035358897447
            ],
            [
              80.47051906585693,
              19.02183484548366
            ],
            [
              80.47099113464355,
              19.025851417782516
            ],
            [
              80.47064781188965,
              19.027758241350757
            ],
            [
              80.47039031982422,
              19.028529078709166
            ],
            [
              80.47008991241455,
              19.030273592155407
            ],
            [
              80.46957492828369,
              19.031815239952017
            ],
            [
              80.46888828277588,
              19.032586058484643
            ],
            [
              80.4679012298584,
              19.033438011648236
            ],
            [
              80.46558380126953,
              19.035831570958415
            ],
            [
              80.4635238647461,
              19.03733259902615
            ],
            [
              80.46159267425537,
              19.03895531680867
            ],
            [
              80.45979022979736,
              19.039847804829016
            ],
            [
              80.45858860015869,
              19.04017234473782
            ],
            [
              80.45700073242188,
              19.041308229422583
            ],
            [
              80.4557991027832,
              19.043052608627217
            ],
            [
              80.45880317687988,
              19.04682527304624
            ],
            [
              80.46103477478027,
              19.049421465411665
            ],
            [
              80.46279430389404,
              19.051814794265525
            ],
            [
              80.46403884887695,
              19.053072292201012
            ],
            [
              80.46618461608887,
              19.054775983876315
            ],
            [
              80.46747207641602,
              19.057615431118016
            ],
            [
              80.46742916107178,
              19.057737120627845
            ],
            [
              80.47897338867188,
              19.056885292184088
            ],
            [
              80.48335075378418,
              19.0564796580542
            ],
            [
              80.48541069030762,
              19.055222185947507
            ],
            [
              80.48682689666748,
              19.052747777517233
            ],
            [
              80.48944473266602,
              19.05230156879057
            ],
            [
              80.49146175384521,
              19.05209874624537
            ],
            [
              80.497727394104,
              19.050151637196045
            ],
            [
              80.50008773803711,
              19.04986768188392
            ],
            [
              80.50210475921631,
              19.04921863934579
            ],
            [
              80.5057954788208,
              19.04674414138036
            ],
            [
              80.5078125,
              19.04613565262205
            ]
          ]
        ]
      }
    },
    {
      "type": "Feature",
      "properties": {
        "v_name": "Pilur",
        "v_code": "450719",
        "d_name": "Bijapur",
        "d_code": "636",
        "b_name": "Bhopalpattnam",
        "b_code": "3376",
        "gp_name": "Badekakled",
        "gp_code": "226360028",
        "s_name": "Chhattisgarh",
        "s_code": "22",
        "centroid": [
          19.009304,
          80.492321
        ],
        "excel_area_ha": 1073.0,
        "excel_name": "Pillur",
        "geojson_area_ha": 1093.77
      },
      "geometry": {
        "type": "Polygon",
        "coordinates": [
          [
            [
              80.50952911376953,
              19.02564856292356
            ],
            [
              80.5107307434082,
              19.025039996860766
            ],
            [
              80.5112886428833,
              19.024918283380735
            ],
            [
              80.51076580878292,
              19.023144694175144
            ],
            [
              80.51051879610505,
              19.022231833376264
            ],
            [
              80.5101728439331,
              19.02041482194875
            ],
            [
              80.5101728439331,
              19.020252532772236
            ],
            [
              80.51064491271973,
              19.018791923052913
            ],
            [
              80.51051616668701,
              19.01729072746701
            ],
            [
              80.50991535186768,
              19.015830091722744
            ],
            [
              80.51012992858887,
              19.014410016890388
            ],
            [
              80.50940036773682,
              19.01323337426939
            ],
            [
              80.50867080688477,
              19.010758340199715
            ],
            [
              80.50867080688477,
              19.009297647070134
            ],
            [
              80.50802707672119,
              19.007431187179446
            ],
            [
              80.5078125,
              19.006295070904322
            ],
            [
              80.50755500793457,
              19.00540240267294
            ],
            [
              80.50742626190186,
              19.0034141698505
            ],
            [
              80.50695419311523,
              19.001912835443246
            ],
            [
              80.5066967010498,
              18.998301462060613
            ],
            [
              80.50485134124756,
              18.99497405991243
            ],
            [
              80.50437927246094,
              18.993634964666118
            ],
            [
              80.50437927246094,
              18.99365845387694
            ],
            [
              80.50403594970703,
              18.992701649487493
            ],
            [
              80.50154685974121,
              18.992336437775776
            ],
            [
              80.50133228302002,
              18.992336437775776
            ],
            [
              80.49746990203857,
              18.993148018269267
            ],
            [
              80.49296379089355,
              18.9942030669954
            ],
            [
              80.49137592315674,
              18.99448711743295
            ],
            [
              80.48888683319092,
              18.995501579324298
            ],
            [
              80.48614025115967,
              18.996759503482426
            ],
            [
              80.48056125640869,
              18.998828970925896
            ],
            [
              80.47639846801758,
              19.000573796028707
            ],
            [
              80.47275066375732,
              19.002196872721548
            ],
            [
              80.47257900238037,
              19.002967828604042
            ],
            [
              80.47257900238037,
              19.004550305801594
            ],
            [
              80.47270774841309,
              19.005158946869358
            ],
            [
              80.47232151031494,
              19.00613276794584
            ],
            [
              80.47210693359375,
              19.007025432257723
            ],
            [
              80.4717206954956,
              19.007593488870985
            ],
            [
              80.47120571136475,
              19.008567295694338
            ],
            [
              80.47090530395508,
              19.009419371987615
            ],
            [
              80.47056198120117,
              19.011042362373917
            ],
            [
              80.47030448913574,
              19.012503040178625
            ],
            [
              80.47013282775879,
              19.013030504010395
            ],
            [
              80.46974658966064,
              19.01798046766295
            ],
            [
              80.46974658966064,
              19.019035358897447
            ],
            [
              80.47090530395508,
              19.018426768617633
            ],
            [
              80.47588348388672,
              19.01656041119905
            ],
            [
              80.47755718231201,
              19.016519837978983
            ],
            [
              80.47974586486816,
              19.016803850311526
            ],
            [
              80.48541069030762,
              19.021388553680065
            ],
            [
              80.48704147338867,
              19.022281136088804
            ],
            [
              80.48764228820801,
              19.022443423284436
            ],
            [
              80.48884391784668,
              19.0220782768714
            ],
            [
              80.49038887023926,
              19.02183484548366
            ],
            [
              80.49056053161621,
              19.021753701608514
            ],
            [
              80.49068927764893,
              19.02179427355104
            ],
            [
              80.49111843109131,
              19.02167255769374
            ],
            [
              80.49146175384521,
              19.02179427355104
            ],
            [
              80.49317836761475,
              19.02167255769374
            ],
            [
              80.49605369567871,
              19.022281136088804
            ],
            [
              80.5003023147583,
              19.02366057220012
            ],
            [
              80.5028772354126,
              19.02430971464332
            ],
            [
              80.5043363571167,
              19.024958854550654
            ],
            [
              80.5078125,
              19.02597313057901
            ],
            [
              80.50952911376953,
              19.02564856292356
            ]
          ]
        ]
      }
    },
    {
      "type": "Feature",
      "properties": {
        "v_name": "Penkudur",
        "v_code": "450720",
        "d_name": "Bijapur",
        "d_code": "636",
        "b_name": "Bhopalpattnam",
        "b_code": "3376",
        "gp_name": "Badekakled",
        "gp_code": "226360028",
        "s_name": "Chhattisgarh",
        "s_code": "22",
        "centroid": [
          19.061069,
          80.501597
        ],
        "excel_area_ha": 826.0,
        "excel_name": "Penkudur",
        "geojson_area_ha": 829.96
      },
      "geometry": {
        "type": "Polygon",
        "coordinates": [
          [
            [
              80.5078125,
              19.073190962508615
            ],
            [
              80.50909996032715,
              19.07315040312959
            ],
            [
              80.51021575927734,
              19.072744808793335
            ],
            [
              80.51124572753906,
              19.07266368980696
            ],
            [
              80.51124572753906,
              19.07264402459092
            ],
            [
              80.51197528839111,
              19.07262313029888
            ],
            [
              80.51214694976807,
              19.071325220798972
            ],
            [
              80.51261901855469,
              19.06917553583066
            ],
            [
              80.51536560058594,
              19.06751255286062
            ],
            [
              80.51656723022461,
              19.066376847586344
            ],
            [
              80.5167818069458,
              19.06406485209396
            ],
            [
              80.51746845245361,
              19.05915682497863
            ],
            [
              80.51776885986328,
              19.05574951412059
            ],
            [
              80.51806926727295,
              19.054289216611622
            ],
            [
              80.51523685455322,
              19.053477934663086
            ],
            [
              80.51334857940674,
              19.049137508850016
            ],
            [
              80.51227569580078,
              19.04759602189388
            ],
            [
              80.51021575927734,
              19.04499980097086
            ],
            [
              80.50854206085205,
              19.04593282254017
            ],
            [
              80.5078125,
              19.04613565262205
            ],
            [
              80.5057954788208,
              19.04674414138036
            ],
            [
              80.50437927246094,
              19.047636587523545
            ],
            [
              80.50437927246094,
              19.047693658041513
            ],
            [
              80.50210475921631,
              19.04921863934579
            ],
            [
              80.50008773803711,
              19.04986768188392
            ],
            [
              80.497727394104,
              19.050151637196045
            ],
            [
              80.49146175384521,
              19.05209874624537
            ],
            [
              80.48944473266602,
              19.05230156879057
            ],
            [
              80.48682689666748,
              19.052747777517233
            ],
            [
              80.48541069030762,
              19.055222185947507
            ],
            [
              80.48343658447266,
              19.05643909458665
            ],
            [
              80.48274993896484,
              19.05652022151183
            ],
            [
              80.48283576965332,
              19.056763602049287
            ],
            [
              80.48330783843994,
              19.057169235484768
            ],
            [
              80.48399448394775,
              19.057290925321976
            ],
            [
              80.48515319824219,
              19.057331488581198
            ],
            [
              80.48583984375,
              19.05745317829936
            ],
            [
              80.48635482788086,
              19.057737120627845
            ],
            [
              80.48652648925781,
              19.05822387777432
            ],
            [
              80.4861831665039,
              19.059278513357487
            ],
            [
              80.48614025115967,
              19.06033314223395
            ],
            [
              80.48652648925781,
              19.061022703642227
            ],
            [
              80.48648357391357,
              19.061550013372603
            ],
            [
              80.48626899719238,
              19.062158445593237
            ],
            [
              80.48596858978271,
              19.062766875581325
            ],
            [
              80.48601150512695,
              19.063253617964314
            ],
            [
              80.48626899719238,
              19.063862043933664
            ],
            [
              80.48661231994629,
              19.06426766000617
            ],
            [
              80.48631191253662,
              19.066255164416898
            ],
            [
              80.4861831665039,
              19.066741896558764
            ],
            [
              80.48605442047119,
              19.067066383859384
            ],
            [
              80.4861831665039,
              19.067188066433364
            ],
            [
              80.48592567443848,
              19.068323766149803
            ],
            [
              80.48635482788086,
              19.069216096182473
            ],
            [
              80.48755645751953,
              19.071244101117724
            ],
            [
              80.48858642578125,
              19.07258257078087
            ],
            [
              80.49004554748535,
              19.073353199925446
            ],
            [
              80.49322128295898,
              19.0738399112229
            ],
            [
              80.49845695495605,
              19.07424550287875
            ],
            [
              80.50090312957764,
              19.074813329529064
            ],
            [
              80.50279140472412,
              19.073880470433156
            ],
            [
              80.50437927246094,
              19.07339375925483
            ],
            [
              80.5078125,
              19.073190962508615
            ]
          ]
        ]
      }
    },
    {
      "type": "Feature",
      "properties": {
        "v_name": "Kondapadgu",
        "v_code": "450722",
        "d_name": "Bijapur",
        "d_code": "636",
        "b_name": "Bhopalpattnam",
        "b_code": "3376",
        "gp_name": "Dampaya",
        "gp_code": "226360032",
        "s_name": "Chhattisgarh",
        "s_code": "22",
        "centroid": [
          18.974249,
          80.476405
        ],
        "excel_area_ha": 235.0,
        "excel_name": "Kondapadgu",
        "geojson_area_ha": 246.79
      },
      "geometry": {
        "type": "Polygon",
        "coordinates": [
          [
            [
              80.48408031463623,
              18.97902595325527
            ],
            [
              80.48485279083252,
              18.97671274227378
            ],
            [
              80.48502445220947,
              18.97663157639297
            ],
            [
              80.48588275909424,
              18.976834491020856
            ],
            [
              80.48665523529053,
              18.975779332257336
            ],
            [
              80.48663756353108,
              18.975779332257336
            ],
            [
              80.48686981201172,
              18.975454666678136
            ],
            [
              80.48686981201172,
              18.97338490874044
            ],
            [
              80.48339366912842,
              18.97237031212689
            ],
            [
              80.48223495483398,
              18.96993525505389
            ],
            [
              80.4818058013916,
              18.969204730994875
            ],
            [
              80.48013210296631,
              18.968474203734306
            ],
            [
              80.47905921936035,
              18.968068353872862
            ],
            [
              80.47824382781982,
              18.96701313960891
            ],
            [
              80.47536849975586,
              18.966201431783954
            ],
            [
              80.47455310821533,
              18.966607286190445
            ],
            [
              80.47266483306885,
              18.966891383687113
            ],
            [
              80.47202110290527,
              18.966931969004257
            ],
            [
              80.47154903411865,
              18.966769627676396
            ],
            [
              80.47090530395508,
              18.966363773665115
            ],
            [
              80.47056198120117,
              18.9664043591107
            ],
            [
              80.4699182510376,
              18.96681021302318
            ],
            [
              80.46927452087402,
              18.967094310174037
            ],
            [
              80.46884536743164,
              18.967662503023327
            ],
            [
              80.46875953674316,
              18.96867712829449
            ],
            [
              80.46897411346436,
              18.969448239370276
            ],
            [
              80.46841621398926,
              18.96965116274471
            ],
            [
              80.46837329864502,
              18.96993525505389
            ],
            [
              80.46884536743164,
              18.9708686978034
            ],
            [
              80.46948909759521,
              18.971274540846572
            ],
            [
              80.4704761505127,
              18.971761551193914
            ],
            [
              80.47064781188965,
              18.972045639906018
            ],
            [
              80.47056198120117,
              18.972329728133868
            ],
            [
              80.46996116638184,
              18.972938486991467
            ],
            [
              80.46931743621826,
              18.973303741238663
            ],
            [
              80.46863079071045,
              18.9734254924765
            ],
            [
              80.4682445526123,
              18.97338490874044
            ],
            [
              80.46764373779297,
              18.973628411008562
            ],
            [
              80.46785831451416,
              18.97456183307359
            ],
            [
              80.46785831451416,
              18.975292333651314
            ],
            [
              80.46795907326054,
              18.975779332257336
            ],
            [
              80.46794414520264,
              18.975779332257336
            ],
            [
              80.46863079071045,
              18.97902595325527
            ],
            [
              80.46888828277588,
              18.980649240029138
            ],
            [
              80.4690170288086,
              18.980689821995817
            ],
            [
              80.47073364257812,
              18.98073040395261
            ],
            [
              80.47275066375732,
              18.980689821995817
            ],
            [
              80.48335075378418,
              18.980973895485757
            ],
            [
              80.48408031463623,
              18.97902595325527
            ]
          ]
        ]
      }
    },
    {
      "type": "Feature",
      "properties": {
        "v_name": "Nilamadgu",
        "v_code": "450723",
        "d_name": "Bijapur",
        "d_code": "636",
        "b_name": "Bhopalpattnam",
        "b_code": "3376",
        "gp_name": "Angampalli",
        "gp_code": "123367",
        "s_name": "Chhattisgarh",
        "s_code": "22",
        "centroid": [
          18.977016,
          80.512879
        ],
        "excel_area_ha": 0.0,
        "excel_name": "Nilamadgu",
        "geojson_area_ha": 166.81
      },
      "geometry": {
        "type": "Polygon",
        "coordinates": [
          [
            [
              80.51785469055176,
              18.979797016445122
            ],
            [
              80.51686763763428,
              18.97902595325527
            ],
            [
              80.51652431488037,
              18.97878245887493
            ],
            [
              80.5164384841919,
              18.977930225741225
            ],
            [
              80.51669597625732,
              18.977159153911487
            ],
            [
              80.51686763763428,
              18.976225746395837
            ],
            [
              80.51673889160156,
              18.975535833132238
            ],
            [
              80.51626682281494,
              18.974927083762747
            ],
            [
              80.51626682281494,
              18.974237165122243
            ],
            [
              80.51656723022461,
              18.97338490874044
            ],
            [
              80.51695346832275,
              18.972938486991467
            ],
            [
              80.51703929901123,
              18.971964471751974
            ],
            [
              80.51691055297852,
              18.971355709336624
            ],
            [
              80.51635265350342,
              18.970746944697748
            ],
            [
              80.5164384841919,
              18.96916414623106
            ],
            [
              80.51673889160156,
              18.96810893890347
            ],
            [
              80.51661014556885,
              18.967216065947632
            ],
            [
              80.51583766937256,
              18.966688456953182
            ],
            [
              80.51592350006104,
              18.965917333111552
            ],
            [
              80.51480770111084,
              18.96510561995142
            ],
            [
              80.51373481750488,
              18.96482151941175
            ],
            [
              80.51244735717773,
              18.965389720006996
            ],
            [
              80.51313400268555,
              18.966647871576754
            ],
            [
              80.51347732543945,
              18.967662503023327
            ],
            [
              80.5136489868164,
              18.969123561457355
            ],
            [
              80.51394939422607,
              18.970259931385762
            ],
            [
              80.51403522491455,
              18.97151804619813
            ],
            [
              80.51317691802979,
              18.971802135325294
            ],
            [
              80.51193237304688,
              18.971761551193914
            ],
            [
              80.51124572753906,
              18.972007854587904
            ],
            [
              80.51124572753906,
              18.972005055833936
            ],
            [
              80.51068782806396,
              18.97220797609552
            ],
            [
              80.50918579101562,
              18.971964471751974
            ],
            [
              80.5078125,
              18.971355709336624
            ],
            [
              80.50734043121338,
              18.971152788037383
            ],
            [
              80.50592422485352,
              18.971071619448516
            ],
            [
              80.50558090209961,
              18.972329728133868
            ],
            [
              80.50601005554199,
              18.97338490874044
            ],
            [
              80.50678253173828,
              18.974399499176986
            ],
            [
              80.50678253173828,
              18.975454666678136
            ],
            [
              80.50671650798704,
              18.975779332257336
            ],
            [
              80.5066967010498,
              18.975779332257336
            ],
            [
              80.50656795501709,
              18.976509827497615
            ],
            [
              80.50759792327881,
              18.97813313878752
            ],
            [
              80.5078125,
              18.979431776431635
            ],
            [
              80.50751209259033,
              18.98089273168092
            ],
            [
              80.5078125,
              18.9815420410123
            ],
            [
              80.50789833068848,
              18.98170436794968
            ],
            [
              80.50931453704834,
              18.98170436794968
            ],
            [
              80.51025867462158,
              18.981055059251045
            ],
            [
              80.51077365875244,
              18.98016225565784
            ],
            [
              80.51124572753906,
              18.98016225565784
            ],
            [
              80.5124044418335,
              18.98016225565784
            ],
            [
              80.51304817199707,
              18.98142029570546
            ],
            [
              80.51304817199707,
              18.98227251098474
            ],
            [
              80.5130637103814,
              18.98227251098474
            ],
            [
              80.51309108734131,
              18.983774022534483
            ],
            [
              80.51373481750488,
              18.984463901681057
            ],
            [
              80.51390647888184,
              18.985843651401126
            ],
            [
              80.51377773284912,
              18.98734513075471
            ],
            [
              80.51321983337402,
              18.988116155431943
            ],
            [
              80.51244735717773,
              18.98876543660155
            ],
            [
              80.51253318786621,
              18.98973935360874
            ],
            [
              80.51352024078369,
              18.99059152631681
            ],
            [
              80.51313400268555,
              18.991281377219092
            ],
            [
              80.51326274871826,
              18.99217412120228
            ],
            [
              80.51343441009521,
              18.99225527950881
            ],
            [
              80.51407814025879,
              18.99071326491904
            ],
            [
              80.51790888120584,
              18.98227251098474
            ],
            [
              80.51794052124023,
              18.98227251098474
            ],
            [
              80.51862716674805,
              18.980689821995817
            ],
            [
              80.51785469055176,
              18.979797016445122
            ]
          ]
        ]
      }
    },
    {
      "type": "Feature",
      "properties": {
        "v_name": "Kandla Parti",
        "v_code": "450724",
        "d_name": "Bijapur",
        "d_code": "636",
        "b_name": "Bhopalpattnam",
        "b_code": "3376",
        "gp_name": "Badekakled",
        "gp_code": "226360028",
        "s_name": "Chhattisgarh",
        "s_code": "22",
        "centroid": [
          18.973148,
          80.448963
        ],
        "excel_area_ha": 326.0,
        "excel_name": "Kandla Parti",
        "geojson_area_ha": 329.68
      },
      "geometry": {
        "type": "Polygon",
        "coordinates": [
          [
            [
              80.45356750488281,
              18.980608658052567
            ],
            [
              80.453782081604,
              18.97902595325527
            ],
            [
              80.45403957366943,
              18.977930225741225
            ],
            [
              80.45416831970215,
              18.97618516334176
            ],
            [
              80.4543399810791,
              18.975779332257336
            ],
            [
              80.45430564855286,
              18.975779332257336
            ],
            [
              80.45451164245605,
              18.975170583777413
            ],
            [
              80.45597076416016,
              18.974358915678128
            ],
            [
              80.45854568481445,
              18.97383132929354
            ],
            [
              80.45996189117432,
              18.97241089611003
            ],
            [
              80.45940399169922,
              18.971193372316996
            ],
            [
              80.45863151550293,
              18.97050343821963
            ],
            [
              80.45742988586426,
              18.97009759329888
            ],
            [
              80.45639991760254,
              18.969448239370276
            ],
            [
              80.45627117156982,
              18.96867712829449
            ],
            [
              80.45605659484863,
              18.9683118639083
            ],
            [
              80.45519828796387,
              18.967297236413955
            ],
            [
              80.45146465301514,
              18.963563354060042
            ],
            [
              80.44687271118164,
              18.962508111283512
            ],
            [
              80.44618606567383,
              18.962102246899025
            ],
            [
              80.4457139968872,
              18.96169638152672
            ],
            [
              80.44438362121582,
              18.96185872779418
            ],
            [
              80.44159412384033,
              18.960478779483058
            ],
            [
              80.44064998626709,
              18.961574621722406
            ],
            [
              80.43962001800537,
              18.96336042327549
            ],
            [
              80.43914794921875,
              18.964943276845172
            ],
            [
              80.43820381164551,
              18.965836161973378
            ],
            [
              80.43756008148193,
              18.967418992039338
            ],
            [
              80.44009208679199,
              18.968271278927098
            ],
            [
              80.44129371643066,
              18.96883946776478
            ],
            [
              80.44228076934814,
              18.96916414623106
            ],
            [
              80.44464111328125,
              18.97070636030944
            ],
            [
              80.44498443603516,
              18.971964471751974
            ],
            [
              80.44584274291992,
              18.974074830909366
            ],
            [
              80.44614315032959,
              18.975454666678136
            ],
            [
              80.44609113157215,
              18.975779332257336
            ],
            [
              80.44605731964111,
              18.975779332257336
            ],
            [
              80.4459285736084,
              18.976793908115052
            ],
            [
              80.44597148895264,
              18.97902595325527
            ],
            [
              80.4459285736084,
              18.979959345082968
            ],
            [
              80.4453706741333,
              18.98170436794968
            ],
            [
              80.44545650482178,
              18.983043559146985
            ],
            [
              80.44575691223145,
              18.984585644763218
            ],
            [
              80.44558525085449,
              18.986574102507404
            ],
            [
              80.44687271118164,
              18.988359636167242
            ],
            [
              80.44919013977051,
              18.98791325454723
            ],
            [
              80.44949054718018,
              18.988116155431943
            ],
            [
              80.44991970062256,
              18.987832094124116
            ],
            [
              80.45180797576904,
              18.987507452036073
            ],
            [
              80.45403957366943,
              18.987588612617422
            ],
            [
              80.45318126678467,
              18.983611697614116
            ],
            [
              80.45339584350586,
              18.9831247219038
            ],
            [
              80.45331001281738,
              18.982962396350622
            ],
            [
              80.45309543609619,
              18.982759489186687
            ],
            [
              80.45305252075195,
              18.98255658177557
            ],
            [
              80.45312762222927,
              18.98227251098474
            ],
            [
              80.45313835144043,
              18.98227251098474
            ],
            [
              80.45356750488281,
              18.980608658052567
            ]
          ]
        ]
      }
    },
    {
      "type": "Feature",
      "properties": {
        "v_name": "Salepalli",
        "v_code": "451099",
        "d_name": "Bijapur",
        "d_code": "636",
        "b_name": "Bhairamgarh",
        "b_code": "3379",
        "gp_name": "Sagamaeta",
        "gp_code": "123358",
        "s_name": "Chhattisgarh",
        "s_code": "22",
        "centroid": [
          19.052676,
          80.570145
        ],
        "excel_area_ha": 297.0,
        "excel_name": "Saleplli",
        "geojson_area_ha": 235.45
      },
      "geometry": {
        "type": "Polygon",
        "coordinates": [
          [
            [
              80.5612850189209,
              19.05952188984734
            ],
            [
              80.56132793426514,
              19.058954010815437
            ],
            [
              80.56149959564209,
              19.05875119640422
            ],
            [
              80.56175708770752,
              19.058791759306306
            ],
            [
              80.56278705596924,
              19.05814275168245
            ],
            [
              80.56828022003174,
              19.058467255811845
            ],
            [
              80.57076930999756,
              19.058548381744984
            ],
            [
              80.5740737915039,
              19.058467255811845
            ],
            [
              80.57613372802734,
              19.058507818783376
            ],
            [
              80.57673454284668,
              19.0564796580542
            ],
            [
              80.57737827301025,
              19.055708950474482
            ],
            [
              80.57836532592773,
              19.05311285649185
            ],
            [
              80.5786657333374,
              19.051733665039166
            ],
            [
              80.57870864868164,
              19.049745986601405
            ],
            [
              80.57836532592773,
              19.04848846345587
            ],
            [
              80.57896614074707,
              19.046906404672455
            ],
            [
              80.57900905609131,
              19.04572999221042
            ],
            [
              80.57918071746826,
              19.0439045080883
            ],
            [
              80.57952404022217,
              19.043093175367364
            ],
            [
              80.57952404022217,
              19.04284977477779
            ],
            [
              80.5777645111084,
              19.04362054208707
            ],
            [
              80.57557582855225,
              19.04475640317714
            ],
            [
              80.57381629943848,
              19.045486595487507
            ],
            [
              80.56965351104736,
              19.046703575532547
            ],
            [
              80.56840896606445,
              19.047514890604802
            ],
            [
              80.56690692901611,
              19.049096943587255
            ],
            [
              80.5644178390503,
              19.05019220220096
            ],
            [
              80.56403160095215,
              19.050678981486467
            ],
            [
              80.56390285491943,
              19.051003500216744
            ],
            [
              80.56355953216553,
              19.051246888847924
            ],
            [
              80.56313037872314,
              19.051814794265525
            ],
            [
              80.56210041046143,
              19.052017617157862
            ],
            [
              80.55828094482422,
              19.055708950474482
            ],
            [
              80.55763721466064,
              19.057209798773755
            ],
            [
              80.55789470672607,
              19.05802106247023
            ],
            [
              80.55849552154541,
              19.058183314733345
            ],
            [
              80.55845260620117,
              19.05842669283039
            ],
            [
              80.55819511413574,
              19.05875119640422
            ],
            [
              80.55823802947998,
              19.05911626216583
            ],
            [
              80.5589246749878,
              19.058954010815437
            ],
            [
              80.55991172790527,
              19.059035136510477
            ],
            [
              80.56051254272461,
              19.058913447953035
            ],
            [
              80.56081295013428,
              19.059075699343115
            ],
            [
              80.56094169616699,
              19.05940020164706
            ],
            [
              80.5612850189209,
              19.05952188984734
            ]
          ]
        ]
      }
    },
    {
      "type": "Feature",
      "properties": {
        "v_name": "Sagmeta",
        "v_code": "451100",
        "d_name": "Bijapur",
        "d_code": "636",
        "b_name": "Bhairamgarh",
        "b_code": "3379",
        "gp_name": "Sagamaeta",
        "gp_code": "123358",
        "s_name": "Chhattisgarh",
        "s_code": "22",
        "centroid": [
          19.076272,
          80.538485
        ],
        "excel_area_ha": 2124.0,
        "excel_name": "Sagmeta",
        "geojson_area_ha": 2134.15
      },
      "geometry": {
        "type": "Polygon",
        "coordinates": [
          [
            [
              80.55205821990967,
              19.100890698555613
            ],
            [
              80.55330276489258,
              19.099025268920787
            ],
            [
              80.5543327331543,
              19.09768701296671
            ],
            [
              80.55506229400635,
              19.09683538990644
            ],
            [
              80.55652141571045,
              19.095334900518125
            ],
            [
              80.55798053741455,
              19.093591071434616
            ],
            [
              80.5592679977417,
              19.09111723586833
            ],
            [
              80.5592679977417,
              19.090914460821896
            ],
            [
              80.55969715118408,
              19.089941137141622
            ],
            [
              80.56021213531494,
              19.08880558561554
            ],
            [
              80.56081295013428,
              19.085966672726933
            ],
            [
              80.56077003479004,
              19.083938848007342
            ],
            [
              80.56081295013428,
              19.08288436934016
            ],
            [
              80.56055545806885,
              19.08122152395487
            ],
            [
              80.56077003479004,
              19.07927475692576
            ],
            [
              80.56119918823242,
              19.077976899529187
            ],
            [
              80.56227207183838,
              19.075300036537712
            ],
            [
              80.56295871734619,
              19.07160913937067
            ],
            [
              80.56313037872314,
              19.07023010175197
            ],
            [
              80.56343078613281,
              19.06889161309005
            ],
            [
              80.56192874908447,
              19.06783703865269
            ],
            [
              80.56188583374023,
              19.06775591726422
            ],
            [
              80.56149959564209,
              19.066174042254314
            ],
            [
              80.56154251098633,
              19.066092920052032
            ],
            [
              80.56115627288818,
              19.064592152149697
            ],
            [
              80.5598258972168,
              19.061752824360877
            ],
            [
              80.55905342102051,
              19.060535954710506
            ],
            [
              80.55823802947998,
              19.05911626216583
            ],
            [
              80.55819511413574,
              19.05875119640422
            ],
            [
              80.55845260620117,
              19.05842669283039
            ],
            [
              80.55845260620117,
              19.05814275168245
            ],
            [
              80.55789470672607,
              19.05802106247023
            ],
            [
              80.55763721466064,
              19.057128672185865
            ],
            [
              80.55609226226807,
              19.057696557467825
            ],
            [
              80.55454730987549,
              19.057250362052823
            ],
            [
              80.55424690246582,
              19.056641911825196
            ],
            [
              80.55214405059814,
              19.055708950474482
            ],
            [
              80.550856590271,
              19.054208088595306
            ],
            [
              80.54926872253418,
              19.05319398504378
            ],
            [
              80.54729461669922,
              19.053477934663086
            ],
            [
              80.5459213256836,
              19.054857111614893
            ],
            [
              80.54407596588135,
              19.057534304728527
            ],
            [
              80.54270267486572,
              19.05781824691813
            ],
            [
              80.54102897644043,
              19.057858810048398
            ],
            [
              80.53939819335938,
              19.057493741518904
            ],
            [
              80.53750991821289,
              19.056885292184088
            ],
            [
              80.53609371185303,
              19.057128672185865
            ],
            [
              80.5352783203125,
              19.057493741518904
            ],
            [
              80.52896976470947,
              19.057088108877036
            ],
            [
              80.52845478057861,
              19.056885292184088
            ],
            [
              80.52669525146484,
              19.055343877213165
            ],
            [
              80.5259656906128,
              19.055100494592576
            ],
            [
              80.52515029907227,
              19.055141058387473
            ],
            [
              80.52356243133545,
              19.054735419992145
            ],
            [
              80.52240371704102,
              19.054289216611622
            ],
            [
              80.52120208740234,
              19.054167524572268
            ],
            [
              80.52055835723877,
              19.054208088595306
            ],
            [
              80.51987171173096,
              19.054451472525223
            ],
            [
              80.5182409286499,
              19.054654292194048
            ],
            [
              80.51828384399414,
              19.05437034458826
            ],
            [
              80.51806926727295,
              19.054289216611622
            ],
            [
              80.51776885986328,
              19.05574951412059
            ],
            [
              80.51746845245361,
              19.05915682497863
            ],
            [
              80.5167818069458,
              19.06406485209396
            ],
            [
              80.51656723022461,
              19.066376847586344
            ],
            [
              80.51536560058594,
              19.06751255286062
            ],
            [
              80.51261901855469,
              19.06917553583066
            ],
            [
              80.51214694976807,
              19.071325220798972
            ],
            [
              80.51197528839111,
              19.07258257078087
            ],
            [
              80.51373481750488,
              19.078179690417652
            ],
            [
              80.51455020904541,
              19.080532046582064
            ],
            [
              80.51536560058594,
              19.082600470090348
            ],
            [
              80.51527976989746,
              19.082762698292683
            ],
            [
              80.51536560058594,
              19.083573836920795
            ],
            [
              80.51592350006104,
              19.087142799686262
            ],
            [
              80.51665306091309,
              19.08868391891865
            ],
            [
              80.51811218261719,
              19.090955015851055
            ],
            [
              80.51922798156738,
              19.09213110737477
            ],
            [
              80.52017211914062,
              19.09277998188001
            ],
            [
              80.52214622497559,
              19.093591071434616
            ],
            [
              80.52321910858154,
              19.093793843202256
            ],
            [
              80.5254077911377,
              19.093185527154123
            ],
            [
              80.52660942077637,
              19.093104418178786
            ],
            [
              80.5286693572998,
              19.09355051705128
            ],
            [
              80.53038597106934,
              19.094929360510363
            ],
            [
              80.53030014038086,
              19.096186531299896
            ],
            [
              80.53064346313477,
              19.098173652747697
            ],
            [
              80.53128719329834,
              19.098335865690004
            ],
            [
              80.53300380706787,
              19.098254759238724
            ],
            [
              80.53308963775635,
              19.0979708863462
            ],
            [
              80.53330421447754,
              19.0976059061974
            ],
            [
              80.53369045257568,
              19.097200371754624
            ],
            [
              80.53450584411621,
              19.09715981825569
            ],
            [
              80.53459167480469,
              19.097565352797847
            ],
            [
              80.53609371185303,
              19.096875943484875
            ],
            [
              80.53613662719727,
              19.096794836318058
            ],
            [
              80.53866863250732,
              19.096997604160567
            ],
            [
              80.54193019866943,
              19.09768701296671
            ],
            [
              80.54321765899658,
              19.09821420599818
            ],
            [
              80.5457067489624,
              19.099349692976702
            ],
            [
              80.5479383468628,
              19.100687935483638
            ],
            [
              80.55004119873047,
              19.100890698555613
            ],
            [
              80.55205821990967,
              19.100890698555613
            ]
          ]
        ]
      }
    },
    {
      "type": "Feature",
      "properties": {
        "v_name": "Mukabeli",
        "v_code": "451101",
        "d_name": "Bijapur",
        "d_code": "636",
        "b_name": "Bhairamgarh",
        "b_code": "3379",
        "gp_name": "Sagamaeta",
        "gp_code": "123358",
        "s_name": "Chhattisgarh",
        "s_code": "22",
        "centroid": [
          19.111696,
          80.536963
        ],
        "excel_area_ha": 875.0,
        "excel_name": "Mukabeli",
        "geojson_area_ha": 890.04
      },
      "geometry": {
        "type": "Polygon",
        "coordinates": [
          [
            [
              80.53081512451172,
              19.125382648938192
            ],
            [
              80.53489208221436,
              19.124733902339447
            ],
            [
              80.53884029388428,
              19.124571715291765
            ],
            [
              80.54094314575195,
              19.124287887575232
            ],
            [
              80.54553508758545,
              19.122909288874315
            ],
            [
              80.54913997650146,
              19.12124684573224
            ],
            [
              80.55201530456543,
              19.119584385866762
            ],
            [
              80.55235862731934,
              19.116664903685066
            ],
            [
              80.5532169342041,
              19.111474585829335
            ],
            [
              80.5534315109253,
              19.107703393318786
            ],
            [
              80.55368900299072,
              19.105432526239937
            ],
            [
              80.55205821990967,
              19.100890698555613
            ],
            [
              80.55004119873047,
              19.100890698555613
            ],
            [
              80.5479383468628,
              19.100687935483638
            ],
            [
              80.54639339447021,
              19.0997552221521
            ],
            [
              80.54519176483154,
              19.0991063749944
            ],
            [
              80.54201602935791,
              19.09768701296671
            ],
            [
              80.53866863250732,
              19.096997604160567
            ],
            [
              80.53622245788574,
              19.096794836318058
            ],
            [
              80.53459167480469,
              19.097565352797847
            ],
            [
              80.53450584411621,
              19.09715981825569
            ],
            [
              80.53369045257568,
              19.097200371754624
            ],
            [
              80.53330421447754,
              19.0976059061974
            ],
            [
              80.53308963775635,
              19.0979708863462
            ],
            [
              80.53300380706787,
              19.098254759238724
            ],
            [
              80.53128719329834,
              19.098335865690004
            ],
            [
              80.53064346313477,
              19.098173652747697
            ],
            [
              80.52896976470947,
              19.099025268920787
            ],
            [
              80.52690982818604,
              19.100687935483638
            ],
            [
              80.52635192871094,
              19.101215118953917
            ],
            [
              80.52510738372803,
              19.102796659285765
            ],
            [
              80.52467823028564,
              19.10324273203043
            ],
            [
              80.52334785461426,
              19.10600024593258
            ],
            [
              80.52248954772949,
              19.108960467044437
            ],
            [
              80.52223205566406,
              19.109528174627215
            ],
            [
              80.52141666412354,
              19.114475258210554
            ],
            [
              80.52055835723877,
              19.11678654980547
            ],
            [
              80.52000045776367,
              19.119949317513655
            ],
            [
              80.51961421966553,
              19.121936153454858
            ],
            [
              80.52248954772949,
              19.12380132464119
            ],
            [
              80.52527904510498,
              19.125261009144953
            ],
            [
              80.5301284790039,
              19.124733902339447
            ],
            [
              80.53081512451172,
              19.125382648938192
            ]
          ]
        ]
      }
    },
    {
      "type": "Feature",
      "properties": {
        "v_name": "Damaram",
        "v_code": "451104",
        "d_name": "Bijapur",
        "d_code": "636",
        "b_name": "Bhairamgarh",
        "b_code": "3379",
        "gp_name": "Sagamaeta",
        "gp_code": "123358",
        "s_name": "Chhattisgarh",
        "s_code": "22",
        "centroid": [
          19.071585,
          80.571421
        ],
        "excel_area_ha": 561.0,
        "excel_name": "Damaram",
        "geojson_area_ha": 566.32
      },
      "geometry": {
        "type": "Polygon",
        "coordinates": [
          [
            [
              80.56763648986816,
              19.08434441493774
            ],
            [
              80.56943893432617,
              19.08385773450208
            ],
            [
              80.57343006134033,
              19.08377662095708
            ],
            [
              80.5760908126831,
              19.083573836920795
            ],
            [
              80.57750701904297,
              19.083046597264417
            ],
            [
              80.58055400848389,
              19.081464868224753
            ],
            [
              80.58566093444824,
              19.07838248105788
            ],
            [
              80.58518886566162,
              19.077003499809166
            ],
            [
              80.58377265930176,
              19.071852497759263
            ],
            [
              80.58171272277832,
              19.06974337985282
            ],
            [
              80.58055400848389,
              19.069013294324147
            ],
            [
              80.57973861694336,
              19.067106944727303
            ],
            [
              80.57879447937012,
              19.066336286539784
            ],
            [
              80.57733535766602,
              19.06503832781003
            ],
            [
              80.5768632888794,
              19.0626046278028
            ],
            [
              80.57669162750244,
              19.060130329509352
            ],
            [
              80.57613372802734,
              19.05842669283039
            ],
            [
              80.57613372802734,
              19.058507818783376
            ],
            [
              80.57600498199463,
              19.058507818783376
            ],
            [
              80.5740737915039,
              19.058467255811845
            ],
            [
              80.57076930999756,
              19.058548381744984
            ],
            [
              80.56707859039307,
              19.05842669283039
            ],
            [
              80.56278705596924,
              19.05814275168245
            ],
            [
              80.56175708770752,
              19.058791759306306
            ],
            [
              80.56149959564209,
              19.05875119640422
            ],
            [
              80.56132793426514,
              19.058954010815437
            ],
            [
              80.5612850189209,
              19.05952188984734
            ],
            [
              80.56094169616699,
              19.05940020164706
            ],
            [
              80.56081295013428,
              19.059075699343115
            ],
            [
              80.56051254272461,
              19.058913447953035
            ],
            [
              80.55991172790527,
              19.059035136510477
            ],
            [
              80.5589246749878,
              19.058954010815437
            ],
            [
              80.55823802947998,
              19.05911626216583
            ],
            [
              80.55905342102051,
              19.060535954710506
            ],
            [
              80.5598258972168,
              19.061752824360877
            ],
            [
              80.56115627288818,
              19.064592152149697
            ],
            [
              80.56154251098633,
              19.066092920052032
            ],
            [
              80.56149959564209,
              19.066174042254314
            ],
            [
              80.56188583374023,
              19.06775591726422
            ],
            [
              80.56192874908447,
              19.06783703865269
            ],
            [
              80.56343078613281,
              19.06889161309005
            ],
            [
              80.56313037872314,
              19.07023010175197
            ],
            [
              80.56295871734619,
              19.07160913937067
            ],
            [
              80.56227207183838,
              19.075300036537712
            ],
            [
              80.56119918823242,
              19.077976899529187
            ],
            [
              80.56081295013428,
              19.079193641136364
            ],
            [
              80.56055545806885,
              19.0813431961345
            ],
            [
              80.56197166442871,
              19.08150542556831
            ],
            [
              80.56261539459229,
              19.08191099845766
            ],
            [
              80.5638599395752,
              19.082357127488898
            ],
            [
              80.56591987609863,
              19.083492723236755
            ],
            [
              80.56763648986816,
              19.08434441493774
            ]
          ]
        ]
      }
    },
    {
      "type": "Feature",
      "properties": {
        "v_name": "Eligandra",
        "v_code": "451106",
        "d_name": "Bijapur",
        "d_code": "636",
        "b_name": "Bhairamgarh",
        "b_code": "3379",
        "gp_name": "Sagamaeta",
        "gp_code": "123358",
        "s_name": "Chhattisgarh",
        "s_code": "22",
        "centroid": [
          19.038743,
          80.565356
        ],
        "excel_area_ha": 933.0,
        "excel_name": "Eligandra",
        "geojson_area_ha": 942.88
      },
      "geometry": {
        "type": "Polygon",
        "coordinates": [
          [
            [
              80.55609226226807,
              19.057696557467825
            ],
            [
              80.55755138397217,
              19.057128672185865
            ],
            [
              80.55763721466064,
              19.057128672185865
            ],
            [
              80.55763721466064,
              19.057209798773755
            ],
            [
              80.55828094482422,
              19.055708950474482
            ],
            [
              80.56210041046143,
              19.052017617157862
            ],
            [
              80.56313037872314,
              19.051814794265525
            ],
            [
              80.56355953216553,
              19.051246888847924
            ],
            [
              80.56390285491943,
              19.051003500216744
            ],
            [
              80.56403160095215,
              19.050678981486467
            ],
            [
              80.5644178390503,
              19.05019220220096
            ],
            [
              80.56690692901611,
              19.049096943587255
            ],
            [
              80.56840896606445,
              19.047514890604802
            ],
            [
              80.56965351104736,
              19.046703575532547
            ],
            [
              80.57381629943848,
              19.045486595487507
            ],
            [
              80.57557582855225,
              19.04475640317714
            ],
            [
              80.5777645111084,
              19.04362054208707
            ],
            [
              80.58025360107422,
              19.04248467322423
            ],
            [
              80.58295726776123,
              19.04159219937942
            ],
            [
              80.585618019104,
              19.040537451376913
            ],
            [
              80.58694839477539,
              19.039807237295808
            ],
            [
              80.58840751647949,
              19.038306231598735
            ],
            [
              80.58883666992188,
              19.033803133094825
            ],
            [
              80.58591842651367,
              19.032220934362474
            ],
            [
              80.58377265930176,
              19.03165296191038
            ],
            [
              80.58312892913818,
              19.03132840535148
            ],
            [
              80.5826997756958,
              19.031003848158413
            ],
            [
              80.58201313018799,
              19.03076042984745
            ],
            [
              80.5808973312378,
              19.03076042984745
            ],
            [
              80.58072566986084,
              19.030679290331197
            ],
            [
              80.58042526245117,
              19.030395301712183
            ],
            [
              80.57896614074707,
              19.028163945669434
            ],
            [
              80.57853698730469,
              19.027839382293752
            ],
            [
              80.57793617248535,
              19.02714968301514
            ],
            [
              80.57772159576416,
              19.026987400415837
            ],
            [
              80.57750701904297,
              19.026703405485648
            ],
            [
              80.57677745819092,
              19.02621655590453
            ],
            [
              80.57626247406006,
              19.02597313057901
            ],
            [
              80.57471752166748,
              19.025486278858082
            ],
            [
              80.57390213012695,
              19.025405136765908
            ],
            [
              80.57300090789795,
              19.025161710251634
            ],
            [
              80.57012557983398,
              19.024918283380735
            ],
            [
              80.56918144226074,
              19.024715427382578
            ],
            [
              80.56810855865479,
              19.024918283380735
            ],
            [
              80.5667781829834,
              19.025323994634107
            ],
            [
              80.56544780731201,
              19.02536456570496
            ],
            [
              80.5642032623291,
              19.025567420910633
            ],
            [
              80.56321620941162,
              19.026094843286348
            ],
            [
              80.56227207183838,
              19.026297697600448
            ],
            [
              80.5612850189209,
              19.026338268433545
            ],
            [
              80.55845260620117,
              19.02621655590453
            ],
            [
              80.55810928344727,
              19.026297697600448
            ],
            [
              80.55480480194092,
              19.026338268433545
            ],
            [
              80.55308818817139,
              19.02645998087341
            ],
            [
              80.55257320404053,
              19.02654112245045
            ],
            [
              80.55218696594238,
              19.028731930051137
            ],
            [
              80.55154323577881,
              19.033438011648236
            ],
            [
              80.55124282836914,
              19.034817355123607
            ],
            [
              80.55055618286133,
              19.03684578059897
            ],
            [
              80.5488395690918,
              19.04126766224624
            ],
            [
              80.54871082305908,
              19.045892256494053
            ],
            [
              80.54892539978027,
              19.050719546362462
            ],
            [
              80.54926872253418,
              19.05319398504378
            ],
            [
              80.550856590271,
              19.054208088595306
            ],
            [
              80.55214405059814,
              19.055708950474482
            ],
            [
              80.55424690246582,
              19.056641911825196
            ],
            [
              80.55454730987549,
              19.057250362052823
            ],
            [
              80.55609226226807,
              19.057696557467825
            ]
          ]
        ]
      }
    },
    {
      "type": "Feature",
      "properties": {
        "v_name": "Chuchkonta",
        "v_code": "451107",
        "d_name": "Bijapur",
        "d_code": "636",
        "b_name": "Bhairamgarh",
        "b_code": "3379",
        "gp_name": "Sagamaeta",
        "gp_code": "123358",
        "s_name": "Chhattisgarh",
        "s_code": "22",
        "centroid": [
          19.095246,
          80.612732
        ],
        "excel_area_ha": 3394.0,
        "excel_name": "Chuchkonta",
        "geojson_area_ha": 3380.85
      },
      "geometry": {
        "type": "Polygon",
        "coordinates": [
          [
            [
              80.60025215148926,
              19.133694489309757
            ],
            [
              80.60115337371826,
              19.13357285563707
            ],
            [
              80.60222625732422,
              19.13288359646636
            ],
            [
              80.60329914093018,
              19.13300523064669
            ],
            [
              80.60510158538818,
              19.132843051719675
            ],
            [
              80.60595989227295,
              19.13215378950316
            ],
            [
              80.60690402984619,
              19.131464524410145
            ],
            [
              80.61046600341797,
              19.131099618196398
            ],
            [
              80.61153888702393,
              19.130450894048067
            ],
            [
              80.61231136322021,
              19.130329257986606
            ],
            [
              80.61334133148193,
              19.129518348621144
            ],
            [
              80.61437129974365,
              19.129112892445587
            ],
            [
              80.6147575378418,
              19.128666889503027
            ],
            [
              80.61548709869385,
              19.12813979356389
            ],
            [
              80.61806201934814,
              19.126761227002667
            ],
            [
              80.61896324157715,
              19.126436856728247
            ],
            [
              80.61986446380615,
              19.12595030012253
            ],
            [
              80.62110900878906,
              19.12574756778058
            ],
            [
              80.6222677230835,
              19.125301555752653
            ],
            [
              80.62346935272217,
              19.124977182612483
            ],
            [
              80.6255292892456,
              19.124531168504962
            ],
            [
              80.62600135803223,
              19.124531168504962
            ],
            [
              80.62660217285156,
              19.124409528084872
            ],
            [
              80.62737464904785,
              19.123963512445066
            ],
            [
              80.62874794006348,
              19.12343640150042
            ],
            [
              80.62913417816162,
              19.122828194474906
            ],
            [
              80.62874794006348,
              19.12124684573224
            ],
            [
              80.62836170196533,
              19.119949317513655
            ],
            [
              80.627760887146,
              19.118651779108404
            ],
            [
              80.6269884109497,
              19.116583806221726
            ],
            [
              80.62763214111328,
              19.114961848600142
            ],
            [
              80.62840461730957,
              19.113502073134942
            ],
            [
              80.62891960144043,
              19.11301547844899
            ],
            [
              80.62969207763672,
              19.112082834631465
            ],
            [
              80.63256740570068,
              19.10891991642824
            ],
            [
              80.63552856445312,
              19.104945907809654
            ],
            [
              80.63681602478027,
              19.103323836036598
            ],
            [
              80.63776016235352,
              19.100363514051633
            ],
            [
              80.63806056976318,
              19.0991063749944
            ],
            [
              80.6420087814331,
              19.09857918480531
            ],
            [
              80.64209461212158,
              19.098092546216915
            ],
            [
              80.64209461212158,
              19.096754282719747
            ],
            [
              80.6413221359253,
              19.095132130638458
            ],
            [
              80.6402063369751,
              19.093307190542596
            ],
            [
              80.64037799835205,
              19.091725559517354
            ],
            [
              80.64093589782715,
              19.088967807738975
            ],
            [
              80.6396484375,
              19.088035028358625
            ],
            [
              80.63956260681152,
              19.08706168775037
            ],
            [
              80.63900470733643,
              19.08637223469104
            ],
            [
              80.6385326385498,
              19.08539888430845
            ],
            [
              80.63767433166504,
              19.084222744962908
            ],
            [
              80.63681602478027,
              19.083330495749493
            ],
            [
              80.6356143951416,
              19.081586540225626
            ],
            [
              80.63509941101074,
              19.080734834342575
            ],
            [
              80.63475608825684,
              19.079842566339337
            ],
            [
              80.63467025756836,
              19.0788691775816
            ],
            [
              80.63518524169922,
              19.077895783104296
            ],
            [
              80.63484191894531,
              19.07744964205745
            ],
            [
              80.63488483428955,
              19.075786742116698
            ],
            [
              80.6352710723877,
              19.074772770547145
            ],
            [
              80.63544273376465,
              19.072744808793335
            ],
            [
              80.63518524169922,
              19.07237977304194
            ],
            [
              80.63389778137207,
              19.07104130174089
            ],
            [
              80.63286781311035,
              19.069824500268606
            ],
            [
              80.63170909881592,
              19.068769931766617
            ],
            [
              80.63020706176758,
              19.067958720660954
            ],
            [
              80.62982082366943,
              19.067918160001454
            ],
            [
              80.6315803527832,
              19.065768430845942
            ],
            [
              80.63188076019287,
              19.064389344634417
            ],
            [
              80.6344985961914,
              19.061468888907843
            ],
            [
              80.63574314117432,
              19.060373704749104
            ],
            [
              80.63668727874756,
              19.059643577958326
            ],
            [
              80.6335973739624,
              19.058102188621632
            ],
            [
              80.63063621520996,
              19.056763602049287
            ],
            [
              80.62913417816162,
              19.057331488581198
            ],
            [
              80.62604427337646,
              19.05875119640422
            ],
            [
              80.62364101409912,
              19.06004920435006
            ],
            [
              80.61977863311768,
              19.05956245256092
            ],
            [
              80.61698913574219,
              19.059035136510477
            ],
            [
              80.61398506164551,
              19.061468888907843
            ],
            [
              80.6118392944336,
              19.061306639859257
            ],
            [
              80.6105089187622,
              19.060211454628956
            ],
            [
              80.60956478118896,
              19.060414267254338
            ],
            [
              80.60763359069824,
              19.060982141285816
            ],
            [
              80.60673236846924,
              19.062077321426145
            ],
            [
              80.60604572296143,
              19.0626046278028
            ],
            [
              80.60136795043945,
              19.06503832781003
            ],
            [
              80.5986213684082,
              19.068323766149803
            ],
            [
              80.59797763824463,
              19.069459458084918
            ],
            [
              80.59711933135986,
              19.07075738219641
            ],
            [
              80.59634685516357,
              19.071811938052647
            ],
            [
              80.5953598022461,
              19.073069284341756
            ],
            [
              80.59463024139404,
              19.074164384627
            ],
            [
              80.59342861175537,
              19.075016124289743
            ],
            [
              80.59162616729736,
              19.0758678595742
            ],
            [
              80.58960914611816,
              19.07655735635948
            ],
            [
              80.58690547943115,
              19.0776929918683
            ],
            [
              80.58566093444824,
              19.078341922949694
            ],
            [
              80.58587551116943,
              19.07931531480556
            ],
            [
              80.58570384979248,
              19.08093762185482
            ],
            [
              80.585618019104,
              19.0810187367902
            ],
            [
              80.58574676513672,
              19.0810187367902
            ],
            [
              80.58789253234863,
              19.08365495056511
            ],
            [
              80.5902099609375,
              19.086169453833147
            ],
            [
              80.59184074401855,
              19.0872644675156
            ],
            [
              80.59381484985352,
              19.088278362616656
            ],
            [
              80.59557437896729,
              19.088643363333155
            ],
            [
              80.59613227844238,
              19.089616694643215
            ],
            [
              80.59797763824463,
              19.09111723586833
            ],
            [
              80.59892177581787,
              19.09213110737477
            ],
            [
              80.59947967529297,
              19.09326663608971
            ],
            [
              80.60016632080078,
              19.094158831758012
            ],
            [
              80.60093879699707,
              19.094726590133845
            ],
            [
              80.60162544250488,
              19.09553767014937
            ],
            [
              80.60235500335693,
              19.096875943484875
            ],
            [
              80.6037712097168,
              19.09866029109757
            ],
            [
              80.60441493988037,
              19.0997552221521
            ],
            [
              80.60068130493164,
              19.101255671458972
            ],
            [
              80.59879302978516,
              19.101985614850342
            ],
            [
              80.59711933135986,
              19.102472241988725
            ],
            [
              80.59553146362305,
              19.103161627984502
            ],
            [
              80.59355735778809,
              19.10283721140317
            ],
            [
              80.59299945831299,
              19.10283721140317
            ],
            [
              80.59214115142822,
              19.103567147816527
            ],
            [
              80.59046745300293,
              19.10364825166364
            ],
            [
              80.58810710906982,
              19.103526595878055
            ],
            [
              80.58660507202148,
              19.103039971841053
            ],
            [
              80.58463096618652,
              19.10283721140317
            ],
            [
              80.58312892913818,
              19.102918315608147
            ],
            [
              80.5815839767456,
              19.103769907359762
            ],
            [
              80.57982444763184,
              19.104621494727496
            ],
            [
              80.5797815322876,
              19.10470259805768
            ],
            [
              80.57969570159912,
              19.105797489123184
            ],
            [
              80.57982444763184,
              19.10705457733487
            ],
            [
              80.58016777038574,
              19.10843330825828
            ],
            [
              80.58063983917236,
              19.109730926863044
            ],
            [
              80.58282852172852,
              19.11455635670827
            ],
            [
              80.58475971221924,
              19.115570084573125
            ],
            [
              80.58724880218506,
              19.11804355447447
            ],
            [
              80.58922290802002,
              19.119706029838593
            ],
            [
              80.59106826782227,
              19.121449583596174
            ],
            [
              80.59454441070557,
              19.12716668895011
            ],
            [
              80.59669017791748,
              19.131059073011773
            ],
            [
              80.59802055358887,
              19.133613400204585
            ],
            [
              80.59947967529297,
              19.133613400204585
            ],
            [
              80.60025215148926,
              19.133694489309757
            ]
          ]
        ]
      }
    },
    {
      "type": "Feature",
      "properties": {
        "v_name": "Doke",
        "v_code": "451113",
        "d_name": "Bijapur",
        "d_code": "636",
        "b_name": "Bhairamgarh",
        "b_code": "3379",
        "gp_name": "Sagamaeta",
        "gp_code": "123358",
        "s_name": "Chhattisgarh",
        "s_code": "22",
        "centroid": [
          19.148551,
          80.61324
        ],
        "excel_area_ha": 2579.0,
        "excel_name": "Doke",
        "geojson_area_ha": 2557.93
      },
      "geometry": {
        "type": "Polygon",
        "coordinates": [
          [
            [
              80.65432548522949,
              19.143060013044064
            ],
            [
              80.65385341644287,
              19.141924826342485
            ],
            [
              80.65382889344323,
              19.141924826342485
            ],
            [
              80.65368175506592,
              19.141195059340436
            ],
            [
              80.65381050109863,
              19.139938230829962
            ],
            [
              80.65072059631348,
              19.14062746055285
            ],
            [
              80.64797401428223,
              19.141113973918838
            ],
            [
              80.64655780792236,
              19.14030311751229
            ],
            [
              80.64436912536621,
              19.138884109217425
            ],
            [
              80.64316749572754,
              19.138316502484443
            ],
            [
              80.64235210418701,
              19.137586719531853
            ],
            [
              80.64102172851562,
              19.13624877574114
            ],
            [
              80.63866138458252,
              19.133653944762152
            ],
            [
              80.63784599304199,
              19.13288359646636
            ],
            [
              80.63733100891113,
              19.132275424220982
            ],
            [
              80.63690185546875,
              19.13186997481322
            ],
            [
              80.63638687133789,
              19.13065362061812
            ],
            [
              80.63548564910889,
              19.129153438107927
            ],
            [
              80.63389778137207,
              19.128018155800635
            ],
            [
              80.6324815750122,
              19.12680177324219
            ],
            [
              80.63003540039062,
              19.1240851531935
            ],
            [
              80.63003540039062,
              19.12400405937116
            ],
            [
              80.62913417816162,
              19.12286874167959
            ],
            [
              80.62874794006348,
              19.12343640150042
            ],
            [
              80.62737464904785,
              19.123963512445066
            ],
            [
              80.62660217285156,
              19.124409528084872
            ],
            [
              80.62600135803223,
              19.124531168504962
            ],
            [
              80.6255292892456,
              19.124531168504962
            ],
            [
              80.62346935272217,
              19.124977182612483
            ],
            [
              80.6222677230835,
              19.125301555752653
            ],
            [
              80.62110900878906,
              19.12574756778058
            ],
            [
              80.61986446380615,
              19.12595030012253
            ],
            [
              80.61896324157715,
              19.126436856728247
            ],
            [
              80.61806201934814,
              19.126761227002667
            ],
            [
              80.61548709869385,
              19.12813979356389
            ],
            [
              80.6147575378418,
              19.128666889503027
            ],
            [
              80.61437129974365,
              19.129112892445587
            ],
            [
              80.61334133148193,
              19.129518348621144
            ],
            [
              80.61231136322021,
              19.130329257986606
            ],
            [
              80.61153888702393,
              19.130450894048067
            ],
            [
              80.61046600341797,
              19.131099618196398
            ],
            [
              80.60690402984619,
              19.131464524410145
            ],
            [
              80.60595989227295,
              19.13215378950316
            ],
            [
              80.60510158538818,
              19.132843051719675
            ],
            [
              80.60329914093018,
              19.13300523064669
            ],
            [
              80.60222625732422,
              19.13288359646636
            ],
            [
              80.60115337371826,
              19.13357285563707
            ],
            [
              80.60025215148926,
              19.133694489309757
            ],
            [
              80.59947967529297,
              19.133613400204585
            ],
            [
              80.59677600860596,
              19.133694489309757
            ],
            [
              80.59608936309814,
              19.13422156752285
            ],
            [
              80.59548854827881,
              19.134505378171568
            ],
            [
              80.59398651123047,
              19.134789188332526
            ],
            [
              80.59317111968994,
              19.13531626305165
            ],
            [
              80.59252738952637,
              19.136613670577425
            ],
            [
              80.59171199798584,
              19.13774889380008
            ],
            [
              80.5896520614624,
              19.138884109217425
            ],
            [
              80.58896541595459,
              19.139330084567217
            ],
            [
              80.58780670166016,
              19.139816601756632
            ],
            [
              80.58724880218506,
              19.14042474622718
            ],
            [
              80.58681964874268,
              19.141397772720175
            ],
            [
              80.58648670672986,
              19.141924826342485
            ],
            [
              80.58647632598877,
              19.141924826342485
            ],
            [
              80.58523178100586,
              19.143911397946827
            ],
            [
              80.58463096618652,
              19.14516819620529
            ],
            [
              80.5843734741211,
              19.14577632095904
            ],
            [
              80.58351516723633,
              19.14703310501574
            ],
            [
              80.58197021484375,
              19.148411502330354
            ],
            [
              80.58197787414348,
              19.148411502330354
            ],
            [
              80.58098316192627,
              19.149303400339505
            ],
            [
              80.58046817779541,
              19.15051961712795
            ],
            [
              80.57913780212402,
              19.152303385533738
            ],
            [
              80.5788803100586,
              19.153397961143206
            ],
            [
              80.57767868041992,
              19.155870864483557
            ],
            [
              80.57737827301025,
              19.157046494052775
            ],
            [
              80.57647705078125,
              19.158059961093493
            ],
            [
              80.57626247406006,
              19.158911268594757
            ],
            [
              80.57566165924072,
              19.15915449850224
            ],
            [
              80.5766487121582,
              19.1606544083376
            ],
            [
              80.57742118835449,
              19.161303013770674
            ],
            [
              80.57845115661621,
              19.162316454652185
            ],
            [
              80.57909488677979,
              19.16308666555612
            ],
            [
              80.57935237884521,
              19.16377579857819
            ],
            [
              80.57973861694336,
              19.16430278071029
            ],
            [
              80.58102607727051,
              19.165518886893764
            ],
            [
              80.58141231536865,
              19.166045863453913
            ],
            [
              80.58197021484375,
              19.167018738831345
            ],
            [
              80.58248519897461,
              19.16762678302643
            ],
            [
              80.58261394500732,
              19.168640185033755
            ],
            [
              80.58364391326904,
              19.171275001091747
            ],
            [
              80.58433055877686,
              19.171801959248455
            ],
            [
              80.58544635772705,
              19.17313961469374
            ],
            [
              80.58827877044678,
              19.174071913582587
            ],
            [
              80.59106826782227,
              19.173180149537725
            ],
            [
              80.59252738952637,
              19.172572125830975
            ],
            [
              80.5936861038208,
              19.171477677505276
            ],
            [
              80.59643268585205,
              19.169329294839695
            ],
            [
              80.59763431549072,
              19.169248223247365
            ],
            [
              80.59875011444092,
              19.16868072098445
            ],
            [
              80.60046672821045,
              19.167951072346675
            ],
            [
              80.60295581817627,
              19.168072680677277
            ],
            [
              80.60462951660156,
              19.16835643309976
            ],
            [
              80.60832023620605,
              19.167870000076427
            ],
            [
              80.60956478118896,
              19.167099811520284
            ],
            [
              80.61038017272949,
              19.166208009748885
            ],
            [
              80.61587333679199,
              19.164343317727607
            ],
            [
              80.6180191040039,
              19.162559679536866
            ],
            [
              80.61840534210205,
              19.16178946617117
            ],
            [
              80.61892032623291,
              19.15964095724096
            ],
            [
              80.6193494796753,
              19.1585869614934
            ],
            [
              80.62067985534668,
              19.158465346165972
            ],
            [
              80.62209606170654,
              19.158141038187704
            ],
            [
              80.62265396118164,
              19.157776190949853
            ],
            [
              80.62278270721436,
              19.157087032853976
            ],
            [
              80.62346935272217,
              19.15700595524161
            ],
            [
              80.62449932098389,
              19.15724918795914
            ],
            [
              80.62467098236084,
              19.15724918795914
            ],
            [
              80.62728881835938,
              19.15672218328445
            ],
            [
              80.62879085540771,
              19.155951942653907
            ],
            [
              80.62917709350586,
              19.15599248172414
            ],
            [
              80.6310224533081,
              19.155830325383434
            ],
            [
              80.63149452209473,
              19.155627629733374
            ],
            [
              80.63316822052002,
              19.15558709057347
            ],
            [
              80.63445568084717,
              19.155911403573715
            ],
            [
              80.63539981842041,
              19.15647894978971
            ],
            [
              80.63703060150146,
              19.15696541642048
            ],
            [
              80.63771724700928,
              19.157411342904872
            ],
            [
              80.6385326385498,
              19.15757349769118
            ],
            [
              80.63956260681152,
              19.158465346165972
            ],
            [
              80.6402063369751,
              19.15907342190627
            ],
            [
              80.6416654586792,
              19.160005800353275
            ],
            [
              80.64269542694092,
              19.15988418607219
            ],
            [
              80.64333915710449,
              19.160613870413325
            ],
            [
              80.64376831054688,
              19.160411180642452
            ],
            [
              80.64428329467773,
              19.160735484156255
            ],
            [
              80.64471244812012,
              19.160938173528496
            ],
            [
              80.64587116241455,
              19.16114086265159
            ],
            [
              80.64810276031494,
              19.16134355152553
            ],
            [
              80.64818859100342,
              19.159681495404413
            ],
            [
              80.64913272857666,
              19.154857383991455
            ],
            [
              80.64908981323242,
              19.154046595114274
            ],
            [
              80.64969062805176,
              19.152992563616134
            ],
            [
              80.65042018890381,
              19.149100696669844
            ],
            [
              80.65127849578857,
              19.147762846204795
            ],
            [
              80.65192222595215,
              19.146587150478275
            ],
            [
              80.65295219421387,
              19.14516819620529
            ],
            [
              80.65432548522949,
              19.143060013044064
            ]
          ]
        ]
      }
    },
    {
      "type": "Feature",
      "properties": {
        "v_name": "Wayanar",
        "v_code": "451122",
        "d_name": "Bijapur",
        "d_code": "636",
        "b_name": "Bhairamgarh",
        "b_code": "3379",
        "gp_name": "Bedre",
        "gp_code": "123320",
        "s_name": "Chhattisgarh",
        "s_code": "22",
        "centroid": [
          19.234651,
          80.675793
        ],
        "excel_area_ha": 1108.0,
        "excel_name": "Wayanar",
        "geojson_area_ha": 1129.35
      },
      "geometry": {
        "type": "Polygon",
        "coordinates": [
          [
            [
              80.68058967590332,
              19.25204204400186
            ],
            [
              80.68161964416504,
              19.25171792047361
            ],
            [
              80.68252086639404,
              19.251596373985418
            ],
            [
              80.68466663360596,
              19.25102915584984
            ],
            [
              80.6859540939331,
              19.25025935667195
            ],
            [
              80.68625450134277,
              19.250056777340614
            ],
            [
              80.68758487701416,
              19.248476649971924
            ],
            [
              80.68973064422607,
              19.246450823393335
            ],
            [
              80.68977355957031,
              19.245762036659478
            ],
            [
              80.68895816802979,
              19.244141350588027
            ],
            [
              80.68779945373535,
              19.24308789605933
            ],
            [
              80.68702697753906,
              19.24252875142777
            ],
            [
              80.68702697753906,
              19.242520648512507
            ],
            [
              80.68432331085205,
              19.240292157029106
            ],
            [
              80.68428039550781,
              19.238185191804195
            ],
            [
              80.68290710449219,
              19.236726507731532
            ],
            [
              80.68290710449219,
              19.235470408284666
            ],
            [
              80.68359375,
              19.23356598111836
            ],
            [
              80.68385124206543,
              19.23287714032138
            ],
            [
              80.68552494049072,
              19.23012174824129
            ],
            [
              80.68689823150635,
              19.22878455601369
            ],
            [
              80.68732738494873,
              19.228095695163333
            ],
            [
              80.68865776062012,
              19.224813436146913
            ],
            [
              80.68977355957031,
              19.22323306582641
            ],
            [
              80.69046020507812,
              19.22189581752922
            ],
            [
              80.69058895111084,
              19.22043698879401
            ],
            [
              80.69080352783203,
              19.22007227958677
            ],
            [
              80.69239139556885,
              19.21869448194428
            ],
            [
              80.69475173950195,
              19.217316672751767
            ],
            [
              80.69745540618896,
              19.21553360841742
            ],
            [
              80.6986141204834,
              19.21468259362141
            ],
            [
              80.69904327392578,
              19.214155772730454
            ],
            [
              80.69947242736816,
              19.213061600870404
            ],
            [
              80.7000732421875,
              19.21107586296977
            ],
            [
              80.70028781890869,
              19.209860093235488
            ],
            [
              80.69822788238525,
              19.210508504879066
            ],
            [
              80.69629669189453,
              19.21018429937688
            ],
            [
              80.69337844848633,
              19.211237964921832
            ],
            [
              80.69324970245361,
              19.211237964921832
            ],
            [
              80.69204807281494,
              19.211683744465986
            ],
            [
              80.68779945373535,
              19.212088997548264
            ],
            [
              80.68775653839111,
              19.21217004804486
            ],
            [
              80.68702697753906,
              19.2127171369416
            ],
            [
              80.68702697753906,
              19.212696875298835
            ],
            [
              80.68629741668701,
              19.213264225838337
            ],
            [
              80.68552494049072,
              19.214642068997428
            ],
            [
              80.68483829498291,
              19.21601990060856
            ],
            [
              80.68359375,
              19.21589832769564
            ],
            [
              80.68273544311523,
              19.21581727903708
            ],
            [
              80.68149089813232,
              19.21589832769564
            ],
            [
              80.68050384521484,
              19.21565518160007
            ],
            [
              80.68196296691895,
              19.217235624792533
            ],
            [
              80.68144798278809,
              19.218167673910926
            ],
            [
              80.68020629905732,
              19.219926395005718
            ],
            [
              80.67904472351074,
              19.221287973796695
            ],
            [
              80.67758560180664,
              19.22197686319035
            ],
            [
              80.67672729492188,
              19.222179477168293
            ],
            [
              80.67599773406982,
              19.22209843160709
            ],
            [
              80.6751823425293,
              19.222179477168293
            ],
            [
              80.67419528961182,
              19.222138954392687
            ],
            [
              80.67376613616943,
              19.221369019757603
            ],
            [
              80.67265033721924,
              19.220842220297246
            ],
            [
              80.67166328430176,
              19.220477511989298
            ],
            [
              80.66977500915527,
              19.22063960467053
            ],
            [
              80.66724300384521,
              19.2205585583499
            ],
            [
              80.6662130355835,
              19.22063960467053
            ],
            [
              80.66393852233887,
              19.220234372667687
            ],
            [
              80.66320896148682,
              19.220234372667687
            ],
            [
              80.66243648529053,
              19.219991232986356
            ],
            [
              80.66170692443848,
              19.22043698879401
            ],
            [
              80.6621789932251,
              19.220518035174596
            ],
            [
              80.66222190856934,
              19.22132849678215
            ],
            [
              80.66213607788086,
              19.222219999933902
            ],
            [
              80.66136360168457,
              19.223638290434597
            ],
            [
              80.6612777709961,
              19.224529781054848
            ],
            [
              80.66132068634033,
              19.22538074486192
            ],
            [
              80.66067695617676,
              19.229716539624906
            ],
            [
              80.66059112548828,
              19.231702052293482
            ],
            [
              80.65943241119385,
              19.23624027682747
            ],
            [
              80.65973281860352,
              19.23741533238078
            ],
            [
              80.66123485565186,
              19.239886973509034
            ],
            [
              80.66059112548828,
              19.242358577424778
            ],
            [
              80.66144943237305,
              19.244181867934866
            ],
            [
              80.66269397735596,
              19.24661289043998
            ],
            [
              80.66295146942139,
              19.248760263697086
            ],
            [
              80.66312313079834,
              19.25171792047361
            ],
            [
              80.66338062286377,
              19.253541106989882
            ],
            [
              80.66488265991211,
              19.2548375828511
            ],
            [
              80.66556930541992,
              19.255769418546812
            ],
            [
              80.66591262817383,
              19.25645816326714
            ],
            [
              80.66728591918945,
              19.256944334269523
            ],
            [
              80.66904544830322,
              19.256822791654034
            ],
            [
              80.6711483001709,
              19.25617456285022
            ],
            [
              80.67299365997314,
              19.256134048464915
            ],
            [
              80.6749677658081,
              19.256215077225516
            ],
            [
              80.67612648010254,
              19.255607360545238
            ],
            [
              80.67784309387207,
              19.253986771722975
            ],
            [
              80.68016052246094,
              19.252301075566326
            ],
            [
              80.68016052246094,
              19.25232565156377
            ],
            [
              80.68058967590332,
              19.25204204400186
            ]
          ]
        ]
      }
    },
    {
      "type": "Feature",
      "properties": {
        "v_name": "Edkapalli",
        "v_code": "451125",
        "d_name": "Bijapur",
        "d_code": "636",
        "b_name": "Bhairamgarh",
        "b_code": "3379",
        "gp_name": "Karkeli",
        "gp_code": "123335",
        "s_name": "Chhattisgarh",
        "s_code": "22",
        "centroid": [
          19.16064,
          80.673109
        ],
        "excel_area_ha": 2415.0,
        "excel_name": "Edkapalli",
        "geojson_area_ha": 2412.17
      },
      "geometry": {
        "type": "Polygon",
        "coordinates": [
          [
            [
              80.6852674484253,
              19.142492420669143
            ],
            [
              80.684494972229,
              19.142451878281967
            ],
            [
              80.68436622619629,
              19.14220862374978
            ],
            [
              80.684494972229,
              19.141438315366255
            ],
            [
              80.684494972229,
              19.140951802956153
            ],
            [
              80.68423748016357,
              19.14001931682907
            ],
            [
              80.68428039550781,
              19.139248998229593
            ],
            [
              80.6839370727539,
              19.138397589280054
            ],
            [
              80.68359375,
              19.137870524396714
            ],
            [
              80.68316459655762,
              19.136654214398344
            ],
            [
              80.68316459655762,
              19.135883880098497
            ],
            [
              80.68264961242676,
              19.135397351320655
            ],
            [
              80.68264961242676,
              19.135275718902214
            ],
            [
              80.68290710449219,
              19.134829732601418
            ],
            [
              80.68299293518066,
              19.13458646683876
            ],
            [
              80.68286418914795,
              19.133613400204585
            ],
            [
              80.68299293518066,
              19.133329588022942
            ],
            [
              80.68329334259033,
              19.13304577535356
            ],
            [
              80.68350791931152,
              19.13235651398309
            ],
            [
              80.68239212036133,
              19.13231596910701
            ],
            [
              80.6812334060669,
              19.132761962196447
            ],
            [
              80.68016052246094,
              19.132964685929863
            ],
            [
              80.68016052246094,
              19.132982824320187
            ],
            [
              80.67857265472412,
              19.133653944762152
            ],
            [
              80.67715644836426,
              19.133978300864303
            ],
            [
              80.67389488220215,
              19.13438374509613
            ],
            [
              80.67187786102295,
              19.13434320071774
            ],
            [
              80.67067623138428,
              19.134870276860347
            ],
            [
              80.66938877105713,
              19.135154086394177
            ],
            [
              80.66853046417236,
              19.13576224803843
            ],
            [
              80.66707134246826,
              19.137019108338652
            ],
            [
              80.66539764404297,
              19.135924424098615
            ],
            [
              80.66389560699463,
              19.136654214398344
            ],
            [
              80.65861701965332,
              19.13864084942795
            ],
            [
              80.65642833709717,
              19.13920845504584
            ],
            [
              80.65496921539307,
              19.139776058712272
            ],
            [
              80.65381050109863,
              19.139978773834496
            ],
            [
              80.65368175506592,
              19.141195059340436
            ],
            [
              80.65385341644287,
              19.142046453862502
            ],
            [
              80.65432548522949,
              19.143060013044064
            ],
            [
              80.65295219421387,
              19.14516819620529
            ],
            [
              80.65196514129639,
              19.146506067705623
            ],
            [
              80.65084934234619,
              19.148411502330354
            ],
            [
              80.65085764776637,
              19.148411502330354
            ],
            [
              80.65046310424805,
              19.149019615132254
            ],
            [
              80.64969062805176,
              19.152992563616134
            ],
            [
              80.64908981323242,
              19.154046595114274
            ],
            [
              80.64913272857666,
              19.154857383991455
            ],
            [
              80.64818859100342,
              19.159681495404413
            ],
            [
              80.64810276031494,
              19.16126247600585
            ],
            [
              80.64784526824951,
              19.16308666555612
            ],
            [
              80.6477165222168,
              19.166167473190093
            ],
            [
              80.64784526824951,
              19.167099811520284
            ],
            [
              80.64818859100342,
              19.168923936479256
            ],
            [
              80.64737319946289,
              19.17192356473762
            ],
            [
              80.64775943756104,
              19.17261266081456
            ],
            [
              80.64848899841309,
              19.173342288813945
            ],
            [
              80.65033435821533,
              19.174031378957977
            ],
            [
              80.65217971801758,
              19.175612221928553
            ],
            [
              80.65278053283691,
              19.176220234416924
            ],
            [
              80.6541109085083,
              19.177314651241435
            ],
            [
              80.6550121307373,
              19.17784159008246
            ],
            [
              80.65793037414551,
              19.180922121883263
            ],
            [
              80.65938949584961,
              19.18274609382008
            ],
            [
              80.66089153289795,
              19.18319195055444
            ],
            [
              80.66312313079834,
              19.18367833834255
            ],
            [
              80.66582679748535,
              19.18436738524995
            ],
            [
              80.66956043243408,
              19.185421216119796
            ],
            [
              80.67179203033447,
              19.186596634902774
            ],
            [
              80.67337989807129,
              19.187326200961518
            ],
            [
              80.67513942718506,
              19.188623199306043
            ],
            [
              80.6760835647583,
              19.188623199306043
            ],
            [
              80.67677021026611,
              19.18708301263446
            ],
            [
              80.67925930023193,
              19.18554281155541
            ],
            [
              80.68016052246094,
              19.185037879368117
            ],
            [
              80.68016052246094,
              19.1850564292742
            ],
            [
              80.68179130554199,
              19.184124192553018
            ],
            [
              80.68359375,
              19.183435144628064
            ],
            [
              80.68659782409668,
              19.182300235878667
            ],
            [
              80.69114685058594,
              19.18258396379922
            ],
            [
              80.69372177124023,
              19.181489581983765
            ],
            [
              80.69380760192871,
              19.18140851637482
            ],
            [
              80.6940221786499,
              19.180922121883263
            ],
            [
              80.69286346435547,
              19.178976529553715
            ],
            [
              80.69252014160156,
              19.17743625266204
            ],
            [
              80.69252014160156,
              19.176625574829252
            ],
            [
              80.69239139556885,
              19.175004207196384
            ],
            [
              80.69286346435547,
              19.173261219195776
            ],
            [
              80.69196224212646,
              19.171599283233746
            ],
            [
              80.69209098815918,
              19.170707505807794
            ],
            [
              80.69324970245361,
              19.16669444767685
            ],
            [
              80.69372177124023,
              19.165599960320357
            ],
            [
              80.69406509399414,
              19.163937947105943
            ],
            [
              80.69582462310791,
              19.16223537961089
            ],
            [
              80.69758415222168,
              19.161586777845375
            ],
            [
              80.6997299194336,
              19.161059787032247
            ],
            [
              80.70191860198975,
              19.161100324846903
            ],
            [
              80.70281982421875,
              19.16077602205064
            ],
            [
              80.70397853851318,
              19.160613870413325
            ],
            [
              80.70560932159424,
              19.16012741454466
            ],
            [
              80.7072401046753,
              19.159397728050976
            ],
            [
              80.7081413269043,
              19.15887073024196
            ],
            [
              80.71024417877197,
              19.158019422531435
            ],
            [
              80.7105016708374,
              19.15680326103632
            ],
            [
              80.70831298828125,
              19.15656002766115
            ],
            [
              80.70642471313477,
              19.15656002766115
            ],
            [
              80.70505142211914,
              19.156235715936276
            ],
            [
              80.70483684539795,
              19.156397871878426
            ],
            [
              80.70440769195557,
              19.156519488730414
            ],
            [
              80.70397853851318,
              19.156519488730414
            ],
            [
              80.70329189300537,
              19.156114098875047
            ],
            [
              80.70303440093994,
              19.155789786273353
            ],
            [
              80.70286273956299,
              19.155100619877476
            ],
            [
              80.70213317871094,
              19.154208753208525
            ],
            [
              80.70170402526855,
              19.153438500841116
            ],
            [
              80.70131778717041,
              19.153195262504198
            ],
            [
              80.7009744644165,
              19.15173582495115
            ],
            [
              80.70080280303955,
              19.15157366442607
            ],
            [
              80.69964408874512,
              19.150803399755272
            ],
            [
              80.69942951202393,
              19.150722319054413
            ],
            [
              80.69835662841797,
              19.150762859409824
            ],
            [
              80.69732666015625,
              19.151127722160233
            ],
            [
              80.69689750671387,
              19.15108718189448
            ],
            [
              80.69672584533691,
              19.15096556103744
            ],
            [
              80.69651126861572,
              19.150438536287634
            ],
            [
              80.6960391998291,
              19.150357455407473
            ],
            [
              80.69552421569824,
              19.150762859409824
            ],
            [
              80.69479465484619,
              19.15108718189448
            ],
            [
              80.69453716278076,
              19.15108718189448
            ],
            [
              80.6942367553711,
              19.151006101333085
            ],
            [
              80.69397926330566,
              19.150803399755272
            ],
            [
              80.69393634796143,
              19.149992590953662
            ],
            [
              80.69385051727295,
              19.1498304287152
            ],
            [
              80.69359302520752,
              19.149749347536204
            ],
            [
              80.69286346435547,
              19.150073672013125
            ],
            [
              80.69209098815918,
              19.15023583401252
            ],
            [
              80.69161891937256,
              19.1498304287152
            ],
            [
              80.6914472579956,
              19.149587185058675
            ],
            [
              80.6911039352417,
              19.149262859625495
            ],
            [
              80.69088935852051,
              19.148411502330354
            ],
            [
              80.69063186645508,
              19.148168256582075
            ],
            [
              80.69046020507812,
              19.147803387287347
            ],
            [
              80.69024562835693,
              19.147641222897388
            ],
            [
              80.69011688232422,
              19.1473574348315
            ],
            [
              80.6900816697445,
              19.14733144681892
            ],
            [
              80.69003105163574,
              19.147235811225286
            ],
            [
              80.6887435913086,
              19.1463439020408
            ],
            [
              80.68822860717773,
              19.145857404090233
            ],
            [
              80.68805694580078,
              19.145533071326437
            ],
            [
              80.68801403045654,
              19.14516819620529
            ],
            [
              80.68775653839111,
              19.144803320277465
            ],
            [
              80.68728446960449,
              19.142816759408092
            ],
            [
              80.68702697753906,
              19.14233025106068
            ],
            [
              80.68664073944092,
              19.142249166196702
            ],
            [
              80.6852674484253,
              19.142492420669143
            ]
          ],
          [
            [
              80.68007469177246,
              19.16470815043488
            ],
            [
              80.67878723144531,
              19.16470815043488
            ],
            [
              80.6777572631836,
              19.163937947105943
            ],
            [
              80.67732810974121,
              19.162154304529732
            ],
            [
              80.67659854888916,
              19.16138408927042
            ],
            [
              80.67595481872559,
              19.160411180642452
            ],
            [
              80.6746244430542,
              19.160451718616557
            ],
            [
              80.67312240600586,
              19.160735484156255
            ],
            [
              80.67307949066162,
              19.15943826627422
            ],
            [
              80.673508644104,
              19.15907342190627
            ],
            [
              80.67368030548096,
              19.158343730748854
            ],
            [
              80.67329406738281,
              19.157532959009547
            ],
            [
              80.67213535308838,
              19.156884338748327
            ],
            [
              80.67123413085938,
              19.156884338748327
            ],
            [
              80.67033290863037,
              19.157289726710523
            ],
            [
              80.6691312789917,
              19.157654575024544
            ],
            [
              80.66865921020508,
              19.157492420317954
            ],
            [
              80.66934585571289,
              19.1572086491978
            ],
            [
              80.67067623138428,
              19.15647894978971
            ],
            [
              80.67089080810547,
              19.156195176925827
            ],
            [
              80.67041873931885,
              19.15570870802329
            ],
            [
              80.66853046417236,
              19.155627629733374
            ],
            [
              80.66436767578125,
              19.1549790019793
            ],
            [
              80.66385269165039,
              19.15453306891881
            ],
            [
              80.66428184509277,
              19.154046595114274
            ],
            [
              80.66535472869873,
              19.1540060555658
            ],
            [
              80.66629886627197,
              19.153560119875078
            ],
            [
              80.66792964935303,
              19.15428983219588
            ],
            [
              80.66883087158203,
              19.154330371674607
            ],
            [
              80.66938877105713,
              19.15368173881937
            ],
            [
              80.6694746017456,
              19.15307364320125
            ],
            [
              80.66900253295898,
              19.152506085268605
            ],
            [
              80.66874504089355,
              19.15177636505752
            ],
            [
              80.6687879562378,
              19.15128988312364
            ],
            [
              80.66960334777832,
              19.15088448041628
            ],
            [
              80.6702470779419,
              19.15128988312364
            ],
            [
              80.67119121551514,
              19.152019605486515
            ],
            [
              80.67183494567871,
              19.152789864479004
            ],
            [
              80.67217826843262,
              19.153762818065758
            ],
            [
              80.67299365997314,
              19.154573608337763
            ],
            [
              80.67398071289062,
              19.1549790019793
            ],
            [
              80.67471027374268,
              19.15570870802329
            ],
            [
              80.67539691925049,
              19.156641105492735
            ],
            [
              80.67629814147949,
              19.157330265451932
            ],
            [
              80.67724227905273,
              19.15757349769118
            ],
            [
              80.67870140075684,
              19.157614036362844
            ],
            [
              80.67913055419922,
              19.15773565231805
            ],
            [
              80.67878723144531,
              19.158303192256554
            ],
            [
              80.67792892456055,
              19.15915449850224
            ],
            [
              80.67784309387207,
              19.16012741454466
            ],
            [
              80.67870140075684,
              19.161100324846903
            ],
            [
              80.67938804626465,
              19.16178946617117
            ],
            [
              80.68016052246094,
              19.163451501044264
            ],
            [
              80.68084716796875,
              19.164100095474215
            ],
            [
              80.6821346282959,
              19.163897409988955
            ],
            [
              80.68252086639404,
              19.164221706645765
            ],
            [
              80.68222045898438,
              19.164829761157893
            ],
            [
              80.68166255950928,
              19.16487029804563
            ],
            [
              80.68016052246094,
              19.16470815043488
            ],
            [
              80.68016052246094,
              19.164716915170597
            ],
            [
              80.68007469177246,
              19.16470815043488
            ]
          ]
        ]
      }
    },
    {
      "type": "Feature",
      "properties": {
        "v_name": "Rengawaya",
        "v_code": "451132",
        "d_name": "Bijapur",
        "d_code": "636",
        "b_name": "Bhairamgarh",
        "b_code": "3379",
        "gp_name": "Sagamaeta",
        "gp_code": "123358",
        "s_name": "Chhattisgarh",
        "s_code": "22",
        "centroid": [
          19.176988,
          80.622614
        ],
        "excel_area_ha": 21.0,
        "excel_name": "Rengawaya",
        "geojson_area_ha": 2102.06
      },
      "geometry": {
        "type": "Polygon",
        "coordinates": [
          [
            [
              80.64303874969482,
              19.195351214224342
            ],
            [
              80.64411163330078,
              19.194175857949322
            ],
            [
              80.64535617828369,
              19.193162613044283
            ],
            [
              80.64724445343018,
              19.19291943333891
            ],
            [
              80.64801692962646,
              19.19291943333891
            ],
            [
              80.65398216247559,
              19.19194671092465
            ],
            [
              80.65509796142578,
              19.189190632868847
            ],
            [
              80.65582752227783,
              19.187001949778953
            ],
            [
              80.65728664398193,
              19.184894301527883
            ],
            [
              80.65887451171875,
              19.184124192553018
            ],
            [
              80.65887451171875,
              19.183759402834234
            ],
            [
              80.65934658050537,
              19.182705561329826
            ],
            [
              80.65793037414551,
              19.180922121883263
            ],
            [
              80.6550121307373,
              19.17784159008246
            ],
            [
              80.6541109085083,
              19.177314651241435
            ],
            [
              80.65278053283691,
              19.176220234416924
            ],
            [
              80.65217971801758,
              19.175612221928553
            ],
            [
              80.65033435821533,
              19.174031378957977
            ],
            [
              80.64848899841309,
              19.173342288813945
            ],
            [
              80.64775943756104,
              19.17261266081456
            ],
            [
              80.64737319946289,
              19.17192356473762
            ],
            [
              80.64818859100342,
              19.168923936479256
            ],
            [
              80.64784526824951,
              19.167099811520284
            ],
            [
              80.6477165222168,
              19.166167473190093
            ],
            [
              80.64784526824951,
              19.16308666555612
            ],
            [
              80.64810276031494,
              19.16134355152553
            ],
            [
              80.64587116241455,
              19.16114086265159
            ],
            [
              80.64471244812012,
              19.160938173528496
            ],
            [
              80.64428329467773,
              19.160735484156255
            ],
            [
              80.64376831054688,
              19.160411180642452
            ],
            [
              80.64333915710449,
              19.160613870413325
            ],
            [
              80.64269542694092,
              19.15988418607219
            ],
            [
              80.64179420471191,
              19.160005800353275
            ],
            [
              80.64097881317139,
              19.15960041906754
            ],
            [
              80.6402063369751,
              19.15907342190627
            ],
            [
              80.63956260681152,
              19.158465346165972
            ],
            [
              80.6385326385498,
              19.15757349769118
            ],
            [
              80.63771724700928,
              19.157411342904872
            ],
            [
              80.63703060150146,
              19.15696541642048
            ],
            [
              80.63539981842041,
              19.15647894978971
            ],
            [
              80.63445568084717,
              19.155911403573715
            ],
            [
              80.63316822052002,
              19.15558709057347
            ],
            [
              80.63149452209473,
              19.155627629733374
            ],
            [
              80.6310224533081,
              19.155830325383434
            ],
            [
              80.62917709350586,
              19.15599248172414
            ],
            [
              80.62879085540771,
              19.155951942653907
            ],
            [
              80.62728881835938,
              19.15672218328445
            ],
            [
              80.62467098236084,
              19.15724918795914
            ],
            [
              80.62449932098389,
              19.15724918795914
            ],
            [
              80.62346935272217,
              19.15700595524161
            ],
            [
              80.62278270721436,
              19.157087032853976
            ],
            [
              80.62265396118164,
              19.157776190949853
            ],
            [
              80.62209606170654,
              19.158141038187704
            ],
            [
              80.62067985534668,
              19.158465346165972
            ],
            [
              80.6193494796753,
              19.1585869614934
            ],
            [
              80.61892032623291,
              19.15964095724096
            ],
            [
              80.61840534210205,
              19.16178946617117
            ],
            [
              80.61793327331543,
              19.162640754418696
            ],
            [
              80.61587333679199,
              19.164343317727607
            ],
            [
              80.61038017272949,
              19.166208009748885
            ],
            [
              80.60956478118896,
              19.167099811520284
            ],
            [
              80.60840606689453,
              19.167829463926353
            ],
            [
              80.60462951660156,
              19.16835643309976
            ],
            [
              80.60295581817627,
              19.168072680677277
            ],
            [
              80.60046672821045,
              19.167951072346675
            ],
            [
              80.59875011444092,
              19.16868072098445
            ],
            [
              80.59763431549072,
              19.169248223247365
            ],
            [
              80.59643268585205,
              19.169329294839695
            ],
            [
              80.5936861038208,
              19.171477677505276
            ],
            [
              80.59244155883789,
              19.17261266081456
            ],
            [
              80.59106826782227,
              19.173180149537725
            ],
            [
              80.58827877044678,
              19.174071913582587
            ],
            [
              80.5867338180542,
              19.176990380347675
            ],
            [
              80.58600425720215,
              19.17966559613199
            ],
            [
              80.58475971221924,
              19.1823813010487
            ],
            [
              80.58330059051514,
              19.184813237594867
            ],
            [
              80.58287143707275,
              19.18679929246558
            ],
            [
              80.58282852172852,
              19.18724513822574
            ],
            [
              80.58424472808838,
              19.191744059698152
            ],
            [
              80.58548927307129,
              19.19344632224646
            ],
            [
              80.58596134185791,
              19.19348685209256
            ],
            [
              80.58660507202148,
              19.193851620258375
            ],
            [
              80.5881929397583,
              19.193932679740993
            ],
            [
              80.5885362625122,
              19.19401373918369
            ],
            [
              80.5885362625122,
              19.193932679740993
            ],
            [
              80.5905532836914,
              19.193041023236507
            ],
            [
              80.5925703048706,
              19.19137928686174
            ],
            [
              80.59415817260742,
              19.190730799823367
            ],
            [
              80.59587478637695,
              19.190933452297287
            ],
            [
              80.59776306152344,
              19.190690269298646
            ],
            [
              80.59960842132568,
              19.190609208219268
            ],
            [
              80.60111045837402,
              19.19064973876395
            ],
            [
              80.60338497161865,
              19.1902444328681
            ],
            [
              80.60372829437256,
              19.18996071814727
            ],
            [
              80.60424327850342,
              19.189636472153303
            ],
            [
              80.60471534729004,
              19.189028509193324
            ],
            [
              80.60505867004395,
              19.188987978249497
            ],
            [
              80.60591697692871,
              19.18910957105104
            ],
            [
              80.60638904571533,
              19.188947447295696
            ],
            [
              80.60660362243652,
              19.189231163762777
            ],
            [
              80.60677528381348,
              19.18975806447588
            ],
            [
              80.60698986053467,
              19.18983912597437
            ],
            [
              80.60729026794434,
              19.189474348916832
            ],
            [
              80.60741901397705,
              19.18882585437441
            ],
            [
              80.60797691345215,
              19.188380012894722
            ],
            [
              80.60935020446777,
              19.187974701410948
            ],
            [
              80.61338424682617,
              19.18793417020769
            ],
            [
              80.6153154373169,
              19.18752885762635
            ],
            [
              80.61690330505371,
              19.187407263657384
            ],
            [
              80.6187915802002,
              19.18765045150552
            ],
            [
              80.62098026275635,
              19.18760992022244
            ],
            [
              80.6214952468872,
              19.187690982778616
            ],
            [
              80.62312602996826,
              19.18765045150552
            ],
            [
              80.62570095062256,
              19.186029192399957
            ],
            [
              80.62703132629395,
              19.18606972407215
            ],
            [
              80.62793254852295,
              19.185948129025633
            ],
            [
              80.628662109375,
              19.186029192399957
            ],
            [
              80.62982082366943,
              19.186231850661162
            ],
            [
              80.63162326812744,
              19.186637166435293
            ],
            [
              80.63312530517578,
              19.18683982394821
            ],
            [
              80.63488483428955,
              19.187326200961518
            ],
            [
              80.63557147979736,
              19.188420543988222
            ],
            [
              80.63591480255127,
              19.19004177954597
            ],
            [
              80.63771724700928,
              19.193851620258375
            ],
            [
              80.63891887664795,
              19.194581154164748
            ],
            [
              80.64093589782715,
              19.19527015544038
            ],
            [
              80.64303874969482,
              19.195351214224342
            ]
          ]
        ]
      }
    },
    {
      "type": "Feature",
      "properties": {
        "v_name": "Marrimadgu",
        "v_code": "451133",
        "d_name": "Bijapur",
        "d_code": "636",
        "b_name": "Bhairamgarh",
        "b_code": "3379",
        "gp_name": "Sagamaeta",
        "gp_code": "123358",
        "s_name": "Chhattisgarh",
        "s_code": "22",
        "centroid": [
          19.205011,
          80.61903
        ],
        "excel_area_ha": 19.0,
        "excel_name": "Marrimadgu",
        "geojson_area_ha": 1825.39
      },
      "geometry": {
        "type": "Polygon",
        "coordinates": [
          [
            [
              80.60909271240234,
              19.22797413118399
            ],
            [
              80.6112813949585,
              19.22752839582343
            ],
            [
              80.61347007751465,
              19.227042137687103
            ],
            [
              80.61750411987305,
              19.22586700791567
            ],
            [
              80.6211519241333,
              19.22525917887361
            ],
            [
              80.6231689453125,
              19.22465134758284
            ],
            [
              80.62471389770508,
              19.22408403634934
            ],
            [
              80.6257438659668,
              19.22298993058182
            ],
            [
              80.62741756439209,
              19.22197686319035
            ],
            [
              80.63432693481445,
              19.21970756957018
            ],
            [
              80.6352710723877,
              19.218653958309353
            ],
            [
              80.63570022583008,
              19.217965054986955
            ],
            [
              80.63638687133789,
              19.21719510079793
            ],
            [
              80.63836097717285,
              19.21593885200994
            ],
            [
              80.64029216766357,
              19.214925741155522
            ],
            [
              80.64072132110596,
              19.214561019719493
            ],
            [
              80.6411075592041,
              19.21407472321277
            ],
            [
              80.6416654586792,
              19.213021075846857
            ],
            [
              80.64230918884277,
              19.212413199294918
            ],
            [
              80.64436912536621,
              19.209819567422866
            ],
            [
              80.64471244812012,
              19.208603788400236
            ],
            [
              80.64535617828369,
              19.20682062957512
            ],
            [
              80.64561367034912,
              19.20576693572733
            ],
            [
              80.64634323120117,
              19.205280613213137
            ],
            [
              80.64582824707031,
              19.20442954535335
            ],
            [
              80.64535617828369,
              19.203497418359223
            ],
            [
              80.64471244812012,
              19.200417308991348
            ],
            [
              80.6434679031372,
              19.197012910497076
            ],
            [
              80.64303874969482,
              19.195351214224342
            ],
            [
              80.64093589782715,
              19.19527015544038
            ],
            [
              80.63891887664795,
              19.194581154164748
            ],
            [
              80.63771724700928,
              19.193851620258375
            ],
            [
              80.63591480255127,
              19.19004177954597
            ],
            [
              80.63552856445312,
              19.188339481791246
            ],
            [
              80.63488483428955,
              19.187326200961518
            ],
            [
              80.63312530517578,
              19.18683982394821
            ],
            [
              80.63162326812744,
              19.186637166435293
            ],
            [
              80.62982082366943,
              19.186231850661162
            ],
            [
              80.62793254852295,
              19.185948129025633
            ],
            [
              80.62703132629395,
              19.18606972407215
            ],
            [
              80.62570095062256,
              19.186029192399957
            ],
            [
              80.62312602996826,
              19.18765045150552
            ],
            [
              80.6214952468872,
              19.187690982778616
            ],
            [
              80.62098026275635,
              19.18760992022244
            ],
            [
              80.6187915802002,
              19.18765045150552
            ],
            [
              80.61690330505371,
              19.187407263657384
            ],
            [
              80.6153154373169,
              19.18752885762635
            ],
            [
              80.61338424682617,
              19.18793417020769
            ],
            [
              80.60935020446777,
              19.187974701410948
            ],
            [
              80.60797691345215,
              19.188380012894722
            ],
            [
              80.60741901397705,
              19.18882585437441
            ],
            [
              80.60729026794434,
              19.189474348916832
            ],
            [
              80.60698986053467,
              19.18983912597437
            ],
            [
              80.60677528381348,
              19.18975806447588
            ],
            [
              80.60660362243652,
              19.189231163762777
            ],
            [
              80.60638904571533,
              19.188947447295696
            ],
            [
              80.60591697692871,
              19.18910957105104
            ],
            [
              80.60505867004395,
              19.188987978249497
            ],
            [
              80.60471534729004,
              19.189028509193324
            ],
            [
              80.60424327850342,
              19.189636472153303
            ],
            [
              80.60372829437256,
              19.18996071814727
            ],
            [
              80.60338497161865,
              19.1902444328681
            ],
            [
              80.60111045837402,
              19.19064973876395
            ],
            [
              80.59960842132568,
              19.190609208219268
            ],
            [
              80.59776306152344,
              19.190690269298646
            ],
            [
              80.59587478637695,
              19.190933452297287
            ],
            [
              80.59415817260742,
              19.190730799823367
            ],
            [
              80.5925703048706,
              19.19137928686174
            ],
            [
              80.5905532836914,
              19.193041023236507
            ],
            [
              80.5885362625122,
              19.193932679740993
            ],
            [
              80.5885362625122,
              19.19401373918369
            ],
            [
              80.58887958526611,
              19.19409479858647
            ],
            [
              80.59016704559326,
              19.19514856718957
            ],
            [
              80.59029579162598,
              19.19571597825812
            ],
            [
              80.59321403503418,
              19.19952568762248
            ],
            [
              80.594801902771,
              19.201471037106764
            ],
            [
              80.59583187103271,
              19.2025652860832
            ],
            [
              80.59638977050781,
              19.203051616625316
            ],
            [
              80.59754848480225,
              19.204145855088203
            ],
            [
              80.59840679168701,
              19.206699049860273
            ],
            [
              80.59896469116211,
              19.208603788400236
            ],
            [
              80.59926509857178,
              19.210386927890656
            ],
            [
              80.5997371673584,
              19.213791049586227
            ],
            [
              80.60038089752197,
              19.215857803371353
            ],
            [
              80.60205459594727,
              19.217600340294375
            ],
            [
              80.60299873352051,
              19.218410816289982
            ],
            [
              80.60420036315918,
              19.219991232986356
            ],
            [
              80.6050157546997,
              19.22120692779582
            ],
            [
              80.60565948486328,
              19.223030453147572
            ],
            [
              80.60660362243652,
              19.225299700879706
            ],
            [
              80.60789108276367,
              19.226555878111498
            ],
            [
              80.60909271240234,
              19.22797413118399
            ]
          ]
        ]
      }
    },
    {
      "type": "Feature",
      "properties": {
        "v_name": "Nayatumir Gurda",
        "v_code": "451135",
        "d_name": "Bijapur",
        "d_code": "636",
        "b_name": "Bhairamgarh",
        "b_code": "3379",
        "gp_name": "Bedre",
        "gp_code": "123320",
        "s_name": "Chhattisgarh",
        "s_code": "22",
        "centroid": [
          19.268467,
          80.646086
        ],
        "excel_area_ha": 1248.0,
        "excel_name": "Nayatumir Gurda",
        "geojson_area_ha": 1240.87
      },
      "geometry": {
        "type": "Polygon",
        "coordinates": [
          [
            [
              80.62647342681885,
              19.283357458170418
            ],
            [
              80.62891960144043,
              19.28295238105896
            ],
            [
              80.63029289245605,
              19.28287136551643
            ],
            [
              80.63140869140625,
              19.282668826484773
            ],
            [
              80.63183784484863,
              19.28254730294554
            ],
            [
              80.6326961517334,
              19.282142223830185
            ],
            [
              80.6332540512085,
              19.282020699900205
            ],
            [
              80.63467025756836,
              19.281858667853296
            ],
            [
              80.63681602478027,
              19.281777651769726
            ],
            [
              80.64140796661377,
              19.281007996977024
            ],
            [
              80.64351081848145,
              19.28096748872985
            ],
            [
              80.64810276031494,
              19.281048505214173
            ],
            [
              80.65033435821533,
              19.280643422391798
            ],
            [
              80.65432548522949,
              19.279630710952766
            ],
            [
              80.66067695617676,
              19.278577484414164
            ],
            [
              80.66209316253662,
              19.278050868605366
            ],
            [
              80.66338062286377,
              19.278050868605366
            ],
            [
              80.66428184509277,
              19.27821290441916
            ],
            [
              80.6654405593872,
              19.278577484414164
            ],
            [
              80.66625595092773,
              19.276187445227006
            ],
            [
              80.66668510437012,
              19.275498783397108
            ],
            [
              80.66689968109131,
              19.27375686114181
            ],
            [
              80.66685676574707,
              19.271690836320246
            ],
            [
              80.66689968109131,
              19.269341207808214
            ],
            [
              80.6674575805664,
              19.264844411046546
            ],
            [
              80.66741466522217,
              19.26375057696543
            ],
            [
              80.66728591918945,
              19.262616222802365
            ],
            [
              80.66672801971436,
              19.261117242763415
            ],
            [
              80.66569805145264,
              19.257268447470455
            ],
            [
              80.66591262817383,
              19.25645816326714
            ],
            [
              80.66556930541992,
              19.255769418546812
            ],
            [
              80.66488265991211,
              19.2548375828511
            ],
            [
              80.66338062286377,
              19.253541106989882
            ],
            [
              80.6630802154541,
              19.25078606176282
            ],
            [
              80.66174983978271,
              19.25102915584984
            ],
            [
              80.66119194030762,
              19.251312765162766
            ],
            [
              80.6610631942749,
              19.25175843594966
            ],
            [
              80.65956115722656,
              19.25155585846934
            ],
            [
              80.65887451171875,
              19.25127224957665
            ],
            [
              80.65805912017822,
              19.25102915584984
            ],
            [
              80.65548419952393,
              19.251798951415708
            ],
            [
              80.65346717834473,
              19.25216359015986
            ],
            [
              80.65132141113281,
              19.251839466871747
            ],
            [
              80.64745903015137,
              19.252730804373112
            ],
            [
              80.64509868621826,
              19.25341956185253
            ],
            [
              80.64325332641602,
              19.25649867757238
            ],
            [
              80.63831806182861,
              19.25973978956446
            ],
            [
              80.63677310943604,
              19.260955190046474
            ],
            [
              80.63531398773193,
              19.262211094413505
            ],
            [
              80.63256740570068,
              19.262535197204677
            ],
            [
              80.6283187866211,
              19.263142888211277
            ],
            [
              80.6251859664917,
              19.263507501734065
            ],
            [
              80.62497138977051,
              19.26346698916047
            ],
            [
              80.6242847442627,
              19.265046972112494
            ],
            [
              80.62389850616455,
              19.266707963412053
            ],
            [
              80.62325477600098,
              19.268044846623138
            ],
            [
              80.62273979187012,
              19.269746318575713
            ],
            [
              80.62265396118164,
              19.271528794056128
            ],
            [
              80.62179565429688,
              19.274648079493083
            ],
            [
              80.62140941619873,
              19.276430501652303
            ],
            [
              80.62145233154297,
              19.278415448961002
            ],
            [
              80.62179565429688,
              19.28011681322493
            ],
            [
              80.62175273895264,
              19.281980191903507
            ],
            [
              80.62647342681885,
              19.283357458170418
            ]
          ]
        ]
      }
    },
    {
      "type": "Feature",
      "properties": {
        "v_name": "Madepur",
        "v_code": "451137",
        "d_name": "Bijapur",
        "d_code": "636",
        "b_name": "Bhairamgarh",
        "b_code": "3379",
        "gp_name": "Bedre",
        "gp_code": "123320",
        "s_name": "Chhattisgarh",
        "s_code": "22",
        "centroid": [
          19.293651,
          80.645922
        ],
        "excel_area_ha": 183.0,
        "excel_name": "Madepur",
        "geojson_area_ha": 1492.73
      },
      "geometry": {
        "type": "Polygon",
        "coordinates": [
          [
            [
              80.6667709350586,
              19.31114335506464
            ],
            [
              80.66728591918945,
              19.309482814517064
            ],
            [
              80.66760778327765,
              19.308298152510357
            ],
            [
              80.6676721572876,
              19.308146269633045
            ],
            [
              80.66770919370089,
              19.307924898457152
            ],
            [
              80.66771507263184,
              19.307903260298712
            ],
            [
              80.66771281386406,
              19.307903260298712
            ],
            [
              80.66780090332031,
              19.307376738835565
            ],
            [
              80.66814422607422,
              19.306323690823945
            ],
            [
              80.66986083984375,
              19.30352903053657
            ],
            [
              80.67067623138428,
              19.301989921873844
            ],
            [
              80.67265033721924,
              19.29899266871264
            ],
            [
              80.67054748535156,
              19.298628134177683
            ],
            [
              80.67028999328613,
              19.297737046339897
            ],
            [
              80.6700325012207,
              19.297169987916547
            ],
            [
              80.66990375518799,
              19.297048475141597
            ],
            [
              80.6687879562378,
              19.29473971527406
            ],
            [
              80.66883087158203,
              19.293565070559676
            ],
            [
              80.67033290863037,
              19.29271446050376
            ],
            [
              80.66994667053223,
              19.291904351578815
            ],
            [
              80.66917419433594,
              19.289879061725635
            ],
            [
              80.66853046417236,
              19.28603094197566
            ],
            [
              80.6682300567627,
              19.28400557946463
            ],
            [
              80.66754341125488,
              19.282020699900205
            ],
            [
              80.66758632659912,
              19.281980191903507
            ],
            [
              80.66724300384521,
              19.280643422391798
            ],
            [
              80.6665563583374,
              19.279225624623965
            ],
            [
              80.6654405593872,
              19.278577484414164
            ],
            [
              80.66428184509277,
              19.27821290441916
            ],
            [
              80.66320896148682,
              19.278010359626872
            ],
            [
              80.66209316253662,
              19.278050868605366
            ],
            [
              80.66067695617676,
              19.278577484414164
            ],
            [
              80.65432548522949,
              19.279630710952766
            ],
            [
              80.65033435821533,
              19.280643422391798
            ],
            [
              80.64810276031494,
              19.281048505214173
            ],
            [
              80.64351081848145,
              19.28096748872985
            ],
            [
              80.64140796661377,
              19.281007996977024
            ],
            [
              80.63681602478027,
              19.281777651769726
            ],
            [
              80.63467025756836,
              19.281858667853296
            ],
            [
              80.6332540512085,
              19.282020699900205
            ],
            [
              80.6326961517334,
              19.282142223830185
            ],
            [
              80.63183784484863,
              19.28254730294554
            ],
            [
              80.63140869140625,
              19.282668826484773
            ],
            [
              80.63029289245605,
              19.28287136551643
            ],
            [
              80.62891960144043,
              19.28295238105896
            ],
            [
              80.62647342681885,
              19.283357458170418
            ],
            [
              80.62175273895264,
              19.281980191903507
            ],
            [
              80.62166690826416,
              19.283641011552266
            ],
            [
              80.6211519241333,
              19.2855448572577
            ],
            [
              80.62016487121582,
              19.28631449072808
            ],
            [
              80.61874866485596,
              19.286962600318297
            ],
            [
              80.61578750610352,
              19.287975266417053
            ],
            [
              80.61484336853027,
              19.288056279434368
            ],
            [
              80.61518669128418,
              19.29149929561281
            ],
            [
              80.61630249023438,
              19.29364608081064
            ],
            [
              80.61874866485596,
              19.29708897940994
            ],
            [
              80.61853408813477,
              19.2995597208194
            ],
            [
              80.61853408813477,
              19.301422878189992
            ],
            [
              80.61866283416748,
              19.30231394595359
            ],
            [
              80.61956405639648,
              19.30652620058352
            ],
            [
              80.62136650085449,
              19.304177071956996
            ],
            [
              80.62505722045898,
              19.3021924369989
            ],
            [
              80.62643051147461,
              19.30138237499451
            ],
            [
              80.62733173370361,
              19.30097734248816
            ],
            [
              80.62857627868652,
              19.30130136857346
            ],
            [
              80.63132286071777,
              19.3018279095933
            ],
            [
              80.63282489776611,
              19.301868412678477
            ],
            [
              80.6370735168457,
              19.303245511607827
            ],
            [
              80.63879013061523,
              19.304177071956996
            ],
            [
              80.64042091369629,
              19.305594653613298
            ],
            [
              80.64291000366211,
              19.307012222983456
            ],
            [
              80.6460428237915,
              19.30798426345028
            ],
            [
              80.6475019454956,
              19.308065266561723
            ],
            [
              80.64866065979004,
              19.307903260298712
            ],
            [
              80.64855337090866,
              19.307903260298712
            ],
            [
              80.64960479736328,
              19.307741253875214
            ],
            [
              80.65634250640869,
              19.30717423012914
            ],
            [
              80.66054821014404,
              19.308065266561723
            ],
            [
              80.66149234771729,
              19.308875295469416
            ],
            [
              80.66200733184814,
              19.309482814517064
            ],
            [
              80.66256523132324,
              19.30992832705088
            ],
            [
              80.66445350646973,
              19.310657344942562
            ],
            [
              80.66608428955078,
              19.31114335506464
            ],
            [
              80.66672801971436,
              19.31134585885582
            ],
            [
              80.6667709350586,
              19.31114335506464
            ]
          ]
        ]
      }
    },
    {
      "type": "Feature",
      "properties": {
        "v_name": "Kungler",
        "v_code": "451138",
        "d_name": "Bijapur",
        "d_code": "636",
        "b_name": "Bhairamgarh",
        "b_code": "3379",
        "gp_name": "Bedre",
        "gp_code": "123320",
        "s_name": "Chhattisgarh",
        "s_code": "22",
        "centroid": [
          19.3104,
          80.68087
        ],
        "excel_area_ha": 5.0,
        "excel_name": "Kungler",
        "geojson_area_ha": 498.98
      },
      "geometry": {
        "type": "Polygon",
        "coordinates": [
          [
            [
              80.68359375,
              19.301017845783914
            ],
            [
              80.6810188293457,
              19.301058349069645
            ],
            [
              80.67998886108398,
              19.300855832540716
            ],
            [
              80.6775426864624,
              19.300329288392284
            ],
            [
              80.67509651184082,
              19.299640728102798
            ],
            [
              80.67389488220215,
              19.2994787134959
            ],
            [
              80.67265033721924,
              19.29899266871264
            ],
            [
              80.67067623138428,
              19.301989921873844
            ],
            [
              80.66986083984375,
              19.30352903053657
            ],
            [
              80.66814422607422,
              19.306323690823945
            ],
            [
              80.66780090332031,
              19.307376738835565
            ],
            [
              80.66770976841153,
              19.307921463341312
            ],
            [
              80.66758288988453,
              19.308356885532802
            ],
            [
              80.66750049591064,
              19.308551284387818
            ],
            [
              80.66740333617686,
              19.3089730786014
            ],
            [
              80.6667709350586,
              19.31114335506464
            ],
            [
              80.66672801971436,
              19.31134585885582
            ],
            [
              80.66921710968018,
              19.312439374994284
            ],
            [
              80.67131996154785,
              19.313856885029196
            ],
            [
              80.67230701446533,
              19.314869384672186
            ],
            [
              80.67277908325195,
              19.315760379170676
            ],
            [
              80.67312240600586,
              19.316651368812725
            ],
            [
              80.67410945892334,
              19.317825847738625
            ],
            [
              80.6757402420044,
              19.319202812283685
            ],
            [
              80.6775426864624,
              19.31997228741782
            ],
            [
              80.68016052246094,
              19.32074011671736
            ],
            [
              80.68016052246094,
              19.320741758929024
            ],
            [
              80.68071842193604,
              19.32090375246972
            ],
            [
              80.68359375,
              19.32118724077955
            ],
            [
              80.68543910980225,
              19.321308735618935
            ],
            [
              80.68702697753906,
              19.321308735618935
            ],
            [
              80.68702697753906,
              19.32128376168592
            ],
            [
              80.68801403045654,
              19.321268237349177
            ],
            [
              80.68857192993164,
              19.322645172890418
            ],
            [
              80.68865776062012,
              19.322645172890418
            ],
            [
              80.69136142730713,
              19.31924331106528
            ],
            [
              80.69187641143799,
              19.31802834325221
            ],
            [
              80.69282054901123,
              19.31644887159326
            ],
            [
              80.69298677748958,
              19.314383385626154
            ],
            [
              80.69299221038818,
              19.314383385626154
            ],
            [
              80.69304585650403,
              19.313649294353205
            ],
            [
              80.69307804107666,
              19.313249382233444
            ],
            [
              80.69307568493664,
              19.313241123291206
            ],
            [
              80.69307804107666,
              19.313208881966798
            ],
            [
              80.69247722625732,
              19.31114335506464
            ],
            [
              80.6922197341919,
              19.310252335403998
            ],
            [
              80.69182254195108,
              19.309108057644753
            ],
            [
              80.69101810455322,
              19.306607204417144
            ],
            [
              80.68930149078369,
              19.300896335866558
            ],
            [
              80.68754196166992,
              19.301017845783914
            ],
            [
              80.68702697753906,
              19.301017845783914
            ],
            [
              80.68702697753906,
              19.30097734248816
            ],
            [
              80.68359375,
              19.301017845783914
            ]
          ]
        ]
      }
    },
    {
      "type": "Feature",
      "properties": {
        "v_name": "Madepurturri",
        "v_code": "451139",
        "d_name": "Bijapur",
        "d_code": "636",
        "b_name": "Bhairamgarh",
        "b_code": "3379",
        "gp_name": "Bedre",
        "gp_code": "123320",
        "s_name": "Chhattisgarh",
        "s_code": "22",
        "centroid": [
          19.316707,
          80.659656
        ],
        "excel_area_ha": 8.0,
        "excel_name": "Madepurturri",
        "geojson_area_ha": 769.92
      },
      "geometry": {
        "type": "Polygon",
        "coordinates": [
          [
            [
              80.67131996154785,
              19.313856885029196
            ],
            [
              80.66921710968018,
              19.312439374994284
            ],
            [
              80.66668510437012,
              19.311305358117647
            ],
            [
              80.66608428955078,
              19.31114335506464
            ],
            [
              80.66445350646973,
              19.310657344942562
            ],
            [
              80.66256523132324,
              19.30992832705088
            ],
            [
              80.66200733184814,
              19.309482814517064
            ],
            [
              80.66149234771729,
              19.308875295469416
            ],
            [
              80.66054821014404,
              19.308065266561723
            ],
            [
              80.65986156463623,
              19.307903260298712
            ],
            [
              80.65978353844199,
              19.307903260298712
            ],
            [
              80.65634250640869,
              19.30717423012914
            ],
            [
              80.64960479736328,
              19.307741253875214
            ],
            [
              80.6475019454956,
              19.308065266561723
            ],
            [
              80.6460428237915,
              19.30798426345028
            ],
            [
              80.64582824707031,
              19.307903260298712
            ],
            [
              80.64574718500967,
              19.307903260298712
            ],
            [
              80.64471244812012,
              19.307619748952273
            ],
            [
              80.64291000366211,
              19.307012222983456
            ],
            [
              80.64042091369629,
              19.305594653613298
            ],
            [
              80.63879013061523,
              19.304177071956996
            ],
            [
              80.6370735168457,
              19.303245511607827
            ],
            [
              80.63282489776611,
              19.301868412678477
            ],
            [
              80.63132286071777,
              19.3018279095933
            ],
            [
              80.62857627868652,
              19.30130136857346
            ],
            [
              80.62733173370361,
              19.30097734248816
            ],
            [
              80.62643051147461,
              19.30138237499451
            ],
            [
              80.62505722045898,
              19.3021924369989
            ],
            [
              80.6257438659668,
              19.304339081910953
            ],
            [
              80.62578678131104,
              19.30442008682775
            ],
            [
              80.62673091888428,
              19.304096066919847
            ],
            [
              80.62788963317871,
              19.304541594127745
            ],
            [
              80.62973499298096,
              19.30494661780914
            ],
            [
              80.63076496124268,
              19.305432644902965
            ],
            [
              80.63222408294678,
              19.307619748952273
            ],
            [
              80.63265323638916,
              19.307903260298712
            ],
            [
              80.6358289718628,
              19.31114335506464
            ],
            [
              80.63677310943604,
              19.313411383199703
            ],
            [
              80.63861846923828,
              19.31345188341619
            ],
            [
              80.63977718353271,
              19.31430238564468
            ],
            [
              80.64003467559814,
              19.314383385626154
            ],
            [
              80.64004004047202,
              19.314383385626154
            ],
            [
              80.64188003540039,
              19.314950384372725
            ],
            [
              80.6442403793335,
              19.31551738115271
            ],
            [
              80.6486177444458,
              19.3158818780442
            ],
            [
              80.65252304077148,
              19.320701260518756
            ],
            [
              80.65325260162354,
              19.32228069108216
            ],
            [
              80.65402507781982,
              19.322726168737397
            ],
            [
              80.65484046936035,
              19.322969156037463
            ],
            [
              80.65548419952393,
              19.323090649551993
            ],
            [
              80.65664291381836,
              19.323495627281346
            ],
            [
              80.65835952758789,
              19.32398159923163
            ],
            [
              80.66067695617676,
              19.324548564680125
            ],
            [
              80.66449642181396,
              19.325722986850522
            ],
            [
              80.66595554351807,
              19.32669491605545
            ],
            [
              80.67269325256348,
              19.32997513443087
            ],
            [
              80.67668437957764,
              19.33046108710651
            ],
            [
              80.68016052246094,
              19.33036365610945
            ],
            [
              80.68016052246094,
              19.33038009509431
            ],
            [
              80.6810188293457,
              19.33033959907314
            ],
            [
              80.68359375,
              19.328881735624567
            ],
            [
              80.68522453308105,
              19.3279098194302
            ],
            [
              80.68700228687439,
              19.32583282785611
            ],
            [
              80.68917274475098,
              19.32398159923163
            ],
            [
              80.68801403045654,
              19.321268237349177
            ],
            [
              80.68543910980225,
              19.321308735618935
            ],
            [
              80.68359375,
              19.32118724077955
            ],
            [
              80.68071842193604,
              19.32090375246972
            ],
            [
              80.6775426864624,
              19.31997228741782
            ],
            [
              80.6757402420044,
              19.319202812283685
            ],
            [
              80.67410945892334,
              19.317825847738625
            ],
            [
              80.67312240600586,
              19.316651368812725
            ],
            [
              80.67277908325195,
              19.315760379170676
            ],
            [
              80.67230701446533,
              19.314869384672186
            ],
            [
              80.67183322982788,
              19.314383385626154
            ],
            [
              80.67183494567871,
              19.314383385626154
            ],
            [
              80.67131996154785,
              19.313856885029196
            ]
          ]
        ]
      }
    },
    {
      "type": "Feature",
      "properties": {
        "v_name": "Manjimendry",
        "v_code": "451140",
        "d_name": "Bijapur",
        "d_code": "636",
        "b_name": "Bhairamgarh",
        "b_code": "3379",
        "gp_name": "Bedre",
        "gp_code": "123320",
        "s_name": "Chhattisgarh",
        "s_code": "22",
        "centroid": [
          19.283301,
          80.6802
        ],
        "excel_area_ha": 833.0,
        "excel_name": "Manjimendry",
        "geojson_area_ha": 843.21
      },
      "geometry": {
        "type": "Polygon",
        "coordinates": [
          [
            [
              80.68359375,
              19.301017845783914
            ],
            [
              80.68754196166992,
              19.301017845783914
            ],
            [
              80.68934440612793,
              19.300855832540716
            ],
            [
              80.68900108337402,
              19.29623838766937
            ],
            [
              80.68848609924316,
              19.29417264646451
            ],
            [
              80.68844318389893,
              19.292997997680242
            ],
            [
              80.68900108337402,
              19.289352482259456
            ],
            [
              80.68947315216064,
              19.28757020072917
            ],
            [
              80.68977355957031,
              19.28700310708251
            ],
            [
              80.69011688232422,
              19.28623347684892
            ],
            [
              80.69015979766846,
              19.285180292772274
            ],
            [
              80.69046020507812,
              19.28319542744607
            ],
            [
              80.69260597229004,
              19.279954779294503
            ],
            [
              80.69333553314209,
              19.279104098529974
            ],
            [
              80.69380760192871,
              19.27873951970704
            ],
            [
              80.69535255432129,
              19.277038141137893
            ],
            [
              80.69672584533691,
              19.275701331294627
            ],
            [
              80.69419384002686,
              19.27387839120243
            ],
            [
              80.69410800933838,
              19.272663086539985
            ],
            [
              80.69329261779785,
              19.271407262252886
            ],
            [
              80.68865776062012,
              19.267761266247103
            ],
            [
              80.68737030029297,
              19.267153592360614
            ],
            [
              80.68638324737549,
              19.266383868870328
            ],
            [
              80.68539619445801,
              19.266991545610406
            ],
            [
              80.68453788757324,
              19.267639731650032
            ],
            [
              80.68359375,
              19.268166380919812
            ],
            [
              80.68320751190186,
              19.268612005903282
            ],
            [
              80.68239212036133,
              19.268733539779404
            ],
            [
              80.68136215209961,
              19.268409449242814
            ],
            [
              80.68016052246094,
              19.267518196962854
            ],
            [
              80.68016052246094,
              19.267531264961047
            ],
            [
              80.68003177642822,
              19.267437173788
            ],
            [
              80.6790018081665,
              19.26695103389782
            ],
            [
              80.67852973937988,
              19.266667451629377
            ],
            [
              80.67801475524902,
              19.266626939836698
            ],
            [
              80.67758560180664,
              19.266707963412053
            ],
            [
              80.67604064941406,
              19.2676802431924
            ],
            [
              80.67393779754639,
              19.269138652048944
            ],
            [
              80.66844463348389,
              19.273351760288733
            ],
            [
              80.66698551177979,
              19.27517470624022
            ],
            [
              80.66659927368164,
              19.275579802586165
            ],
            [
              80.66625595092773,
              19.276187445227006
            ],
            [
              80.6654405593872,
              19.278577484414164
            ],
            [
              80.6665563583374,
              19.279225624623965
            ],
            [
              80.66724300384521,
              19.280643422391798
            ],
            [
              80.66758632659912,
              19.281980191903507
            ],
            [
              80.66754341125488,
              19.282020699900205
            ],
            [
              80.6682300567627,
              19.28400557946463
            ],
            [
              80.66853046417236,
              19.28603094197566
            ],
            [
              80.66917419433594,
              19.289879061725635
            ],
            [
              80.66994667053223,
              19.291904351578815
            ],
            [
              80.67033290863037,
              19.29271446050376
            ],
            [
              80.66883087158203,
              19.293565070559676
            ],
            [
              80.6687879562378,
              19.29473971527406
            ],
            [
              80.66990375518799,
              19.297048475141597
            ],
            [
              80.6700325012207,
              19.297169987916547
            ],
            [
              80.67028999328613,
              19.297737046339897
            ],
            [
              80.67054748535156,
              19.298628134177683
            ],
            [
              80.67265033721924,
              19.29899266871264
            ],
            [
              80.67389488220215,
              19.2994787134959
            ],
            [
              80.67509651184082,
              19.299640728102798
            ],
            [
              80.6775426864624,
              19.300329288392284
            ],
            [
              80.67998886108398,
              19.300855832540716
            ],
            [
              80.68016052246094,
              19.300889585295536
            ],
            [
              80.68016052246094,
              19.300896335866558
            ],
            [
              80.6810188293457,
              19.301058349069645
            ],
            [
              80.68359375,
              19.301017845783914
            ]
          ]
        ]
      }
    },
    {
      "type": "Feature",
      "properties": {
        "v_name": "Kokera",
        "v_code": "450698",
        "d_name": "Bijapur",
        "d_code": "636",
        "b_name": "Bhopalpattnam",
        "b_code": "3376",
        "gp_name": "Edapalli",
        "gp_code": "123376",
        "s_name": "Chhattisgarh",
        "s_code": "22",
        "centroid": [
          19.216096,
          80.454054
        ],
        "excel_area_ha": 2309.0,
        "excel_name": "Kokesa",
        "geojson_area_ha": 2361.28
      },
      "geometry": {
        "type": "Polygon",
        "coordinates": [
          [
            [
              80.45094966888428,
              19.237334294336744
            ],
            [
              80.45425415039062,
              19.237212737195687
            ],
            [
              80.45687198638916,
              19.237212737195687
            ],
            [
              80.4587173461914,
              19.237293775299722
            ],
            [
              80.46159267425537,
              19.236604950140507
            ],
            [
              80.46356678009033,
              19.23680754607555
            ],
            [
              80.46978950500488,
              19.236888584379574
            ],
            [
              80.4737377166748,
              19.23664546934751
            ],
            [
              80.47665596008301,
              19.23413325960516
            ],
            [
              80.47927379608154,
              19.231580490983145
            ],
            [
              80.48111915588379,
              19.23040539367798
            ],
            [
              80.48305034637451,
              19.2293113300089
            ],
            [
              80.48515319824219,
              19.227649960132617
            ],
            [
              80.48682689666748,
              19.226191182485277
            ],
            [
              80.48927307128906,
              19.22444873665288
            ],
            [
              80.48686981201172,
              19.219302335269187
            ],
            [
              80.48519611358643,
              19.215574132821626
            ],
            [
              80.48365116119385,
              19.214115247976608
            ],
            [
              80.48103332519531,
              19.21188637113198
            ],
            [
              80.47515392303467,
              19.20868484061472
            ],
            [
              80.47493934631348,
              19.20864431451247
            ],
            [
              80.4722785949707,
              19.20738800038936
            ],
            [
              80.4662275314331,
              19.20592904291252
            ],
            [
              80.46485424041748,
              19.20483481631196
            ],
            [
              80.46339511871338,
              19.202727396423658
            ],
            [
              80.46232223510742,
              19.20138998133749
            ],
            [
              80.4615068435669,
              19.197053439464852
            ],
            [
              80.4609489440918,
              19.195351214224342
            ],
            [
              80.46047687530518,
              19.193203142960247
            ],
            [
              80.4574728012085,
              19.189879656708648
            ],
            [
              80.45528411865234,
              19.187326200961518
            ],
            [
              80.45292377471924,
              19.18529962059439
            ],
            [
              80.45112133026123,
              19.186637166435293
            ],
            [
              80.45133590698242,
              19.187407263657384
            ],
            [
              80.4457139968872,
              19.193973209467334
            ],
            [
              80.44395446777344,
              19.19782348795591
            ],
            [
              80.43966293334961,
              19.198431418429717
            ],
            [
              80.43455600738525,
              19.19928251731967
            ],
            [
              80.42644500732422,
              19.200741533745674
            ],
            [
              80.42554378509521,
              19.20098470189211
            ],
            [
              80.42550086975098,
              19.200093083598087
            ],
            [
              80.42477130889893,
              19.19903934665748
            ],
            [
              80.42438507080078,
              19.198836704164457
            ],
            [
              80.42356967926025,
              19.199930970661864
            ],
            [
              80.42155265808105,
              19.20167367635522
            ],
            [
              80.42129516601562,
              19.20228159260301
            ],
            [
              80.42150974273682,
              19.203011089135057
            ],
            [
              80.42198181152344,
              19.20390269161438
            ],
            [
              80.4228401184082,
              19.205361667065358
            ],
            [
              80.42352676391602,
              19.20637483684797
            ],
            [
              80.42438507080078,
              19.2074285268012
            ],
            [
              80.42648792266846,
              19.20969798992509
            ],
            [
              80.42726039886475,
              19.210427453563444
            ],
            [
              80.42829036712646,
              19.21103533745678
            ],
            [
              80.42846202850342,
              19.21107586296977
            ],
            [
              80.42841911315918,
              19.211319015837937
            ],
            [
              80.42871952056885,
              19.21164321910282
            ],
            [
              80.4283332824707,
              19.213426325632874
            ],
            [
              80.42695999145508,
              19.220842220297246
            ],
            [
              80.4237413406372,
              19.223435678255424
            ],
            [
              80.42515754699707,
              19.22505656869321
            ],
            [
              80.42859077453613,
              19.22862247136761
            ],
            [
              80.42936325073242,
              19.229716539624906
            ],
            [
              80.43073654174805,
              19.231985695001047
            ],
            [
              80.4323673248291,
              19.231094244842055
            ],
            [
              80.43867588043213,
              19.22817673776625
            ],
            [
              80.44026374816895,
              19.22955445589846
            ],
            [
              80.44082164764404,
              19.23101320367859
            ],
            [
              80.44090747833252,
              19.23117528596554
            ],
            [
              80.44532775878906,
              19.23413325960516
            ],
            [
              80.44734477996826,
              19.23575404448355
            ],
            [
              80.45094966888428,
              19.237334294336744
            ]
          ]
        ]
      }
    },
    {
      "type": "Feature",
      "properties": {
        "v_name": "Gartul",
        "v_code": "450697",
        "d_name": "Bijapur",
        "d_code": "636",
        "b_name": "Bhopalpattnam",
        "b_code": "3376",
        "gp_name": "Edapalli",
        "gp_code": "123376",
        "s_name": "Chhattisgarh",
        "s_code": "22",
        "centroid": [
          19.185237,
          80.433395
        ],
        "excel_area_ha": 948.0,
        "excel_name": "Gartul",
        "geojson_area_ha": 973.42
      },
      "geometry": {
        "type": "Polygon",
        "coordinates": [
          [
            [
              80.42554378509521,
              19.20098470189211
            ],
            [
              80.42644500732422,
              19.200741533745674
            ],
            [
              80.43455600738525,
              19.19928251731967
            ],
            [
              80.43966293334961,
              19.198431418429717
            ],
            [
              80.44395446777344,
              19.19782348795591
            ],
            [
              80.4457139968872,
              19.193973209467334
            ],
            [
              80.45133590698242,
              19.187407263657384
            ],
            [
              80.45112133026123,
              19.186637166435293
            ],
            [
              80.45292377471924,
              19.18529962059439
            ],
            [
              80.45167922973633,
              19.18327301528555
            ],
            [
              80.45026302337646,
              19.181570647552807
            ],
            [
              80.44931888580322,
              19.178773862364483
            ],
            [
              80.44888973236084,
              19.176787710714944
            ],
            [
              80.4485034942627,
              19.17443672475535
            ],
            [
              80.4485034942627,
              19.173382823608073
            ],
            [
              80.44893264770508,
              19.17228838066672
            ],
            [
              80.44644355773926,
              19.172531590837426
            ],
            [
              80.44292449951172,
              19.172774800649172
            ],
            [
              80.44103622436523,
              19.17261266081456
            ],
            [
              80.44034957885742,
              19.172774800649172
            ],
            [
              80.43923377990723,
              19.17293694032424
            ],
            [
              80.43721675872803,
              19.171558748000898
            ],
            [
              80.43318271636963,
              19.16920768743624
            ],
            [
              80.43296813964844,
              19.169126615784094
            ],
            [
              80.43022155761719,
              19.16896447236016
            ],
            [
              80.43004989624023,
              19.1690050082311
            ],
            [
              80.42760372161865,
              19.17082911210458
            ],
            [
              80.42391300201416,
              19.171275001091747
            ],
            [
              80.42417049407959,
              19.172774800649172
            ],
            [
              80.42408466339111,
              19.172774800649172
            ],
            [
              80.42078018188477,
              19.17682824466144
            ],
            [
              80.41979312896729,
              19.180273593660193
            ],
            [
              80.41794776916504,
              19.1823813010487
            ],
            [
              80.41747570037842,
              19.183435144628064
            ],
            [
              80.41584491729736,
              19.18538068428797
            ],
            [
              80.41541576385498,
              19.187001949778953
            ],
            [
              80.41545867919922,
              19.189028509193324
            ],
            [
              80.41558742523193,
              19.189798595230116
            ],
            [
              80.41593074798584,
              19.19141981721681
            ],
            [
              80.41627407073975,
              19.192433072850328
            ],
            [
              80.41580200195312,
              19.192473602945935
            ],
            [
              80.41528701782227,
              19.192635723228555
            ],
            [
              80.41481494903564,
              19.192716783309983
            ],
            [
              80.41395664215088,
              19.19295996331476
            ],
            [
              80.41404247283936,
              19.19401373918369
            ],
            [
              80.4144287109375,
              19.195067508305797
            ],
            [
              80.41472911834717,
              19.195634919653816
            ],
            [
              80.41507244110107,
              19.195878095346952
            ],
            [
              80.41597366333008,
              19.195878095346952
            ],
            [
              80.4164457321167,
              19.19567544896096
            ],
            [
              80.41683197021484,
              19.195310684837356
            ],
            [
              80.41721820831299,
              19.194743272371458
            ],
            [
              80.41747570037842,
              19.194581154164748
            ],
            [
              80.41841983795166,
              19.194297446918743
            ],
            [
              80.41923522949219,
              19.193973209467334
            ],
            [
              80.42120933532715,
              19.195837566089715
            ],
            [
              80.42292594909668,
              19.198026131696743
            ],
            [
              80.42477130889893,
              19.19903934665748
            ],
            [
              80.42550086975098,
              19.200093083598087
            ],
            [
              80.42554378509521,
              19.20098470189211
            ]
          ]
        ]
      }
    },
    {
      "type": "Feature",
      "properties": {
        "v_name": "Sandra",
        "v_code": "450700",
        "d_name": "Bijapur",
        "d_code": "636",
        "b_name": "Bhopalpattnam",
        "b_code": "3376",
        "gp_name": "Sandra",
        "gp_code": "123389",
        "s_name": "Chhattisgarh",
        "s_code": "22",
        "centroid": [
          19.180622,
          80.398339
        ],
        "excel_area_ha": 1718.0,
        "excel_name": "Sandra",
        "geojson_area_ha": 1735.43
      },
      "geometry": {
        "type": "Polygon",
        "coordinates": [
          [
            [
              80.38473129272461,
              19.21172426981916
            ],
            [
              80.38558959960938,
              19.2109137608579
            ],
            [
              80.38709163665771,
              19.209171153062695
            ],
            [
              80.38949489593506,
              19.205969569683855
            ],
            [
              80.3913402557373,
              19.203375836187973
            ],
            [
              80.39284229278564,
              19.201146813790068
            ],
            [
              80.39404392242432,
              19.198836704164457
            ],
            [
              80.39468765258789,
              19.19709396842264
            ],
            [
              80.39494514465332,
              19.19571597825812
            ],
            [
              80.39520263671875,
              19.19259519317287
            ],
            [
              80.3976058959961,
              19.191500877897024
            ],
            [
              80.39837837219238,
              19.191338756496684
            ],
            [
              80.39846420288086,
              19.191825120218688
            ],
            [
              80.39936542510986,
              19.192108831726213
            ],
            [
              80.40275573730469,
              19.192635723228555
            ],
            [
              80.40395736694336,
              19.19291943333891
            ],
            [
              80.40515899658203,
              19.193365262524306
            ],
            [
              80.40623188018799,
              19.19368950117337
            ],
            [
              80.40674686431885,
              19.19368950117337
            ],
            [
              80.4074764251709,
              19.193365262524306
            ],
            [
              80.40786266326904,
              19.192797843351492
            ],
            [
              80.40842056274414,
              19.19105504366189
            ],
            [
              80.40867805480957,
              19.190690269298646
            ],
            [
              80.41026592254639,
              19.190203902223633
            ],
            [
              80.41142463684082,
              19.190203902223633
            ],
            [
              80.41284084320068,
              19.19129822612165
            ],
            [
              80.41395664215088,
              19.19295996331476
            ],
            [
              80.41481494903564,
              19.192716783309983
            ],
            [
              80.41528701782227,
              19.192635723228555
            ],
            [
              80.41580200195312,
              19.192473602945935
            ],
            [
              80.41627407073975,
              19.192433072850328
            ],
            [
              80.41593074798584,
              19.19141981721681
            ],
            [
              80.41558742523193,
              19.189798595230116
            ],
            [
              80.41545867919922,
              19.189028509193324
            ],
            [
              80.41541576385498,
              19.187001949778953
            ],
            [
              80.41584491729736,
              19.18538068428797
            ],
            [
              80.41747570037842,
              19.183435144628064
            ],
            [
              80.41794776916504,
              19.1823813010487
            ],
            [
              80.41979312896729,
              19.180273593660193
            ],
            [
              80.42078018188477,
              19.17682824466144
            ],
            [
              80.42408466339111,
              19.172774800649172
            ],
            [
              80.42417049407959,
              19.172774800649172
            ],
            [
              80.42391300201416,
              19.171275001091747
            ],
            [
              80.41970729827881,
              19.16296505354733
            ],
            [
              80.41807651519775,
              19.159397728050976
            ],
            [
              80.41760444641113,
              19.157897806785485
            ],
            [
              80.41670322418213,
              19.154168213699908
            ],
            [
              80.41464328765869,
              19.154573608337763
            ],
            [
              80.41382789611816,
              19.15360065953314
            ],
            [
              80.4129695892334,
              19.15360065953314
            ],
            [
              80.41189670562744,
              19.1540060555658
            ],
            [
              80.41090965270996,
              19.154168213699908
            ],
            [
              80.41035175323486,
              19.154695226534837
            ],
            [
              80.41022300720215,
              19.155262776935558
            ],
            [
              80.41026592254639,
              19.15672218328445
            ],
            [
              80.41018009185791,
              19.157492420317954
            ],
            [
              80.40987968444824,
              19.15773565231805
            ],
            [
              80.40889263153076,
              19.157695113676272
            ],
            [
              80.40876388549805,
              19.158465346165972
            ],
            [
              80.40807723999023,
              19.159032883593337
            ],
            [
              80.40829181671143,
              19.15960041906754
            ],
            [
              80.40696144104004,
              19.161059787032247
            ],
            [
              80.40674686431885,
              19.161100324846903
            ],
            [
              80.40653228759766,
              19.16081655993505
            ],
            [
              80.40614604949951,
              19.15988418607219
            ],
            [
              80.40597438812256,
              19.159722033557898
            ],
            [
              80.40494441986084,
              19.160046338427033
            ],
            [
              80.40369987487793,
              19.16012741454466
            ],
            [
              80.40365695953369,
              19.161221938231062
            ],
            [
              80.40305614471436,
              19.16223537961089
            ],
            [
              80.40181159973145,
              19.16300559089356
            ],
            [
              80.4005241394043,
              19.163289352038092
            ],
            [
              80.39979457855225,
              19.163208277475206
            ],
            [
              80.39859294891357,
              19.162559679536866
            ],
            [
              80.39584636688232,
              19.160694946251912
            ],
            [
              80.39473056793213,
              19.16037064265838
            ],
            [
              80.38876533508301,
              19.162924516191136
            ],
            [
              80.38803577423096,
              19.16377579857819
            ],
            [
              80.387864112854,
              19.166532301860357
            ],
            [
              80.38739204406738,
              19.167748391596295
            ],
            [
              80.3864049911499,
              19.16839696912024
            ],
            [
              80.38571834564209,
              19.168721256925174
            ],
            [
              80.3849458694458,
              19.168883400588378
            ],
            [
              80.38267135620117,
              19.16835643309976
            ],
            [
              80.38215637207031,
              19.16896447236016
            ],
            [
              80.3797960281372,
              19.170261615285202
            ],
            [
              80.37825107574463,
              19.171801959248455
            ],
            [
              80.37670612335205,
              19.175166344677685
            ],
            [
              80.37880897521973,
              19.176139166214785
            ],
            [
              80.38142681121826,
              19.17780105638529
            ],
            [
              80.38434505462646,
              19.179260263199744
            ],
            [
              80.38756370544434,
              19.18104372064081
            ],
            [
              80.3846025466919,
              19.184205256825233
            ],
            [
              80.38331508636475,
              19.184124192553018
            ],
            [
              80.38271427154541,
              19.18529962059439
            ],
            [
              80.38151264190674,
              19.186393977090543
            ],
            [
              80.38095474243164,
              19.18777204529488
            ],
            [
              80.38026809692383,
              19.188987978249497
            ],
            [
              80.37928104400635,
              19.190609208219268
            ],
            [
              80.37820816040039,
              19.191987241140016
            ],
            [
              80.3776502609253,
              19.19324367286623
            ],
            [
              80.37756443023682,
              19.193892150004675
            ],
            [
              80.37790775299072,
              19.195351214224342
            ],
            [
              80.37752151489258,
              19.19595915383148
            ],
            [
              80.37734985351562,
              19.196648149337967
            ],
            [
              80.37649154663086,
              19.197256084153977
            ],
            [
              80.37550449371338,
              19.19766137278357
            ],
            [
              80.37438869476318,
              19.198471947048116
            ],
            [
              80.37370204925537,
              19.200093083598087
            ],
            [
              80.37365913391113,
              19.202686868853515
            ],
            [
              80.37464618682861,
              19.205159032359912
            ],
            [
              80.37601947784424,
              19.206253256803585
            ],
            [
              80.37820816040039,
              19.20750957959491
            ],
            [
              80.37958145141602,
              19.20896852305081
            ],
            [
              80.38074016571045,
              19.210549030521893
            ],
            [
              80.38155555725098,
              19.211481117550285
            ],
            [
              80.38473129272461,
              19.21172426981916
            ]
          ]
        ]
      }
    },
    {
      "type": "Feature",
      "properties": {
        "v_name": "Palse Gundi",
        "v_code": "450692",
        "d_name": "Bijapur",
        "d_code": "636",
        "b_name": "Bhopalpattnam",
        "b_code": "3376",
        "gp_name": "Edapalli",
        "gp_code": "123376",
        "s_name": "Chhattisgarh",
        "s_code": "22",
        "centroid": [
          19.181627,
          80.477977
        ],
        "excel_area_ha": 1621.0,
        "excel_name": "Palsegundi",
        "geojson_area_ha": 1636.55
      },
      "geometry": {
        "type": "Polygon",
        "coordinates": [
          [
            [
              80.5078125,
              19.184894301527883
            ],
            [
              80.50952911376953,
              19.184529513515045
            ],
            [
              80.51270484924316,
              19.18461057758773
            ],
            [
              80.5158805847168,
              19.18355674153019
            ],
            [
              80.51485061645508,
              19.18128691788659
            ],
            [
              80.51407814025879,
              19.17711198200763
            ],
            [
              80.51352024078369,
              19.17532848199943
            ],
            [
              80.51360607147217,
              19.174396190220484
            ],
            [
              80.51313400268555,
              19.173828705685352
            ],
            [
              80.51124572753906,
              19.173630536019477
            ],
            [
              80.51124572753906,
              19.173626032163433
            ],
            [
              80.51123621656086,
              19.173629537866546
            ],
            [
              80.51120281219482,
              19.173626032163433
            ],
            [
              80.5094861984253,
              19.174274586556063
            ],
            [
              80.50824165344238,
              19.17463939728009
            ],
            [
              80.5078125,
              19.17532848199943
            ],
            [
              80.50712585449219,
              19.176341836645335
            ],
            [
              80.50566673278809,
              19.176949846441076
            ],
            [
              80.50540924072266,
              19.176625574829252
            ],
            [
              80.50472259521484,
              19.177395718865142
            ],
            [
              80.50274848937988,
              19.17776052267816
            ],
            [
              80.50184726715088,
              19.178287460092985
            ],
            [
              80.50073146820068,
              19.178206392908105
            ],
            [
              80.49888610839844,
              19.178206392908105
            ],
            [
              80.49858570098877,
              19.177598387749885
            ],
            [
              80.49785614013672,
              19.17674717675848
            ],
            [
              80.49579620361328,
              19.176503972810266
            ],
            [
              80.49270629882812,
              19.172369450763508
            ],
            [
              80.4904317855835,
              19.170748041250025
            ],
            [
              80.48802852630615,
              19.170140008569664
            ],
            [
              80.48571109771729,
              19.16855911310246
            ],
            [
              80.48459529876709,
              19.16811321676754
            ],
            [
              80.48163414001465,
              19.16754571059668
            ],
            [
              80.4800033569336,
              19.166653911237677
            ],
            [
              80.47729969024658,
              19.16539727667911
            ],
            [
              80.4708194732666,
              19.16539727667911
            ],
            [
              80.47064781188965,
              19.165316203152834
            ],
            [
              80.47004699707031,
              19.164829761157893
            ],
            [
              80.46863079071045,
              19.164910834923393
            ],
            [
              80.46695709228516,
              19.165356739920963
            ],
            [
              80.4655408859253,
              19.16539727667911
            ],
            [
              80.46408176422119,
              19.166248546297705
            ],
            [
              80.46309471130371,
              19.166613374788536
            ],
            [
              80.46193599700928,
              19.167140347849802
            ],
            [
              80.46103477478027,
              19.16730249306818
            ],
            [
              80.45858860015869,
              19.169167151615156
            ],
            [
              80.45541286468506,
              19.170991253694044
            ],
            [
              80.45365333557129,
              19.171599283233746
            ],
            [
              80.45270919799805,
              19.171801959248455
            ],
            [
              80.45082092285156,
              19.172166775446758
            ],
            [
              80.44893264770508,
              19.17228838066672
            ],
            [
              80.4485034942627,
              19.173382823608073
            ],
            [
              80.4485034942627,
              19.17443672475535
            ],
            [
              80.44888973236084,
              19.176787710714944
            ],
            [
              80.44931888580322,
              19.178773862364483
            ],
            [
              80.45026302337646,
              19.181570647552807
            ],
            [
              80.45167922973633,
              19.18327301528555
            ],
            [
              80.45292377471924,
              19.185340152446166
            ],
            [
              80.45528411865234,
              19.187326200961518
            ],
            [
              80.4574728012085,
              19.189879656708648
            ],
            [
              80.46047687530518,
              19.193203142960247
            ],
            [
              80.4609489440918,
              19.195351214224342
            ],
            [
              80.46146392822266,
              19.19697238151933
            ],
            [
              80.464768409729,
              19.1975397862995
            ],
            [
              80.4688024520874,
              19.198917761191613
            ],
            [
              80.47390937805176,
              19.19733714195975
            ],
            [
              80.47399520874023,
              19.19745872859355
            ],
            [
              80.47408103942871,
              19.19733714195975
            ],
            [
              80.47768592834473,
              19.19733714195975
            ],
            [
              80.48163414001465,
              19.197256084153977
            ],
            [
              80.48463821411133,
              19.19689132353388
            ],
            [
              80.4875135421753,
              19.196202329045516
            ],
            [
              80.4898738861084,
              19.195310684837356
            ],
            [
              80.4948091506958,
              19.19129822612165
            ],
            [
              80.49691200256348,
              19.190811860842874
            ],
            [
              80.50107479095459,
              19.18931222552071
            ],
            [
              80.5028772354126,
              19.186029192399957
            ],
            [
              80.50471880750368,
              19.185588245983297
            ],
            [
              80.5078125,
              19.184894301527883
            ]
          ]
        ]
      }
    },
    {
      "type": "Feature",
      "properties": {
        "v_name": "Jaraguda",
        "v_code": "450701",
        "d_name": "Bijapur",
        "d_code": "636",
        "b_name": "Bhopalpattnam",
        "b_code": "3376",
        "gp_name": "Sandra",
        "gp_code": "123389",
        "s_name": "Chhattisgarh",
        "s_code": "22",
        "centroid": [
          19.157984,
          80.375462
        ],
        "excel_area_ha": 870.0,
        "excel_name": "Jharagud",
        "geojson_area_ha": 888.27
      },
      "geometry": {
        "type": "Polygon",
        "coordinates": [
          [
            [
              80.38589000701904,
              19.14691148117049
            ],
            [
              80.38589000701904,
              19.146830398557196
            ],
            [
              80.38421630859375,
              19.14516819620529
            ],
            [
              80.37919521331787,
              19.139330084567217
            ],
            [
              80.3783369064331,
              19.138438132662927
            ],
            [
              80.37726402282715,
              19.137586719531853
            ],
            [
              80.37670612335205,
              19.138965195734265
            ],
            [
              80.37576198577881,
              19.140262574587414
            ],
            [
              80.37400245666504,
              19.1418842838159
            ],
            [
              80.37396219002052,
              19.141924826342485
            ],
            [
              80.3739595413208,
              19.141924826342485
            ],
            [
              80.37074089050293,
              19.14516819620529
            ],
            [
              80.36795139312744,
              19.14792501047523
            ],
            [
              80.36760807037354,
              19.148411502330354
            ],
            [
              80.36763733047103,
              19.148411502330354
            ],
            [
              80.36730766296387,
              19.148938533554823
            ],
            [
              80.36649227142334,
              19.15003313148837
            ],
            [
              80.36614894866943,
              19.150762859409824
            ],
            [
              80.36606311798096,
              19.150803399755272
            ],
            [
              80.36606311798096,
              19.15088448041628
            ],
            [
              80.36584854125977,
              19.15137096354557
            ],
            [
              80.36537647247314,
              19.152708784754417
            ],
            [
              80.36456108093262,
              19.153843897272292
            ],
            [
              80.36344528198242,
              19.154857383991455
            ],
            [
              80.36048412322998,
              19.156884338748327
            ],
            [
              80.3580379486084,
              19.158424807703565
            ],
            [
              80.35408973693848,
              19.161221938231062
            ],
            [
              80.35855293273926,
              19.165316203152834
            ],
            [
              80.35962581634521,
              19.166167473190093
            ],
            [
              80.36468982696533,
              19.16953197364606
            ],
            [
              80.36739349365234,
              19.17091018291925
            ],
            [
              80.3701400756836,
              19.172491055833902
            ],
            [
              80.37670612335205,
              19.175166344677685
            ],
            [
              80.37825107574463,
              19.171801959248455
            ],
            [
              80.3797960281372,
              19.170261615285202
            ],
            [
              80.38215637207031,
              19.16896447236016
            ],
            [
              80.38267135620117,
              19.16835643309976
            ],
            [
              80.3849458694458,
              19.168883400588378
            ],
            [
              80.38571834564209,
              19.168721256925174
            ],
            [
              80.3864049911499,
              19.16839696912024
            ],
            [
              80.38739204406738,
              19.167748391596295
            ],
            [
              80.387864112854,
              19.166532301860357
            ],
            [
              80.38803577423096,
              19.16377579857819
            ],
            [
              80.38876533508301,
              19.162924516191136
            ],
            [
              80.39352893829346,
              19.16089763567398
            ],
            [
              80.39254188537598,
              19.158830191879204
            ],
            [
              80.39224147796631,
              19.156357332907834
            ],
            [
              80.39185523986816,
              19.154897923330697
            ],
            [
              80.39168357849121,
              19.154492529489893
            ],
            [
              80.39095401763916,
              19.153397961143206
            ],
            [
              80.38949489593506,
              19.150803399755272
            ],
            [
              80.38936614990234,
              19.150762859409824
            ],
            [
              80.38936614990234,
              19.150641238313714
            ],
            [
              80.3880786895752,
              19.148897992751163
            ],
            [
              80.38754268812012,
              19.148411502330354
            ],
            [
              80.38756370544434,
              19.148411502330354
            ],
            [
              80.38589000701904,
              19.14691148117049
            ]
          ]
        ]
      }
    },
    {
      "type": "Feature",
      "properties": {
        "v_name": "Karemarka",
        "v_code": "451356",
        "d_name": "Bijapur",
        "d_code": "636",
        "b_name": "Bhairamgarh",
        "b_code": "3379",
        "gp_name": "Tindodi",
        "gp_code": "123363",
        "s_name": "Chhattisgarh",
        "s_code": "22",
        "centroid": [
          18.986527,
          81.014024
        ],
        "excel_area_ha": 1273.0,
        "excel_name": "Karemarka",
        "geojson_area_ha": 240.87
      },
      "geometry": {
        "type": "Polygon",
        "coordinates": [
          [
            [
              81.01807594299316,
              18.979147700311977
            ],
            [
              81.01528644561768,
              18.979147700311977
            ],
            [
              81.0146427154541,
              18.97902595325527
            ],
            [
              81.01305484771729,
              18.978701294002406
            ],
            [
              81.0108232498169,
              18.97618516334176
            ],
            [
              81.00687503814697,
              18.976915656802827
            ],
            [
              81.00369930267334,
              18.978579546619468
            ],
            [
              81.00314140319824,
              18.97902595325527
            ],
            [
              81.00288391113281,
              18.979228864967023
            ],
            [
              81.00258350372314,
              18.979918762938336
            ],
            [
              81.00322723388672,
              18.980608658052567
            ],
            [
              81.00558757781982,
              18.981339132118126
            ],
            [
              81.0071325302124,
              18.98227251098474
            ],
            [
              81.00713546021834,
              18.98227251098474
            ],
            [
              81.00854873657227,
              18.9831247219038
            ],
            [
              81.00897789001465,
              18.98385518493534
            ],
            [
              81.01065158843994,
              18.9854784246465
            ],
            [
              81.01095199584961,
              18.98629003856902
            ],
            [
              81.01193904876709,
              18.987385711089885
            ],
            [
              81.01356983184814,
              18.988440796333222
            ],
            [
              81.01425647735596,
              18.989495874891016
            ],
            [
              81.01378440856934,
              18.989658194075727
            ],
            [
              81.01335525512695,
              18.990753844433335
            ],
            [
              81.01232528686523,
              18.991687170532202
            ],
            [
              81.0108232498169,
              18.99245817510204
            ],
            [
              81.01133823394775,
              18.994608853186374
            ],
            [
              81.01078033447266,
              18.99578562754587
            ],
            [
              81.01120948791504,
              18.997287017235344
            ],
            [
              81.01236820220947,
              18.99797684038932
            ],
            [
              81.01395606994629,
              18.99797684038932
            ],
            [
              81.01477146148682,
              18.998342039725003
            ],
            [
              81.01490020751953,
              18.999315900701994
            ],
            [
              81.01558685302734,
              18.999640519761154
            ],
            [
              81.01687431335449,
              18.999640519761154
            ],
            [
              81.01850509643555,
              18.999113013468442
            ],
            [
              81.0183334350586,
              18.9984637726588
            ],
            [
              81.01893424987793,
              18.99444653882869
            ],
            [
              81.01940631866455,
              18.99347264935877
            ],
            [
              81.02009296417236,
              18.992417596003175
            ],
            [
              81.0192346572876,
              18.99184948758049
            ],
            [
              81.0192346572876,
              18.990469787625567
            ],
            [
              81.01987838745117,
              18.988643696575103
            ],
            [
              81.02060794830322,
              18.986208877354766
            ],
            [
              81.02108001708984,
              18.98340879124118
            ],
            [
              81.02073669433594,
              18.98150145925324
            ],
            [
              81.01807594299316,
              18.979147700311977
            ]
          ]
        ]
      }
    },
    {
      "type": "Feature",
      "properties": {
        "v_name": "Dodimarka",
        "v_code": "451096",
        "d_name": "Bijapur",
        "d_code": "636",
        "b_name": "Bhairamgarh",
        "b_code": "3379",
        "gp_name": "Sagamaeta",
        "gp_code": "123358",
        "s_name": "Chhattisgarh",
        "s_code": "22",
        "centroid": [
          19.052971,
          80.60102
        ],
        "excel_area_ha": 1691.0,
        "excel_name": "Dodimarka",
        "geojson_area_ha": 1683.87
      },
      "geometry": {
        "type": "Polygon",
        "coordinates": [
          [
            [
              80.58566093444824,
              19.078341922949694
            ],
            [
              80.58690547943115,
              19.0776929918683
            ],
            [
              80.58960914611816,
              19.07655735635948
            ],
            [
              80.59162616729736,
              19.0758678595742
            ],
            [
              80.59342861175537,
              19.075016124289743
            ],
            [
              80.59463024139404,
              19.074164384627
            ],
            [
              80.5953598022461,
              19.073069284341756
            ],
            [
              80.59634685516357,
              19.071811938052647
            ],
            [
              80.59711933135986,
              19.07075738219641
            ],
            [
              80.59797763824463,
              19.069459458084918
            ],
            [
              80.5986213684082,
              19.068323766149803
            ],
            [
              80.60136795043945,
              19.06503832781003
            ],
            [
              80.60604572296143,
              19.0626046278028
            ],
            [
              80.60673236846924,
              19.062077321426145
            ],
            [
              80.60763359069824,
              19.060982141285816
            ],
            [
              80.60956478118896,
              19.060414267254338
            ],
            [
              80.6105089187622,
              19.060211454628956
            ],
            [
              80.6118392944336,
              19.061306639859257
            ],
            [
              80.61398506164551,
              19.061468888907843
            ],
            [
              80.61698913574219,
              19.059035136510477
            ],
            [
              80.61977863311768,
              19.05956245256092
            ],
            [
              80.62364101409912,
              19.06004920435006
            ],
            [
              80.62604427337646,
              19.05875119640422
            ],
            [
              80.62913417816162,
              19.057331488581198
            ],
            [
              80.63063621520996,
              19.056763602049287
            ],
            [
              80.63050746917725,
              19.055871204999384
            ],
            [
              80.63024997711182,
              19.052747777517233
            ],
            [
              80.63029289245605,
              19.050962935410173
            ],
            [
              80.63097953796387,
              19.050151637196045
            ],
            [
              80.63278198242188,
              19.048285636249588
            ],
            [
              80.63282489776611,
              19.046013954602664
            ],
            [
              80.63376903533936,
              19.045446029332318
            ],
            [
              80.63042163848877,
              19.04414790713126
            ],
            [
              80.62677383422852,
              19.0429309083473
            ],
            [
              80.62544345855713,
              19.04167333356358
            ],
            [
              80.6248426437378,
              19.041227095059988
            ],
            [
              80.62419891357422,
              19.040496884012217
            ],
            [
              80.62321186065674,
              19.039482696673296
            ],
            [
              80.6226110458374,
              19.038306231598735
            ],
            [
              80.62218189239502,
              19.03737316716399
            ],
            [
              80.62196731567383,
              19.03757600770453
            ],
            [
              80.62162399291992,
              19.03826566368887
            ],
            [
              80.62128067016602,
              19.038387367388744
            ],
            [
              80.62016487121582,
              19.0383467994987
            ],
            [
              80.61750411987305,
              19.037900552053976
            ],
            [
              80.61651706695557,
              19.03785998404499
            ],
            [
              80.61424255371094,
              19.038062823990824
            ],
            [
              80.61291217803955,
              19.038468503139107
            ],
            [
              80.61102390289307,
              19.038509070999424
            ],
            [
              80.61029434204102,
              19.03842793526888
            ],
            [
              80.60874938964844,
              19.038103391950255
            ],
            [
              80.60832023620605,
              19.037900552053976
            ],
            [
              80.60797691345215,
              19.037657143851362
            ],
            [
              80.60720443725586,
              19.0372920308784
            ],
            [
              80.6028699874878,
              19.036440097486075
            ],
            [
              80.6017541885376,
              19.03615611871734
            ],
            [
              80.59978008270264,
              19.036399529120274
            ],
            [
              80.59909343719482,
              19.03635896074456
            ],
            [
              80.5973768234253,
              19.036440097486075
            ],
            [
              80.595703125,
              19.03664293916641
            ],
            [
              80.59475898742676,
              19.036480665841964
            ],
            [
              80.59467315673828,
              19.03635896074456
            ],
            [
              80.59269905090332,
              19.036074981837075
            ],
            [
              80.59214115142822,
              19.035953276442342
            ],
            [
              80.59136867523193,
              19.035588159722963
            ],
            [
              80.59008121490479,
              19.034371098194026
            ],
            [
              80.58883666992188,
              19.033803133094825
            ],
            [
              80.58840751647949,
              19.038306231598735
            ],
            [
              80.58694839477539,
              19.039807237295808
            ],
            [
              80.585618019104,
              19.040537451376913
            ],
            [
              80.58295726776123,
              19.04159219937942
            ],
            [
              80.5803394317627,
              19.042444106335374
            ],
            [
              80.57952404022217,
              19.04284977477779
            ],
            [
              80.57952404022217,
              19.043093175367364
            ],
            [
              80.57918071746826,
              19.0439045080883
            ],
            [
              80.57900905609131,
              19.04572999221042
            ],
            [
              80.57896614074707,
              19.046906404672455
            ],
            [
              80.57836532592773,
              19.04848846345587
            ],
            [
              80.57870864868164,
              19.049745986601405
            ],
            [
              80.5786657333374,
              19.051733665039166
            ],
            [
              80.57836532592773,
              19.05311285649185
            ],
            [
              80.57737827301025,
              19.055708950474482
            ],
            [
              80.57673454284668,
              19.0564796580542
            ],
            [
              80.57613372802734,
              19.05842669283039
            ],
            [
              80.57669162750244,
              19.060130329509352
            ],
            [
              80.5768632888794,
              19.0626046278028
            ],
            [
              80.57733535766602,
              19.06503832781003
            ],
            [
              80.57879447937012,
              19.066336286539784
            ],
            [
              80.57973861694336,
              19.067106944727303
            ],
            [
              80.58055400848389,
              19.069013294324147
            ],
            [
              80.58171272277832,
              19.06974337985282
            ],
            [
              80.58377265930176,
              19.071852497759263
            ],
            [
              80.58518886566162,
              19.077003499809166
            ],
            [
              80.58566093444824,
              19.078341922949694
            ]
          ]
        ]
      }
    },
    {
      "type": "Feature",
      "properties": {
        "v_name": "Adwada",
        "v_code": "451237",
        "d_name": "Bijapur",
        "d_code": "636",
        "b_name": "Bhairamgarh",
        "b_code": "3379",
        "gp_name": "Tushval",
        "gp_code": "123365",
        "s_name": "Chhattisgarh",
        "s_code": "22",
        "centroid": [
          19.092207,
          81.002951
        ],
        "excel_area_ha": 775.0,
        "excel_name": "Adwada",
        "geojson_area_ha": 614.03
      },
      "geometry": {
        "type": "Polygon",
        "coordinates": [
          [
            [
              81.00408554077148,
              19.105756937731478
            ],
            [
              81.00430011749268,
              19.105554180623827
            ],
            [
              81.0053300857544,
              19.105027010980784
            ],
            [
              81.00841999053955,
              19.103039971841053
            ],
            [
              81.01103782653809,
              19.101174566438914
            ],
            [
              81.01176738739014,
              19.100769040742247
            ],
            [
              81.01369857788086,
              19.0991063749944
            ],
            [
              81.01580142974854,
              19.09740313910024
            ],
            [
              81.01713180541992,
              19.096592068227107
            ],
            [
              81.01768970489502,
              19.096429853575472
            ],
            [
              81.01640224456787,
              19.09355051705128
            ],
            [
              81.01618766784668,
              19.092577208870356
            ],
            [
              81.01605892181396,
              19.091076680878913
            ],
            [
              81.01442813873291,
              19.088886696697124
            ],
            [
              81.01378440856934,
              19.087467247032496
            ],
            [
              81.01369857788086,
              19.085236658688448
            ],
            [
              81.01309776306152,
              19.083938848007342
            ],
            [
              81.0128402709961,
              19.083492723236755
            ],
            [
              81.01129531860352,
              19.08150542556831
            ],
            [
              81.00949287414551,
              19.079842566339337
            ],
            [
              81.00906372070312,
              19.07862582949847
            ],
            [
              81.00721836090088,
              19.079193641136364
            ],
            [
              81.00485801696777,
              19.079396430535372
            ],
            [
              81.0025405883789,
              19.080410373806593
            ],
            [
              81.00236892700195,
              19.08045093140835
            ],
            [
              81.00099563598633,
              19.08109985168586
            ],
            [
              80.99743366241455,
              19.081870441213415
            ],
            [
              80.99661827087402,
              19.0822354560541
            ],
            [
              80.99400043487549,
              19.08300604029825
            ],
            [
              80.99318504333496,
              19.083168268103325
            ],
            [
              80.9917688369751,
              19.083736064169692
            ],
            [
              80.98992347717285,
              19.08406051819075
            ],
            [
              80.98966598510742,
              19.084222744962908
            ],
            [
              80.9897518157959,
              19.084871650462386
            ],
            [
              80.98970890045166,
              19.08543944068862
            ],
            [
              80.99000930786133,
              19.08608834142046
            ],
            [
              80.98988056182861,
              19.086210010024594
            ],
            [
              80.98940849304199,
              19.086169453833147
            ],
            [
              80.98923683166504,
              19.086250566206104
            ],
            [
              80.98927974700928,
              19.086453346964664
            ],
            [
              80.98949432373047,
              19.086737239609455
            ],
            [
              80.9895372390747,
              19.08698057577474
            ],
            [
              80.98906517028809,
              19.08771058212496
            ],
            [
              80.98902225494385,
              19.087994472614188
            ],
            [
              80.98958015441895,
              19.08831891829156
            ],
            [
              80.99026679992676,
              19.088886696697124
            ],
            [
              80.99035263061523,
              19.089373362352156
            ],
            [
              80.99091053009033,
              19.08949502854239
            ],
            [
              80.99095344543457,
              19.089616694643215
            ],
            [
              80.9906530380249,
              19.09026557900421
            ],
            [
              80.9906530380249,
              19.090508909983896
            ],
            [
              80.99112510681152,
              19.09127945572665
            ],
            [
              80.99125385284424,
              19.091806669168324
            ],
            [
              80.99103927612305,
              19.092090552633735
            ],
            [
              80.99091053009033,
              19.09213110737477
            ],
            [
              80.99078178405762,
              19.09245554494533
            ],
            [
              80.99078178405762,
              19.093631625808015
            ],
            [
              80.99116802215576,
              19.093996614721483
            ],
            [
              80.99103927612305,
              19.094199385992304
            ],
            [
              80.99069595336914,
              19.094361602830098
            ],
            [
              80.99052429199219,
              19.094523819508908
            ],
            [
              80.99035263061523,
              19.09553767014937
            ],
            [
              80.99035263061523,
              19.095902654859568
            ],
            [
              80.99043846130371,
              19.096024316250755
            ],
            [
              80.99108219146729,
              19.095943208666565
            ],
            [
              80.99112510681152,
              19.096145977552517
            ],
            [
              80.99112510681152,
              19.0966731754933
            ],
            [
              80.99168300628662,
              19.096875943484875
            ],
            [
              80.99181175231934,
              19.097078711228004
            ],
            [
              80.99185466766357,
              19.097443692539546
            ],
            [
              80.99271297454834,
              19.097849226386046
            ],
            [
              80.99327087402344,
              19.098416972101525
            ],
            [
              80.99314212799072,
              19.09857918480531
            ],
            [
              80.99271297454834,
              19.098741397350075
            ],
            [
              80.9926700592041,
              19.099025268920787
            ],
            [
              80.99284172058105,
              19.09971466927929
            ],
            [
              80.99297046661377,
              19.0997552221521
            ],
            [
              80.99318504333496,
              19.099674116396535
            ],
            [
              80.99335670471191,
              19.099795775014982
            ],
            [
              80.99344253540039,
              19.100606830185274
            ],
            [
              80.99344253540039,
              19.100850145961097
            ],
            [
              80.99318504333496,
              19.10105290883428
            ],
            [
              80.99297046661377,
              19.101539538716075
            ],
            [
              80.99254131317139,
              19.101823405486133
            ],
            [
              80.99249839782715,
              19.10214782405551
            ],
            [
              80.99228382110596,
              19.102431689781863
            ],
            [
              80.99236965179443,
              19.10259389854967
            ],
            [
              80.9926700592041,
              19.10267500287393
            ],
            [
              80.99271297454834,
              19.102999419773354
            ],
            [
              80.99292755126953,
              19.103283284038486
            ],
            [
              80.99318504333496,
              19.103161627984502
            ],
            [
              80.99331378936768,
              19.10320218001244
            ],
            [
              80.99318504333496,
              19.104134873911317
            ],
            [
              80.99352836608887,
              19.104621494727496
            ],
            [
              80.99370002746582,
              19.10466204639756
            ],
            [
              80.99387168884277,
              19.104621494727496
            ],
            [
              80.99442958831787,
              19.104134873911317
            ],
            [
              80.9950304031372,
              19.104134873911317
            ],
            [
              80.99563121795654,
              19.10385101110747
            ],
            [
              80.9958028793335,
              19.103810459238584
            ],
            [
              80.99623203277588,
              19.10409432211202
            ],
            [
              80.99678993225098,
              19.10421597748009
            ],
            [
              80.9972620010376,
              19.103932114815418
            ],
            [
              80.99794864654541,
              19.103810459238584
            ],
            [
              80.99850654602051,
              19.103486043929642
            ],
            [
              80.9998369216919,
              19.103729355470993
            ],
            [
              81.00000858306885,
              19.103972666654478
            ],
            [
              81.0001802444458,
              19.104621494727496
            ],
            [
              81.00030899047852,
              19.104743149707865
            ],
            [
              81.00202560424805,
              19.10421597748009
            ],
            [
              81.00241184234619,
              19.10445928794783
            ],
            [
              81.00258350372314,
              19.10445928794783
            ],
            [
              81.00408554077148,
              19.105756937731478
            ]
          ]
        ]
      }
    },
    {
      "type": "Feature",
      "properties": {
        "v_name": "Cherpalli",
        "v_code": "450699",
        "d_name": "Bijapur",
        "d_code": "636",
        "b_name": "Bhopalpattnam",
        "b_code": "3376",
        "gp_name": "Sandra",
        "gp_code": "123389",
        "s_name": "Chhattisgarh",
        "s_code": "22",
        "centroid": [
          19.212831,
          80.405335
        ],
        "excel_area_ha": 567.0,
        "excel_name": "Cherpalli",
        "geojson_area_ha": 1584.7
      },
      "geometry": {
        "type": "Polygon",
        "coordinates": [
          [
            [
              80.38734912872314,
              19.233809100709795
            ],
            [
              80.39103984832764,
              19.232674539537108
            ],
            [
              80.39524555206299,
              19.232796100037664
            ],
            [
              80.39550304412842,
              19.232593499153417
            ],
            [
              80.39932250976562,
              19.23105372426532
            ],
            [
              80.3994083404541,
              19.231094244842055
            ],
            [
              80.3994083404541,
              19.23101320367859
            ],
            [
              80.40116786956787,
              19.230243310631277
            ],
            [
              80.4034423828125,
              19.23012174824129
            ],
            [
              80.40567398071289,
              19.230162269047945
            ],
            [
              80.40807723999023,
              19.229594976845064
            ],
            [
              80.41146755218506,
              19.2285009077781
            ],
            [
              80.41318416595459,
              19.22805517384688
            ],
            [
              80.41451454162598,
              19.228095695163333
            ],
            [
              80.41721820831299,
              19.228825077150216
            ],
            [
              80.41966438293457,
              19.226231704261508
            ],
            [
              80.42438507080078,
              19.22298993058182
            ],
            [
              80.42695999145508,
              19.220842220297246
            ],
            [
              80.4283332824707,
              19.213426325632874
            ],
            [
              80.42871952056885,
              19.21164321910282
            ],
            [
              80.42841911315918,
              19.211319015837937
            ],
            [
              80.42846202850342,
              19.21107586296977
            ],
            [
              80.42829036712646,
              19.21103533745678
            ],
            [
              80.42726039886475,
              19.210427453563444
            ],
            [
              80.42648792266846,
              19.20969798992509
            ],
            [
              80.42438507080078,
              19.2074285268012
            ],
            [
              80.42352676391602,
              19.20637483684797
            ],
            [
              80.4228401184082,
              19.205361667065358
            ],
            [
              80.42198181152344,
              19.20390269161438
            ],
            [
              80.42150974273682,
              19.203011089135057
            ],
            [
              80.42129516601562,
              19.20228159260301
            ],
            [
              80.42155265808105,
              19.20167367635522
            ],
            [
              80.42356967926025,
              19.199930970661864
            ],
            [
              80.42438507080078,
              19.198836704164457
            ],
            [
              80.42292594909668,
              19.198026131696743
            ],
            [
              80.42120933532715,
              19.195837566089715
            ],
            [
              80.41923522949219,
              19.193973209467334
            ],
            [
              80.41841983795166,
              19.194297446918743
            ],
            [
              80.41747570037842,
              19.194581154164748
            ],
            [
              80.41721820831299,
              19.194743272371458
            ],
            [
              80.41683197021484,
              19.195310684837356
            ],
            [
              80.4164457321167,
              19.19567544896096
            ],
            [
              80.41597366333008,
              19.195878095346952
            ],
            [
              80.41507244110107,
              19.195878095346952
            ],
            [
              80.41472911834717,
              19.195634919653816
            ],
            [
              80.4144287109375,
              19.195067508305797
            ],
            [
              80.41404247283936,
              19.19401373918369
            ],
            [
              80.41395664215088,
              19.19291943333891
            ],
            [
              80.41284084320068,
              19.19129822612165
            ],
            [
              80.41142463684082,
              19.190203902223633
            ],
            [
              80.41026592254639,
              19.190203902223633
            ],
            [
              80.40867805480957,
              19.190690269298646
            ],
            [
              80.40842056274414,
              19.19105504366189
            ],
            [
              80.40786266326904,
              19.192797843351492
            ],
            [
              80.4074764251709,
              19.193365262524306
            ],
            [
              80.40674686431885,
              19.19368950117337
            ],
            [
              80.40623188018799,
              19.19368950117337
            ],
            [
              80.40515899658203,
              19.193365262524306
            ],
            [
              80.40395736694336,
              19.19291943333891
            ],
            [
              80.40275573730469,
              19.192635723228555
            ],
            [
              80.39936542510986,
              19.192108831726213
            ],
            [
              80.39846420288086,
              19.191825120218688
            ],
            [
              80.39837837219238,
              19.191338756496684
            ],
            [
              80.3976058959961,
              19.191500877897024
            ],
            [
              80.39520263671875,
              19.19259519317287
            ],
            [
              80.39494514465332,
              19.19571597825812
            ],
            [
              80.39468765258789,
              19.19709396842264
            ],
            [
              80.39404392242432,
              19.198836704164457
            ],
            [
              80.39284229278564,
              19.201146813790068
            ],
            [
              80.3913402557373,
              19.203375836187973
            ],
            [
              80.38949489593506,
              19.205969569683855
            ],
            [
              80.38709163665771,
              19.209171153062695
            ],
            [
              80.38558959960938,
              19.2109137608579
            ],
            [
              80.38473129272461,
              19.21172426981916
            ],
            [
              80.38430213928223,
              19.213507375470208
            ],
            [
              80.38378715515137,
              19.215168888330005
            ],
            [
              80.38365840911865,
              19.21792453117219
            ],
            [
              80.38413047790527,
              19.22149058862402
            ],
            [
              80.38610458374023,
              19.22955445589846
            ],
            [
              80.38734912872314,
              19.233809100709795
            ]
          ]
        ]
      }
    },
    {
      "type": "Feature",
      "properties": {
        "v_name": "Chipanpalli",
        "v_code": "450688",
        "d_name": "Bijapur",
        "d_code": "636",
        "b_name": "Bhopalpattnam",
        "b_code": "3376",
        "gp_name": "Sandra",
        "gp_code": "123389",
        "s_name": "Chhattisgarh",
        "s_code": "22",
        "centroid": [
          19.23796,
          80.409398
        ],
        "excel_area_ha": 893.0,
        "excel_name": "Chipanpalli",
        "geojson_area_ha": 791.11
      },
      "geometry": {
        "type": "Polygon",
        "coordinates": [
          [
            [
              80.41781902313232,
              19.25139379630498
            ],
            [
              80.41820526123047,
              19.248598198771308
            ],
            [
              80.4179048538208,
              19.24794993746747
            ],
            [
              80.4179048538208,
              19.247747355284798
            ],
            [
              80.41876316070557,
              19.243857728880077
            ],
            [
              80.42129516601562,
              19.241629255549647
            ],
            [
              80.42365550994873,
              19.239724899820985
            ],
            [
              80.42558670043945,
              19.23757740834886
            ],
            [
              80.42794704437256,
              19.235227291152817
            ],
            [
              80.42932033538818,
              19.234173779422086
            ],
            [
              80.43073654174805,
              19.231985695001047
            ],
            [
              80.42936325073242,
              19.229716539624906
            ],
            [
              80.42859077453613,
              19.22862247136761
            ],
            [
              80.42515754699707,
              19.22505656869321
            ],
            [
              80.4237413406372,
              19.223435678255424
            ],
            [
              80.41966438293457,
              19.226231704261508
            ],
            [
              80.41721820831299,
              19.228825077150216
            ],
            [
              80.41451454162598,
              19.228095695163333
            ],
            [
              80.41318416595459,
              19.22805517384688
            ],
            [
              80.41146755218506,
              19.2285009077781
            ],
            [
              80.40807723999023,
              19.229594976845064
            ],
            [
              80.40567398071289,
              19.230162269047945
            ],
            [
              80.4034423828125,
              19.23012174824129
            ],
            [
              80.40116786956787,
              19.230243310631277
            ],
            [
              80.3994083404541,
              19.23101320367859
            ],
            [
              80.3994083404541,
              19.231094244842055
            ],
            [
              80.39932250976562,
              19.23105372426532
            ],
            [
              80.39550304412842,
              19.232593499153417
            ],
            [
              80.39524555206299,
              19.232796100037664
            ],
            [
              80.39103984832764,
              19.232674539537108
            ],
            [
              80.38734912872314,
              19.233809100709795
            ],
            [
              80.3873062133789,
              19.233930660370547
            ],
            [
              80.38975238800049,
              19.239765418257996
            ],
            [
              80.39224147796631,
              19.245194798355005
            ],
            [
              80.39473056793213,
              19.247463739808882
            ],
            [
              80.40133953094482,
              19.24807148665702
            ],
            [
              80.40507316589355,
              19.248760263697086
            ],
            [
              80.40678977966309,
              19.24924645751399
            ],
            [
              80.40854930877686,
              19.249854197759145
            ],
            [
              80.4144287109375,
              19.25123173398053
            ],
            [
              80.41781902313232,
              19.25139379630498
            ]
          ]
        ]
      }
    },
    {
      "type": "Feature",
      "properties": {
        "v_name": "Phandiwaya",
        "v_code": "450689",
        "d_name": "Bijapur",
        "d_code": "636",
        "b_name": "Bhopalpattnam",
        "b_code": "3376",
        "gp_name": "Sandra",
        "gp_code": "123389",
        "s_name": "Chhattisgarh",
        "s_code": "22",
        "centroid": [
          19.243371,
          80.445218
        ],
        "excel_area_ha": 1089.0,
        "excel_name": "Phandiyava",
        "geojson_area_ha": 1051.56
      },
      "geometry": {
        "type": "Polygon",
        "coordinates": [
          [
            [
              80.43434143066406,
              19.25649867757238
            ],
            [
              80.43592929840088,
              19.25512118557978
            ],
            [
              80.43648719787598,
              19.254310890768345
            ],
            [
              80.43708801269531,
              19.25358162201565
            ],
            [
              80.4378604888916,
              19.253216986423485
            ],
            [
              80.43850421905518,
              19.252528228093517
            ],
            [
              80.43880462646484,
              19.252447197511636
            ],
            [
              80.43910503387451,
              19.25248771280758
            ],
            [
              80.43936252593994,
              19.25264977389129
            ],
            [
              80.43983459472656,
              19.252933380402546
            ],
            [
              80.44056415557861,
              19.253541106989882
            ],
            [
              80.44125080108643,
              19.253541106989882
            ],
            [
              80.44167995452881,
              19.25333853171093
            ],
            [
              80.44228076934814,
              19.252244620881825
            ],
            [
              80.44262409210205,
              19.251920497753808
            ],
            [
              80.44288158416748,
              19.25196101317983
            ],
            [
              80.44305324554443,
              19.25289286521667
            ],
            [
              80.44399738311768,
              19.25358162201565
            ],
            [
              80.44438362121582,
              19.253622137031414
            ],
            [
              80.44455528259277,
              19.253379046786737
            ],
            [
              80.44472694396973,
              19.252933380402546
            ],
            [
              80.4448127746582,
              19.252852350020788
            ],
            [
              80.44524192810059,
              19.253176471307654
            ],
            [
              80.44549942016602,
              19.253622137031414
            ],
            [
              80.44622898101807,
              19.253743682018662
            ],
            [
              80.4462718963623,
              19.253176471307654
            ],
            [
              80.44601440429688,
              19.252690289137206
            ],
            [
              80.4459285736084,
              19.25216359015986
            ],
            [
              80.44584274291992,
              19.251920497753808
            ],
            [
              80.44597148895264,
              19.25171792047361
            ],
            [
              80.44661521911621,
              19.25127224957665
            ],
            [
              80.4464864730835,
              19.25078606176282
            ],
            [
              80.44670104980469,
              19.25054296731561
            ],
            [
              80.44678688049316,
              19.2502188408257
            ],
            [
              80.44888973236084,
              19.247706838818253
            ],
            [
              80.4499626159668,
              19.247463739808882
            ],
            [
              80.4525375366211,
              19.247220640439366
            ],
            [
              80.45339584350586,
              19.247301673602557
            ],
            [
              80.45541286468506,
              19.247342190169142
            ],
            [
              80.45682907104492,
              19.248760263697086
            ],
            [
              80.45785903930664,
              19.24936800574311
            ],
            [
              80.45884609222412,
              19.24961110193122
            ],
            [
              80.46090602874756,
              19.249570585924882
            ],
            [
              80.46309471130371,
              19.24961110193122
            ],
            [
              80.46416759490967,
              19.24936800574311
            ],
            [
              80.46627044677734,
              19.249003360785625
            ],
            [
              80.47043323516846,
              19.24924645751399
            ],
            [
              80.4717206954956,
              19.25082657746901
            ],
            [
              80.47270774841309,
              19.252447197511636
            ],
            [
              80.47416687011719,
              19.25277131959901
            ],
            [
              80.47674179077148,
              19.253541106989882
            ],
            [
              80.47682762145996,
              19.25078606176282
            ],
            [
              80.47665596008301,
              19.24807148665702
            ],
            [
              80.47515392303467,
              19.244384454519032
            ],
            [
              80.474853515625,
              19.241953399005318
            ],
            [
              80.47438144683838,
              19.23931971490082
            ],
            [
              80.4737377166748,
              19.236604950140507
            ],
            [
              80.46978950500488,
              19.236888584379574
            ],
            [
              80.46356678009033,
              19.23680754607555
            ],
            [
              80.46159267425537,
              19.236604950140507
            ],
            [
              80.4587173461914,
              19.237293775299722
            ],
            [
              80.45687198638916,
              19.237212737195687
            ],
            [
              80.45425415039062,
              19.237212737195687
            ],
            [
              80.45094966888428,
              19.237334294336744
            ],
            [
              80.44734477996826,
              19.23575404448355
            ],
            [
              80.44532775878906,
              19.23413325960516
            ],
            [
              80.44090747833252,
              19.23117528596554
            ],
            [
              80.44082164764404,
              19.23101320367859
            ],
            [
              80.44026374816895,
              19.22955445589846
            ],
            [
              80.43867588043213,
              19.22817673776625
            ],
            [
              80.4323673248291,
              19.231094244842055
            ],
            [
              80.43065071105957,
              19.231985695001047
            ],
            [
              80.42932033538818,
              19.234173779422086
            ],
            [
              80.42794704437256,
              19.235227291152817
            ],
            [
              80.42558670043945,
              19.23757740834886
            ],
            [
              80.42365550994873,
              19.239724899820985
            ],
            [
              80.42129516601562,
              19.241629255549647
            ],
            [
              80.41876316070557,
              19.243857728880077
            ],
            [
              80.4179048538208,
              19.24786890462442
            ],
            [
              80.41820526123047,
              19.248598198771308
            ],
            [
              80.41781902313232,
              19.25139379630498
            ],
            [
              80.42065143585205,
              19.251434311861082
            ],
            [
              80.42181015014648,
              19.25155585846934
            ],
            [
              80.42910575866699,
              19.254067801544355
            ],
            [
              80.43219566345215,
              19.255445302383535
            ],
            [
              80.43434143066406,
              19.25649867757238
            ]
          ]
        ]
      }
    },
    {
      "type": "Feature",
      "properties": {
        "v_name": "Netikakler",
        "v_code": "450682",
        "d_name": "Bijapur",
        "d_code": "636",
        "b_name": "Bhopalpattnam",
        "b_code": "3376",
        "gp_name": "Kerpe",
        "gp_code": "123380",
        "s_name": "Chhattisgarh",
        "s_code": "22",
        "centroid": [
          19.26611,
          80.511366
        ],
        "excel_area_ha": 1112.0,
        "excel_name": "Netikakler",
        "geojson_area_ha": 1091.56
      },
      "geometry": {
        "type": "Polygon",
        "coordinates": [
          [
            [
              80.5078125,
              19.28181815981652
            ],
            [
              80.50824165344238,
              19.281777651769726
            ],
            [
              80.51047325134277,
              19.281048505214173
            ],
            [
              80.51124572753906,
              19.280926980472657
            ],
            [
              80.51124572753906,
              19.280892259002005
            ],
            [
              80.51227569580078,
              19.280683930719118
            ],
            [
              80.51279067993164,
              19.280278846995067
            ],
            [
              80.51635265350342,
              19.279873762269176
            ],
            [
              80.52197456359863,
              19.277848323612737
            ],
            [
              80.52416324615479,
              19.27671406702605
            ],
            [
              80.52678108215332,
              19.27517470624022
            ],
            [
              80.52682399749756,
              19.27525572558954
            ],
            [
              80.52695274353027,
              19.27448604015342
            ],
            [
              80.52733898162842,
              19.27306818909566
            ],
            [
              80.52772521972656,
              19.271285730359512
            ],
            [
              80.52798271179199,
              19.269746318575713
            ],
            [
              80.52875518798828,
              19.267639731650032
            ],
            [
              80.53008556365967,
              19.266667451629377
            ],
            [
              80.5301284790039,
              19.26354801429766
            ],
            [
              80.52974224090576,
              19.260752623925082
            ],
            [
              80.52961349487305,
              19.260752623925082
            ],
            [
              80.52961349487305,
              19.260671597406454
            ],
            [
              80.52969932556152,
              19.26050954424908
            ],
            [
              80.52952766418457,
              19.25990184348256
            ],
            [
              80.52849769592285,
              19.25751153195081
            ],
            [
              80.52759647369385,
              19.254999641613246
            ],
            [
              80.52699565887451,
              19.25366265203717
            ],
            [
              80.52613735198975,
              19.252406682205688
            ],
            [
              80.52506446838379,
              19.25054296731561
            ],
            [
              80.5248498916626,
              19.250421419956936
            ],
            [
              80.52236080169678,
              19.25070503032044
            ],
            [
              80.52055835723877,
              19.2511912183744
            ],
            [
              80.51772594451904,
              19.25082657746901
            ],
            [
              80.51592350006104,
              19.25086709316518
            ],
            [
              80.51356315612793,
              19.25123173398053
            ],
            [
              80.51124572753906,
              19.250789509466937
            ],
            [
              80.51124572753906,
              19.25078606176282
            ],
            [
              80.50952911376953,
              19.250461935753165
            ],
            [
              80.5078125,
              19.250340388334454
            ],
            [
              80.50656795501709,
              19.2502188408257
            ],
            [
              80.50450801849365,
              19.250340388334454
            ],
            [
              80.50450801849365,
              19.25025935667195
            ],
            [
              80.50437927246094,
              19.250745546046634
            ],
            [
              80.50437927246094,
              19.250912671143414
            ],
            [
              80.50416469573975,
              19.25200152859585
            ],
            [
              80.5032205581665,
              19.253946256797278
            ],
            [
              80.50249099731445,
              19.25601250524895
            ],
            [
              80.50146102905273,
              19.258119241575365
            ],
            [
              80.49892902374268,
              19.259213113224593
            ],
            [
              80.49618244171143,
              19.260185437453867
            ],
            [
              80.4944658279419,
              19.26059057084779
            ],
            [
              80.49120426177979,
              19.26298083749642
            ],
            [
              80.49094676971436,
              19.263426476576857
            ],
            [
              80.49026012420654,
              19.265127996468795
            ],
            [
              80.49111843109131,
              19.26707256900554
            ],
            [
              80.4936933517456,
              19.272217472572
            ],
            [
              80.49433708190918,
              19.274242980843447
            ],
            [
              80.49506664276123,
              19.276065916879134
            ],
            [
              80.49798488616943,
              19.280400372217475
            ],
            [
              80.49875736236572,
              19.28145358703468
            ],
            [
              80.4988431930542,
              19.281494095161626
            ],
            [
              80.50292015075684,
              19.281534603278555
            ],
            [
              80.50558090209961,
              19.28218273178681
            ],
            [
              80.5078125,
              19.28181815981652
            ]
          ]
        ]
      }
    }
  ]
}