{
  "type": "FeatureCollection",
  "features": [
    {
      "type": "Feature",
      "properties": {
        "v_name": "Amlidhar",
        "v_code": "449167",
        "d_name": "Bastar",
        "d_code": "374",
        "b_name": "Lohandiguda",
        "b_code": "3361",
        "gp_name": "Chandela",
        "gp_code": "122213",
        "s_name": "Chhattisgarh",
        "s_code": "22",
        "impact_data": {
          "v": "AMLIDHAR",
          "d": "BASTAR",
          "total_population": 235,
          "affected_population": 235,
          "total_land_ha": 388.47,
          "private_land_ha": 179.735,
          "forest_land_ha": 88.452,
          "revenue_land_ha": 120.272,
          "remarks": "To be displaced fully",
          "status": "Land under submergence",
          "left_bank_right_bank": "Right Bank"
        },
        "centroid": [
          19.216024,
          81.497501
        ]
      },
      "geometry": {
        "type": "Polygon",
        "coordinates": [
          [
            [
              81.50143146514893,
              19.23498417366102
            ],
            [
              81.50194644927979,
              19.234660016445364
            ],
            [
              81.50224685668945,
              19.234092739778227
            ],
            [
              81.50357723236084,
              19.23255297894657
            ],
            [
              81.50533676147461,
              19.229149245882606
            ],
            [
              81.50572299957275,
              19.22866299254412
            ],
            [
              81.50598049163818,
              19.227812045738265
            ],
            [
              81.506667137146,
              19.226920572928137
            ],
            [
              81.50778293609619,
              19.22635326953021
            ],
            [
              81.50954246520996,
              19.226110138902847
            ],
            [
              81.51040077209473,
              19.225664398484845
            ],
            [
              81.50997161865234,
              19.224489258858856
            ],
            [
              81.5099287033081,
              19.223395155789607
            ],
            [
              81.50975704193115,
              19.222949408006084
            ],
            [
              81.50988578796387,
              19.220112802871984
            ],
            [
              81.51010036468506,
              19.218410816289982
            ],
            [
              81.51022911071777,
              19.218329768870262
            ],
            [
              81.5101432800293,
              19.218208197665742
            ],
            [
              81.51005744934082,
              19.218208197665742
            ],
            [
              81.50997161865234,
              19.21792453117219
            ],
            [
              81.51010036468506,
              19.217721911948484
            ],
            [
              81.51035785675049,
              19.217681388073775
            ],
            [
              81.5104866027832,
              19.21707352875418
            ],
            [
              81.51040077209473,
              19.21703300471961
            ],
            [
              81.5104866027832,
              19.216789860302416
            ],
            [
              81.51044368743896,
              19.216263046164663
            ],
            [
              81.5101432800293,
              19.214601544363454
            ],
            [
              81.50911331176758,
              19.213750524742476
            ],
            [
              81.50885581970215,
              19.211319015837937
            ],
            [
              81.50851249694824,
              19.209779041600264
            ],
            [
              81.50808334350586,
              19.208360631517102
            ],
            [
              81.50752544403076,
              19.206982735721773
            ],
            [
              81.50662422180176,
              19.20572640890607
            ],
            [
              81.50602340698242,
              19.20532114014424
            ],
            [
              81.5055513381958,
              19.205118505388867
            ],
            [
              81.50434970855713,
              19.20475376220012
            ],
            [
              81.50327682495117,
              19.204591653856614
            ],
            [
              81.50177478790283,
              19.20564535523359
            ],
            [
              81.50053024291992,
              19.206212730102155
            ],
            [
              81.49984359741211,
              19.20649641680248
            ],
            [
              81.49954319000244,
              19.20540219397649
            ],
            [
              81.48980140686035,
              19.207995895518298
            ],
            [
              81.48902893066406,
              19.208563262278012
            ],
            [
              81.48662567138672,
              19.209900619038113
            ],
            [
              81.484694480896,
              19.210832709742032
            ],
            [
              81.48263454437256,
              19.21164321910282
            ],
            [
              81.47958755493164,
              19.214642068997428
            ],
            [
              81.48040294647217,
              19.21589832769564
            ],
            [
              81.4806604385376,
              19.21800557879173
            ],
            [
              81.48181915283203,
              19.219585999384794
            ],
            [
              81.4821195602417,
              19.22063960467053
            ],
            [
              81.48250579833984,
              19.221166404780394
            ],
            [
              81.48259162902832,
              19.221612157400504
            ],
            [
              81.4832353591919,
              19.223152020784855
            ],
            [
              81.48400783538818,
              19.223030453147572
            ],
            [
              81.48486614227295,
              19.223030453147572
            ],
            [
              81.48542404174805,
              19.222503659013373
            ],
            [
              81.48692607879639,
              19.22181477182812
            ],
            [
              81.48838520050049,
              19.22145006567854
            ],
            [
              81.48924350738525,
              19.22145006567854
            ],
            [
              81.48967266082764,
              19.221247450801258
            ],
            [
              81.49044513702393,
              19.220801697191888
            ],
            [
              81.49126052856445,
              19.220193849412443
            ],
            [
              81.49250507354736,
              19.219140241269024
            ],
            [
              81.49297714233398,
              19.218289245145414
            ],
            [
              81.49387836456299,
              19.217640864189068
            ],
            [
              81.4942216873169,
              19.21743824461569
            ],
            [
              81.49452209472656,
              19.2173571967164
            ],
            [
              81.4949083328247,
              19.21707352875418
            ],
            [
              81.49662494659424,
              19.216425143002265
            ],
            [
              81.49718284606934,
              19.21630357038905
            ],
            [
              81.49765491485596,
              19.216344094603443
            ],
            [
              81.49786949157715,
              19.216465667186686
            ],
            [
              81.49851322174072,
              19.217478768550343
            ],
            [
              81.49868488311768,
              19.218127150146113
            ],
            [
              81.49932861328125,
              19.217721911948484
            ],
            [
              81.49945735931396,
              19.217519292475014
            ],
            [
              81.5009593963623,
              19.218613434664434
            ],
            [
              81.50190353393555,
              19.219991232986356
            ],
            [
              81.5020751953125,
              19.221166404780394
            ],
            [
              81.50203227996826,
              19.22189581752922
            ],
            [
              81.5020751953125,
              19.22367881284045
            ],
            [
              81.50203227996826,
              19.224002991727513
            ],
            [
              81.5015172958374,
              19.224610825416836
            ],
            [
              81.50113105773926,
              19.224772914020885
            ],
            [
              81.50027275085449,
              19.224165080931193
            ],
            [
              81.50010108947754,
              19.22444873665288
            ],
            [
              81.50070190429688,
              19.225097090749273
            ],
            [
              81.50143146514893,
              19.22513761279535
            ],
            [
              81.50147438049316,
              19.226717964796617
            ],
            [
              81.5011739730835,
              19.229635497781675
            ],
            [
              81.50087356567383,
              19.23101320367859
            ],
            [
              81.5009593963623,
              19.23202621534785
            ],
            [
              81.50014400482178,
              19.233768580802888
            ],
            [
              81.50001525878906,
              19.234903134417095
            ],
            [
              81.50143146514893,
              19.23498417366102
            ]
          ]
        ]
      }
    },
    {
      "type": "Feature",
      "properties": {
        "v_name": "Barsur (NP)",
        "v_code": "802069",
        "d_name": "Dakshin Bastar Dantewada",
        "d_code": "376",
        "b_name": "Gidam",
        "b_code": "3370",
        "gp_name": "Barsur (NP)",
        "gp_code": "802069",
        "s_name": "Chhattisgarh",
        "s_code": "22",
        "impact_data": {
          "v": "BARSUR (NP)",
          "d": "DANTEWADA",
          "total_population": 2641,
          "affected_population": null,
          "total_land_ha": 218.907,
          "private_land_ha": 39.394,
          "forest_land_ha": null,
          "revenue_land_ha": 179.513,
          "remarks": "Population not affected",
          "status": null,
          "left_bank_right_bank": null
        },
        "centroid": [
          19.134595,
          81.384147
        ]
      },
      "geometry": {
        "type": "Polygon",
        "coordinates": [
          [
            [
              81.38809204101562,
              19.103039971841053
            ],
            [
              81.3870620727539,
              19.10226948085502
            ],
            [
              81.385817527771,
              19.101093461379097
            ],
            [
              81.38500213623047,
              19.10178285312023
            ],
            [
              81.38508796691895,
              19.102188376331952
            ],
            [
              81.38474464416504,
              19.102310033101638
            ],
            [
              81.38465881347656,
              19.10226948085502
            ],
            [
              81.38457298278809,
              19.10226948085502
            ],
            [
              81.3843584060669,
              19.101498986280596
            ],
            [
              81.38401508331299,
              19.100931251140185
            ],
            [
              81.38337135314941,
              19.10028240859424
            ],
            [
              81.38311386108398,
              19.100120197560177
            ],
            [
              81.38285636901855,
              19.100039091983515
            ],
            [
              81.38199806213379,
              19.099998539180273
            ],
            [
              81.38096809387207,
              19.101823405486133
            ],
            [
              81.38036727905273,
              19.103039971841053
            ],
            [
              81.37946605682373,
              19.10445928794783
            ],
            [
              81.37912273406982,
              19.10522976873463
            ],
            [
              81.37873649597168,
              19.106567963676632
            ],
            [
              81.37843608856201,
              19.107946698656555
            ],
            [
              81.37762069702148,
              19.113137127254735
            ],
            [
              81.37560367584229,
              19.11297492882718
            ],
            [
              81.37367248535156,
              19.10912266940981
            ],
            [
              81.36950969696045,
              19.110623033747462
            ],
            [
              81.36800765991211,
              19.111474585829335
            ],
            [
              81.36633396148682,
              19.11277218056899
            ],
            [
              81.36714935302734,
              19.11358317211004
            ],
            [
              81.36714935302734,
              19.113704820498096
            ],
            [
              81.3673210144043,
              19.113785919373743
            ],
            [
              81.36762142181396,
              19.114110314478506
            ],
            [
              81.36779308319092,
              19.11406976512522
            ],
            [
              81.3678789138794,
              19.11439415967305
            ],
            [
              81.36693477630615,
              19.115570084573125
            ],
            [
              81.36637687683105,
              19.116340513593
            ],
            [
              81.36594772338867,
              19.117354230517076
            ],
            [
              81.36569023132324,
              19.118854520155683
            ],
            [
              81.36521816253662,
              19.120395343987806
            ],
            [
              81.36504650115967,
              19.120679178390088
            ],
            [
              81.36466026306152,
              19.120963012304895
            ],
            [
              81.3641881942749,
              19.121773963661145
            ],
            [
              81.36354446411133,
              19.12351749560135
            ],
            [
              81.36337280273438,
              19.124125700089746
            ],
            [
              81.3636302947998,
              19.125017729289826
            ],
            [
              81.36410236358643,
              19.125990846561066
            ],
            [
              81.36405944824219,
              19.126599041945067
            ],
            [
              81.36393070220947,
              19.127004504290547
            ],
            [
              81.3630723953247,
              19.127937063908703
            ],
            [
              81.36281490325928,
              19.128545252127886
            ],
            [
              81.3623857498169,
              19.12891016398461
            ],
            [
              81.36234283447266,
              19.12899125539886
            ],
            [
              81.3618278503418,
              19.129558894183965
            ],
            [
              81.3616132736206,
              19.129518348621144
            ],
            [
              81.36131286621094,
              19.12984271284504
            ],
            [
              81.36152744293213,
              19.130450894048067
            ],
            [
              81.36144161224365,
              19.130815801695014
            ],
            [
              81.36169910430908,
              19.131059073011773
            ],
            [
              81.3618278503418,
              19.131626704690813
            ],
            [
              81.36191368103027,
              19.131626704690813
            ],
            [
              81.36191368103027,
              19.131667249736097
            ],
            [
              81.36290073394775,
              19.131667249736097
            ],
            [
              81.3630723953247,
              19.131505069495244
            ],
            [
              81.3636302947998,
              19.131342889095144
            ],
            [
              81.36405944824219,
              19.131423979315098
            ],
            [
              81.36435985565186,
              19.131626704690813
            ],
            [
              81.36448860168457,
              19.132072699641512
            ],
            [
              81.36466026306152,
              19.132275424220982
            ],
            [
              81.36474609375,
              19.1326808726334
            ],
            [
              81.36470317840576,
              19.132721417419905
            ],
            [
              81.36444568634033,
              19.132721417419905
            ],
            [
              81.3644027709961,
              19.132761962196447
            ],
            [
              81.36444568634033,
              19.13304577535356
            ],
            [
              81.36466026306152,
              19.133126864737434
            ],
            [
              81.36470317840576,
              19.1332079540815
            ],
            [
              81.36461734771729,
              19.133451221874797
            ],
            [
              81.36547565460205,
              19.133613400204585
            ],
            [
              81.36569023132324,
              19.133937756386374
            ],
            [
              81.36654853820801,
              19.133613400204585
            ],
            [
              81.36697769165039,
              19.13357285563707
            ],
            [
              81.36697769165039,
              19.133329588022942
            ],
            [
              81.36706352233887,
              19.133289043385748
            ],
            [
              81.36757850646973,
              19.134140478676485
            ],
            [
              81.36817932128906,
              19.134667555466127
            ],
            [
              81.3682222366333,
              19.134991909577433
            ],
            [
              81.36813640594482,
              19.135275718902214
            ],
            [
              81.3682222366333,
              19.13628931965166
            ],
            [
              81.36847972869873,
              19.136370407442836
            ],
            [
              81.3685655593872,
              19.136613670577425
            ],
            [
              81.36835098266602,
              19.137059652060014
            ],
            [
              81.36835098266602,
              19.137384001472565
            ],
            [
              81.36813640594482,
              19.137911067909016
            ],
            [
              81.36762142181396,
              19.138073241858653
            ],
            [
              81.36697769165039,
              19.138357045887226
            ],
            [
              81.36689186096191,
              19.138438132662927
            ],
            [
              81.36693477630615,
              19.13855976275181
            ],
            [
              81.3667631149292,
              19.13864084942795
            ],
            [
              81.36663436889648,
              19.138600306094855
            ],
            [
              81.36633396148682,
              19.13868139275109
            ],
            [
              81.36560440063477,
              19.139248998229593
            ],
            [
              81.36461734771729,
              19.13973551565796
            ],
            [
              81.36470317840576,
              19.13985714479103
            ],
            [
              81.36435985565186,
              19.140059859813682
            ],
            [
              81.36448860168457,
              19.140384203332168
            ],
            [
              81.36401653289795,
              19.140546374852452
            ],
            [
              81.36401653289795,
              19.14099234571176
            ],
            [
              81.36375904083252,
              19.141113973918838
            ],
            [
              81.35963916778564,
              19.141559943244737
            ],
            [
              81.35856628417969,
              19.141843741279356
            ],
            [
              81.35840075332226,
              19.141924826342485
            ],
            [
              81.3583517074585,
              19.141924826342485
            ],
            [
              81.35740756988525,
              19.142411335884827
            ],
            [
              81.35616302490234,
              19.14334380849961
            ],
            [
              81.3566780090332,
              19.14468169478893
            ],
            [
              81.35672092437744,
              19.14516819620529
            ],
            [
              81.35672092437744,
              19.14549252968614
            ],
            [
              81.35740756988525,
              19.145695237788008
            ],
            [
              81.36139869689941,
              19.147762846204795
            ],
            [
              81.3621332462038,
              19.14824556592263
            ],
            [
              81.36277198791504,
              19.148735829436934
            ],
            [
              81.3644027709961,
              19.15023583401252
            ],
            [
              81.36504650115967,
              19.150681778689044
            ],
            [
              81.36483192443848,
              19.155019541288656
            ],
            [
              81.36453151702881,
              19.155870864483557
            ],
            [
              81.36358737945557,
              19.156033020784406
            ],
            [
              81.36169910430908,
              19.158384269231192
            ],
            [
              81.3603687286377,
              19.158951806937576
            ],
            [
              81.35818004608154,
              19.159722033557898
            ],
            [
              81.36114120483398,
              19.16081655993505
            ],
            [
              81.36337280273438,
              19.162924516191136
            ],
            [
              81.36650562286377,
              19.16868072098445
            ],
            [
              81.37182712554932,
              19.16799160846685
            ],
            [
              81.37324333190918,
              19.16791053621654
            ],
            [
              81.374831199646,
              19.16799160846685
            ],
            [
              81.37500286102295,
              19.16811321676754
            ],
            [
              81.37762069702148,
              19.166653911237677
            ],
            [
              81.37882232666016,
              19.16657283832943
            ],
            [
              81.37980937957764,
              19.16637015588437
            ],
            [
              81.38071060180664,
              19.166897129723175
            ],
            [
              81.38105392456055,
              19.166937666102534
            ],
            [
              81.38195514678955,
              19.166856593333844
            ],
            [
              81.38311386108398,
              19.166653911237677
            ],
            [
              81.38367176055908,
              19.1664512288923
            ],
            [
              81.38491630554199,
              19.165964790246615
            ],
            [
              81.38671875,
              19.165113519162716
            ],
            [
              81.38822078704834,
              19.16474868735252
            ],
            [
              81.3887357711792,
              19.16442439173233
            ],
            [
              81.38796329498291,
              19.161221938231062
            ],
            [
              81.38749122619629,
              19.161303013770674
            ],
            [
              81.38689041137695,
              19.161221938231062
            ],
            [
              81.38671875,
              19.16114086265159
            ],
            [
              81.38530254364014,
              19.16053279453487
            ],
            [
              81.38513088226318,
              19.160249028646366
            ],
            [
              81.38513088226318,
              19.16012741454466
            ],
            [
              81.38538837432861,
              19.160046338427033
            ],
            [
              81.385817527771,
              19.15919503678527
            ],
            [
              81.38667583465576,
              19.15887073024196
            ],
            [
              81.38650417327881,
              19.15822211524206
            ],
            [
              81.38671875,
              19.158100499645577
            ],
            [
              81.38689041137695,
              19.158059961093493
            ],
            [
              81.38671875,
              19.15773565231805
            ],
            [
              81.38650417327881,
              19.157370804183387
            ],
            [
              81.38624668121338,
              19.1572086491978
            ],
            [
              81.38611793518066,
              19.156884338748327
            ],
            [
              81.38641834259033,
              19.156884338748327
            ],
            [
              81.38611793518066,
              19.15627625493676
            ],
            [
              81.38590335845947,
              19.15599248172414
            ],
            [
              81.3852596282959,
              19.15570870802329
            ],
            [
              81.38508796691895,
              19.155424933834222
            ],
            [
              81.3850450515747,
              19.1549790019793
            ],
            [
              81.3850450515747,
              19.15461414774675
            ],
            [
              81.38483047485352,
              19.154654687145776
            ],
            [
              81.38474464416504,
              19.15453306891881
            ],
            [
              81.38487339019775,
              19.15428983219588
            ],
            [
              81.3850450515747,
              19.154249292707185
            ],
            [
              81.3856029510498,
              19.15428983219588
            ],
            [
              81.38611793518066,
              19.15396551600737
            ],
            [
              81.38628959655762,
              19.154168213699908
            ],
            [
              81.38671875,
              19.153884436860615
            ],
            [
              81.38693332672119,
              19.153762818065758
            ],
            [
              81.38701915740967,
              19.153803357674008
            ],
            [
              81.38723373413086,
              19.15360065953314
            ],
            [
              81.38723373413086,
              19.15351958020705
            ],
            [
              81.38736248016357,
              19.153479040529067
            ],
            [
              81.38736248016357,
              19.153803357674008
            ],
            [
              81.38749122619629,
              19.153803357674008
            ],
            [
              81.38933658599854,
              19.153195262504198
            ],
            [
              81.39045238494873,
              19.153154722746514
            ],
            [
              81.3905382156372,
              19.152992563616134
            ],
            [
              81.39092445373535,
              19.15307364320125
            ],
            [
              81.39096736907959,
              19.153154722746514
            ],
            [
              81.39113903045654,
              19.15311418297886
            ],
            [
              81.39126777648926,
              19.152992563616134
            ],
            [
              81.39161109924316,
              19.152870944163745
            ],
            [
              81.39178276062012,
              19.152911483991172
            ],
            [
              81.39272689819336,
              19.152343925500634
            ],
            [
              81.39379978179932,
              19.15210068554982
            ],
            [
              81.39461517333984,
              19.153924976438972
            ],
            [
              81.39560222625732,
              19.15303310341367
            ],
            [
              81.39654636383057,
              19.151654744708534
            ],
            [
              81.396803855896,
              19.151492584103753
            ],
            [
              81.39688968658447,
              19.151533124269893
            ],
            [
              81.3973617553711,
              19.151330423339584
            ],
            [
              81.39749050140381,
              19.15137096354557
            ],
            [
              81.39774799346924,
              19.151249342897728
            ],
            [
              81.3980484008789,
              19.151249342897728
            ],
            [
              81.39830589294434,
              19.151046641618766
            ],
            [
              81.39852046966553,
              19.150803399755272
            ],
            [
              81.39873504638672,
              19.150641238313714
            ],
            [
              81.39873504638672,
              19.15047907671277
            ],
            [
              81.39890670776367,
              19.150397995852533
            ],
            [
              81.39946460723877,
              19.15047907671277
            ],
            [
              81.4000654220581,
              19.150722319054413
            ],
            [
              81.4015245437622,
              19.15157366442607
            ],
            [
              81.40251159667969,
              19.15193852538336
            ],
            [
              81.40294075012207,
              19.15157366442607
            ],
            [
              81.40315532684326,
              19.15128988312364
            ],
            [
              81.40444278717041,
              19.15015475303274
            ],
            [
              81.40517234802246,
              19.149425022421774
            ],
            [
              81.40657819481531,
              19.148411502330354
            ],
            [
              81.40658855438232,
              19.148411502330354
            ],
            [
              81.40753269195557,
              19.147803387287347
            ],
            [
              81.407790184021,
              19.148168256582075
            ],
            [
              81.4081335067749,
              19.148411502330354
            ],
            [
              81.4081647181644,
              19.148411502330354
            ],
            [
              81.40847682952881,
              19.148614206846666
            ],
            [
              81.40856266021729,
              19.148573665963326
            ],
            [
              81.40860557556152,
              19.148654747720048
            ],
            [
              81.41122341156006,
              19.150397995852533
            ],
            [
              81.41139507293701,
              19.15051961712795
            ],
            [
              81.4116096496582,
              19.15047907671277
            ],
            [
              81.41345500946045,
              19.149343941043554
            ],
            [
              81.41298233901945,
              19.148411502330354
            ],
            [
              81.41298294067383,
              19.148411502330354
            ],
            [
              81.41199588775635,
              19.146465526304357
            ],
            [
              81.41143798828125,
              19.14516819620529
            ],
            [
              81.41040802001953,
              19.142938386270888
            ],
            [
              81.41036967107173,
              19.14287800544834
            ],
            [
              81.41032218933105,
              19.142776217100575
            ],
            [
              81.40663146972656,
              19.13685693335362
            ],
            [
              81.40362739562988,
              19.132194334419058
            ],
            [
              81.40603065490723,
              19.12716668895011
            ],
            [
              81.40916347503662,
              19.12108465526202
            ],
            [
              81.40761852264404,
              19.119462741805403
            ],
            [
              81.4063310623169,
              19.11820574792902
            ],
            [
              81.40624523162842,
              19.11804355447447
            ],
            [
              81.40439987182617,
              19.111555685798894
            ],
            [
              81.40435695648193,
              19.109771477280376
            ],
            [
              81.40418529510498,
              19.107946698656555
            ],
            [
              81.40392780303955,
              19.10595969459058
            ],
            [
              81.40345573425293,
              19.10490535620918
            ],
            [
              81.40242576599121,
              19.105432526239937
            ],
            [
              81.39946460723877,
              19.106608514869503
            ],
            [
              81.39800548553467,
              19.10648686126107
            ],
            [
              81.39577388763428,
              19.105838040504942
            ],
            [
              81.39410018920898,
              19.104540391357546
            ],
            [
              81.39302730560303,
              19.1040132184836
            ],
            [
              81.3913106918335,
              19.103932114815418
            ],
            [
              81.39015197753906,
              19.103610943344645
            ],
            [
              81.39015197753906,
              19.103607699745055
            ],
            [
              81.38809204101562,
              19.103039971841053
            ]
          ]
        ]
      }
    },
    {
      "type": "Feature",
      "properties": {
        "v_name": "Bengloor",
        "v_code": "451292",
        "d_name": "Bijapur",
        "d_code": "636",
        "b_name": "Bhairamgarh",
        "b_code": "3379",
        "gp_name": "Manganar",
        "gp_code": "123345",
        "s_name": "Chhattisgarh",
        "s_code": "22",
        "impact_data": {
          "v": "BENGLOOR",
          "d": "BIJAPUR",
          "total_population": 213,
          "affected_population": 213,
          "total_land_ha": 196.527,
          "private_land_ha": 107.176,
          "forest_land_ha": 86.705,
          "revenue_land_ha": 2.646,
          "remarks": "To be displaced fully",
          "status": "Land under submergence",
          "left_bank_right_bank": "Left Bank"
        },
        "centroid": [
          19.173698,
          81.459246
        ]
      },
      "geometry": {
        "type": "Polygon",
        "coordinates": [
          [
            [
              81.46018981933594,
              19.18282715877065
            ],
            [
              81.46023273468018,
              19.182705561329826
            ],
            [
              81.46031856536865,
              19.1826650288296
            ],
            [
              81.46023273468018,
              19.182543431269067
            ],
            [
              81.4604902267456,
              19.182340768468674
            ],
            [
              81.4604902267456,
              19.182259703278685
            ],
            [
              81.46190643310547,
              19.180719457087857
            ],
            [
              81.46276473999023,
              19.1799493285911
            ],
            [
              81.4632797241211,
              19.179057596359595
            ],
            [
              81.46388053894043,
              19.178733328896712
            ],
            [
              81.46448135375977,
              19.17853066140826
            ],
            [
              81.46456718444824,
              19.178368527237975
            ],
            [
              81.46495342254639,
              19.178206392908105
            ],
            [
              81.46538257598877,
              19.1779631911141
            ],
            [
              81.46684169769287,
              19.177517320225906
            ],
            [
              81.46860122680664,
              19.17654450682657
            ],
            [
              81.46907329559326,
              19.176220234416924
            ],
            [
              81.4696741104126,
              19.175895961369022
            ],
            [
              81.47006034851074,
              19.175531153427237
            ],
            [
              81.46894454956055,
              19.173058544975856
            ],
            [
              81.4685583114624,
              19.171599283233746
            ],
            [
              81.46782875061035,
              19.16997786614271
            ],
            [
              81.46701335906982,
              19.16876179285593
            ],
            [
              81.46572589874268,
              19.16762678302643
            ],
            [
              81.46448135375977,
              19.166208009748885
            ],
            [
              81.46285057067871,
              19.165356739920963
            ],
            [
              81.46117687225342,
              19.165113519162716
            ],
            [
              81.46006107330322,
              19.16632961936545
            ],
            [
              81.45838737487793,
              19.165721570385486
            ],
            [
              81.45744323730469,
              19.166816056934554
            ],
            [
              81.45654201507568,
              19.167261956778535
            ],
            [
              81.45572662353516,
              19.168315897069316
            ],
            [
              81.45456790924072,
              19.1690050082311
            ],
            [
              81.45345211029053,
              19.169045544092064
            ],
            [
              81.45216464996338,
              19.169815723556233
            ],
            [
              81.45139217376709,
              19.170748041250025
            ],
            [
              81.45019054412842,
              19.17143714224251
            ],
            [
              81.44946098327637,
              19.172491055833902
            ],
            [
              81.44946098327637,
              19.173504427930624
            ],
            [
              81.44873142242432,
              19.174963672801127
            ],
            [
              81.44851684570312,
              19.175612221928553
            ],
            [
              81.4482593536377,
              19.17581489300732
            ],
            [
              81.44847393035889,
              19.176625574829252
            ],
            [
              81.44920349121094,
              19.178409060795506
            ],
            [
              81.45010471343994,
              19.178490127880647
            ],
            [
              81.45019054412842,
              19.178692795418968
            ],
            [
              81.45079135894775,
              19.179179196493607
            ],
            [
              81.45143508911133,
              19.179300796537852
            ],
            [
              81.45190715789795,
              19.179179196493607
            ],
            [
              81.45246505737305,
              19.179381863184144
            ],
            [
              81.45306587219238,
              19.179300796537852
            ],
            [
              81.4531946182251,
              19.179584529625334
            ],
            [
              81.45332336425781,
              19.179706129370356
            ],
            [
              81.45435333251953,
              19.179462929790542
            ],
            [
              81.45443916320801,
              19.17962506288365
            ],
            [
              81.45551204681396,
              19.179422396492335
            ],
            [
              81.45594120025635,
              19.17986826222408
            ],
            [
              81.45615577697754,
              19.17974666259875
            ],
            [
              81.45641326904297,
              19.17990879541258
            ],
            [
              81.45658493041992,
              19.17990879541258
            ],
            [
              81.45692825317383,
              19.180597858090916
            ],
            [
              81.45714282989502,
              19.180557325071987
            ],
            [
              81.4581298828125,
              19.18140851637482
            ],
            [
              81.45971775054932,
              19.182300235878667
            ],
            [
              81.46018981933594,
              19.18282715877065
            ]
          ]
        ]
      }
    },
    {
      "type": "Feature",
      "properties": {
        "v_name": "Bhatpal",
        "v_code": "450130",
        "d_name": "Dakshin Bastar Dantewada",
        "d_code": "376",
        "b_name": "Gidam",
        "b_code": "3370",
        "gp_name": "Bhatpal",
        "gp_code": "123512",
        "s_name": "Chhattisgarh",
        "s_code": "22",
        "impact_data": {
          "v": "BHATPAL",
          "d": "DANTEWADA",
          "total_population": 435,
          "affected_population": 395,
          "total_land_ha": 535.846,
          "private_land_ha": 201.12,
          "forest_land_ha": 248.355,
          "revenue_land_ha": 86.371,
          "remarks": "To be displaced partially",
          "status": "Land under submergence",
          "left_bank_right_bank": "Left Bank"
        },
        "centroid": [
          19.183417,
          81.48425
        ]
      },
      "geometry": {
        "type": "Polygon",
        "coordinates": [
          [
            [
              81.48898601531982,
              19.208563262278012
            ],
            [
              81.48980140686035,
              19.207995895518298
            ],
            [
              81.49954319000244,
              19.20540219397649
            ],
            [
              81.49928569793701,
              19.20475376220012
            ],
            [
              81.49945735931396,
              19.20321372648652
            ],
            [
              81.50010108947754,
              19.20171420417496
            ],
            [
              81.50048732757568,
              19.20098470189211
            ],
            [
              81.5004014968872,
              19.20086311786382
            ],
            [
              81.50044441223145,
              19.20078206179504
            ],
            [
              81.50074481964111,
              19.200579421448378
            ],
            [
              81.50083065032959,
              19.200417308991348
            ],
            [
              81.50083065032959,
              19.199930970661864
            ],
            [
              81.50074481964111,
              19.199687800958028
            ],
            [
              81.50078773498535,
              19.19944463089481
            ],
            [
              81.49992942810059,
              19.19822877518801
            ],
            [
              81.49980068206787,
              19.197377670847665
            ],
            [
              81.50014400482178,
              19.194419035798347
            ],
            [
              81.5004014968872,
              19.193730030959596
            ],
            [
              81.4995002746582,
              19.191662999137694
            ],
            [
              81.49958610534668,
              19.1902444328681
            ],
            [
              81.49941444396973,
              19.18939328723873
            ],
            [
              81.49954319000244,
              19.189231163762777
            ],
            [
              81.49924278259277,
              19.188785323380696
            ],
            [
              81.49907112121582,
              19.18825841955436
            ],
            [
              81.49877071380615,
              19.185664406901232
            ],
            [
              81.49992942810059,
              19.183637806081737
            ],
            [
              81.49997234344482,
              19.18315141817392
            ],
            [
              81.49919986724854,
              19.182421833618758
            ],
            [
              81.49877071380615,
              19.181367983555383
            ],
            [
              81.4985990524292,
              19.180354659827717
            ],
            [
              81.49838447570801,
              19.18043572595535
            ],
            [
              81.49834156036377,
              19.180314126748936
            ],
            [
              81.49855613708496,
              19.180192527452764
            ],
            [
              81.49851322174072,
              19.17986826222408
            ],
            [
              81.49834156036377,
              19.17966559613199
            ],
            [
              81.49829864501953,
              19.179179196493607
            ],
            [
              81.49816989898682,
              19.178895462707946
            ],
            [
              81.49812698364258,
              19.17735518505828
            ],
            [
              81.49821281433105,
              19.176503972810266
            ],
            [
              81.49842739105225,
              19.176220234416924
            ],
            [
              81.49842739105225,
              19.17569329038998
            ],
            [
              81.4982557296753,
              19.17532848199943
            ],
            [
              81.49834156036377,
              19.174396190220484
            ],
            [
              81.49842739105225,
              19.174355655675647
            ],
            [
              81.49834156036377,
              19.17431512112084
            ],
            [
              81.4982557296753,
              19.174071913582587
            ],
            [
              81.49778366088867,
              19.172774800649172
            ],
            [
              81.497483253479,
              19.17135607168707
            ],
            [
              81.49705410003662,
              19.168721256925174
            ],
            [
              81.49683952331543,
              19.167951072346675
            ],
            [
              81.49683952331543,
              19.16762678302643
            ],
            [
              81.49671077728271,
              19.16758624681654
            ],
            [
              81.49658203125,
              19.16734302934785
            ],
            [
              81.49688243865967,
              19.16734302934785
            ],
            [
              81.49666786193848,
              19.16669444767685
            ],
            [
              81.49671077728271,
              19.166289082836567
            ],
            [
              81.49662494659424,
              19.166248546297705
            ],
            [
              81.49666786193848,
              19.165964790246615
            ],
            [
              81.49658203125,
              19.165924253628013
            ],
            [
              81.49666786193848,
              19.165721570385486
            ],
            [
              81.49662494659424,
              19.164221706645765
            ],
            [
              81.49658203125,
              19.164221706645765
            ],
            [
              81.49645328521729,
              19.164100095474215
            ],
            [
              81.49632453918457,
              19.16365418707772
            ],
            [
              81.49658203125,
              19.163410963807674
            ],
            [
              81.49645328521729,
              19.16247860461517
            ],
            [
              81.49610996246338,
              19.162073229408705
            ],
            [
              81.49585247039795,
              19.161992154247812
            ],
            [
              81.49216175079346,
              19.161748928525945
            ],
            [
              81.4905309677124,
              19.16150570244529
            ],
            [
              81.48885726928711,
              19.162113766974205
            ],
            [
              81.48799896240234,
              19.162154304529732
            ],
            [
              81.48752689361572,
              19.16227591713652
            ],
            [
              81.48636817932129,
              19.16227591713652
            ],
            [
              81.48435115814209,
              19.162924516191136
            ],
            [
              81.48340702056885,
              19.163573112694245
            ],
            [
              81.48272037506104,
              19.163856872862
            ],
            [
              81.48237705230713,
              19.163897409988955
            ],
            [
              81.48220539093018,
              19.1640595583971
            ],
            [
              81.48130416870117,
              19.164505465697186
            ],
            [
              81.4812183380127,
              19.164464928719738
            ],
            [
              81.48096084594727,
              19.164505465697186
            ],
            [
              81.48096084594727,
              19.164951371791194
            ],
            [
              81.48087501525879,
              19.164910834923393
            ],
            [
              81.48083209991455,
              19.164829761157893
            ],
            [
              81.48001670837402,
              19.16499190864902
            ],
            [
              81.47945880889893,
              19.164951371791194
            ],
            [
              81.47907257080078,
              19.164829761157893
            ],
            [
              81.47872924804688,
              19.16519459278867
            ],
            [
              81.47787094116211,
              19.16539727667911
            ],
            [
              81.47722721099854,
              19.165681033707077
            ],
            [
              81.47679805755615,
              19.16600532685525
            ],
            [
              81.4760684967041,
              19.166126936621335
            ],
            [
              81.4751672744751,
              19.16669444767685
            ],
            [
              81.47418022155762,
              19.166978202471924
            ],
            [
              81.47353649139404,
              19.16758624681654
            ],
            [
              81.47332191467285,
              19.16811321676754
            ],
            [
              81.47306442260742,
              19.16847804113129
            ],
            [
              81.47310733795166,
              19.16977518788469
            ],
            [
              81.47297859191895,
              19.171112859781456
            ],
            [
              81.47263526916504,
              19.17188302958454
            ],
            [
              81.4722490310669,
              19.172572125830975
            ],
            [
              81.47181987762451,
              19.17293694032424
            ],
            [
              81.47143363952637,
              19.173585497429137
            ],
            [
              81.47066116333008,
              19.17451779379516
            ],
            [
              81.4705753326416,
              19.174801535120384
            ],
            [
              81.47010326385498,
              19.17545008488603
            ],
            [
              81.4696741104126,
              19.175895961369022
            ],
            [
              81.46907329559326,
              19.176220234416924
            ],
            [
              81.46860122680664,
              19.17654450682657
            ],
            [
              81.46684169769287,
              19.177517320225906
            ],
            [
              81.46538257598877,
              19.1779631911141
            ],
            [
              81.46495342254639,
              19.178206392908105
            ],
            [
              81.46456718444824,
              19.178368527237975
            ],
            [
              81.46448135375977,
              19.17853066140826
            ],
            [
              81.46388053894043,
              19.178733328896712
            ],
            [
              81.4632797241211,
              19.179057596359595
            ],
            [
              81.46276473999023,
              19.1799493285911
            ],
            [
              81.46190643310547,
              19.180719457087857
            ],
            [
              81.4604902267456,
              19.182259703278685
            ],
            [
              81.4604902267456,
              19.182340768468674
            ],
            [
              81.46023273468018,
              19.182543431269067
            ],
            [
              81.46031856536865,
              19.1826650288296
            ],
            [
              81.46023273468018,
              19.182705561329826
            ],
            [
              81.46006107330322,
              19.18302982097251
            ],
            [
              81.45928859710693,
              19.183475676938748
            ],
            [
              81.45911693572998,
              19.18371887059338
            ],
            [
              81.45877361297607,
              19.183840467286018
            ],
            [
              81.45774364471436,
              19.18473217362194
            ],
            [
              81.45765781402588,
              19.18501589735259
            ],
            [
              81.45765781402588,
              19.185583343347325
            ],
            [
              81.45851612091064,
              19.185907597323506
            ],
            [
              81.4590311050415,
              19.186231850661162
            ],
            [
              81.4592456817627,
              19.187001949778953
            ],
            [
              81.45950317382812,
              19.18728566959862
            ],
            [
              81.45954608917236,
              19.18748832631334
            ],
            [
              81.46006107330322,
              19.187974701410948
            ],
            [
              81.46018981933594,
              19.188420543988222
            ],
            [
              81.46010398864746,
              19.18846107507174
            ],
            [
              81.46027565002441,
              19.188663730339673
            ],
            [
              81.46044731140137,
              19.189190632868847
            ],
            [
              81.46057605743408,
              19.18931222552071
            ],
            [
              81.46079063415527,
              19.189150101964927
            ],
            [
              81.46096229553223,
              19.189190632868847
            ],
            [
              81.46109104156494,
              19.18910957105104
            ],
            [
              81.46164894104004,
              19.188785323380696
            ],
            [
              81.46207809448242,
              19.188663730339673
            ],
            [
              81.46267890930176,
              19.188947447295696
            ],
            [
              81.46315097808838,
              19.18882585437441
            ],
            [
              81.46345138549805,
              19.18886638535815
            ],
            [
              81.46375179290771,
              19.189028509193324
            ],
            [
              81.4641809463501,
              19.189636472153303
            ],
            [
              81.46465301513672,
              19.18975806447588
            ],
            [
              81.46495342254639,
              19.189717533711672
            ],
            [
              81.46503925323486,
              19.189555410555027
            ],
            [
              81.46521091461182,
              19.189636472153303
            ],
            [
              81.46546840667725,
              19.189636472153303
            ],
            [
              81.46649837493896,
              19.19000124885161
            ],
            [
              81.46692752838135,
              19.190082310230355
            ],
            [
              81.46761417388916,
              19.190366024741632
            ],
            [
              81.46774291992188,
              19.190366024741632
            ],
            [
              81.46834373474121,
              19.190568677664608
            ],
            [
              81.47083282470703,
              19.191784589963405
            ],
            [
              81.47173404693604,
              19.19214936190166
            ],
            [
              81.47323608398438,
              19.192473602945935
            ],
            [
              81.47332191467285,
              19.19251413303156
            ],
            [
              81.47327899932861,
              19.192878903353087
            ],
            [
              81.47529602050781,
              19.19348685209256
            ],
            [
              81.475510597229,
              19.193730030959596
            ],
            [
              81.47645473480225,
              19.193567911754826
            ],
            [
              81.47654056549072,
              19.19368950117337
            ],
            [
              81.47705554962158,
              19.19377056073584
            ],
            [
              81.47799968719482,
              19.193730030959596
            ],
            [
              81.47838592529297,
              19.193932679740993
            ],
            [
              81.47877216339111,
              19.194459565404916
            ],
            [
              81.47890090942383,
              19.194945919905276
            ],
            [
              81.47924423217773,
              19.195229626033427
            ],
            [
              81.47937297821045,
              19.19555386100959
            ],
            [
              81.48018836975098,
              19.19656709119281
            ],
            [
              81.48031711578369,
              19.19685079452618
            ],
            [
              81.48001670837402,
              19.19709396842264
            ],
            [
              81.48018836975098,
              19.197296613061855
            ],
            [
              81.4806604385376,
              19.197377670847665
            ],
            [
              81.48134708404541,
              19.197945074230358
            ],
            [
              81.48164749145508,
              19.198188246509723
            ],
            [
              81.48164749145508,
              19.198431418429717
            ],
            [
              81.4817762374878,
              19.198553004254958
            ],
            [
              81.48233413696289,
              19.198309832514642
            ],
            [
              81.48254871368408,
              19.198350361162984
            ],
            [
              81.48272037506104,
              19.198593532843407
            ],
            [
              81.4826774597168,
              19.198877232683024
            ],
            [
              81.48272037506104,
              19.198998818178836
            ],
            [
              81.48332118988037,
              19.19863406142187
            ],
            [
              81.48327827453613,
              19.198877232683024
            ],
            [
              81.48409366607666,
              19.201268397608708
            ],
            [
              81.48473739624023,
              19.20195737088374
            ],
            [
              81.48516654968262,
              19.20228159260301
            ],
            [
              81.48662567138672,
              19.203092144105593
            ],
            [
              81.48791313171387,
              19.20361900044061
            ],
            [
              81.48821353912354,
              19.20382163704323
            ],
            [
              81.48864269256592,
              19.204713235129223
            ],
            [
              81.48894309997559,
              19.204956397404832
            ],
            [
              81.48915767669678,
              19.205280613213137
            ],
            [
              81.4890718460083,
              19.20564535523359
            ],
            [
              81.48898601531982,
              19.208563262278012
            ]
          ]
        ]
      }
    },
    {
      "type": "Feature",
      "properties": {
        "v_name": "Bheja",
        "v_code": "449176",
        "d_name": "Bastar",
        "d_code": "374",
        "b_name": "Lohandiguda",
        "b_code": "3361",
        "gp_name": "Bheja",
        "gp_code": "122211",
        "s_name": "Chhattisgarh",
        "s_code": "22",
        "impact_data": {
          "v": "BHEJA",
          "d": "BASTAR",
          "id": "449176",
          "total_population": 950,
          "affected_population": 950,
          "total_land_ha": 514.01,
          "private_land_ha": 348.648,
          "forest_land_ha": 108.605,
          "revenue_land_ha": 56.757,
          "remarks": "To be displaced fully",
          "status": "Land under submergence",
          "left_bank_right_bank": "Left Bank"
        },
        "centroid": [
          19.214073,
          81.583729
        ]
      },
      "geometry": {
        "type": "Polygon",
        "coordinates": [
          [
            [
              81.57451629638672,
              19.237496370384818
            ],
            [
              81.57503128051758,
              19.237698965219924
            ],
            [
              81.5795373916626,
              19.237496370384818
            ],
            [
              81.58129692077637,
              19.23668598854452
            ],
            [
              81.58224105834961,
              19.23603768019248
            ],
            [
              81.58408641815186,
              19.234497937597574
            ],
            [
              81.58477306365967,
              19.234092739778227
            ],
            [
              81.58631801605225,
              19.233890140493628
            ],
            [
              81.58816337585449,
              19.233241821103235
            ],
            [
              81.59056663513184,
              19.231985695001047
            ],
            [
              81.59168243408203,
              19.230851121231684
            ],
            [
              81.5925407409668,
              19.230081227424634
            ],
            [
              81.59305572509766,
              19.22947341397526
            ],
            [
              81.59477233886719,
              19.228095695163333
            ],
            [
              81.59533023834229,
              19.226799008079208
            ],
            [
              81.59537315368652,
              19.226272226027735
            ],
            [
              81.59575939178467,
              19.22525917887361
            ],
            [
              81.59575939178467,
              19.224489258858856
            ],
            [
              81.59528732299805,
              19.222827840218894
            ],
            [
              81.59683227539062,
              19.218572911009527
            ],
            [
              81.59807682037354,
              19.216668287958946
            ],
            [
              81.59850597381592,
              19.215776754692808
            ],
            [
              81.60009384155273,
              19.213183175881127
            ],
            [
              81.6009521484375,
              19.211602693729667
            ],
            [
              81.60198211669922,
              19.20921167903511
            ],
            [
              81.60284042358398,
              19.20811747427445
            ],
            [
              81.60378456115723,
              19.207144841708644
            ],
            [
              81.60447120666504,
              19.206293783495035
            ],
            [
              81.60618782043457,
              19.204591653856614
            ],
            [
              81.60670280456543,
              19.20329478135722
            ],
            [
              81.60631656646729,
              19.202930034124577
            ],
            [
              81.6044282913208,
              19.201471037106764
            ],
            [
              81.60176753997803,
              19.19798560296854
            ],
            [
              81.60065174102783,
              19.19709396842264
            ],
            [
              81.60052299499512,
              19.19632391651778
            ],
            [
              81.59996509552002,
              19.195756507545298
            ],
            [
              81.59807682037354,
              19.193284202762236
            ],
            [
              81.5978193283081,
              19.193405792390372
            ],
            [
              81.59769058227539,
              19.19324367286623
            ],
            [
              81.59734725952148,
              19.192716783309983
            ],
            [
              81.59726142883301,
              19.192392542744745
            ],
            [
              81.59687519073486,
              19.191703529422906
            ],
            [
              81.59614562988281,
              19.19077133033811
            ],
            [
              81.59614562988281,
              19.190690269298646
            ],
            [
              81.59533023834229,
              19.189717533711672
            ],
            [
              81.59507274627686,
              19.189433818082772
            ],
            [
              81.59425735473633,
              19.18886638535815
            ],
            [
              81.59387111663818,
              19.18910957105104
            ],
            [
              81.59374237060547,
              19.18882585437441
            ],
            [
              81.59348487854004,
              19.188623199306043
            ],
            [
              81.59322738647461,
              19.18825841955436
            ],
            [
              81.5925407409668,
              19.187812576538054
            ],
            [
              81.59138202667236,
              19.187407263657384
            ],
            [
              81.59129619598389,
              19.187204606842887
            ],
            [
              81.58923625946045,
              19.187204606842887
            ],
            [
              81.58927917480469,
              19.18744779499035
            ],
            [
              81.5888500213623,
              19.188339481791246
            ],
            [
              81.58773422241211,
              19.189677002937476
            ],
            [
              81.58606052398682,
              19.19137928686174
            ],
            [
              81.58477306365967,
              19.19251413303156
            ],
            [
              81.58421516418457,
              19.19368950117337
            ],
            [
              81.58361434936523,
              19.195878095346952
            ],
            [
              81.5824556350708,
              19.19758031513751
            ],
            [
              81.57464504241943,
              19.204145855088203
            ],
            [
              81.57297134399414,
              19.20682062957512
            ],
            [
              81.57121181488037,
              19.20904957508553
            ],
            [
              81.5696668624878,
              19.210346402207872
            ],
            [
              81.56807899475098,
              19.2109137608579
            ],
            [
              81.56782150268555,
              19.210873235304962
            ],
            [
              81.56777858734131,
              19.210954286400845
            ],
            [
              81.56756401062012,
              19.210994811933812
            ],
            [
              81.56747817993164,
              19.210873235304962
            ],
            [
              81.56739234924316,
              19.210873235304962
            ],
            [
              81.5674352645874,
              19.21115691396578
            ],
            [
              81.56670570373535,
              19.21111638847277
            ],
            [
              81.56593322753906,
              19.211359541281006
            ],
            [
              81.56567573547363,
              19.211481117550285
            ],
            [
              81.56567573547363,
              19.21172426981916
            ],
            [
              81.56537532806396,
              19.211602693729667
            ],
            [
              81.56477451324463,
              19.21176479516235
            ],
            [
              81.56421661376953,
              19.212007947011717
            ],
            [
              81.56425952911377,
              19.21221057327817
            ],
            [
              81.56352996826172,
              19.212413199294918
            ],
            [
              81.56322956085205,
              19.212615825061945
            ],
            [
              81.5625,
              19.21281845057926
            ],
            [
              81.56207084655762,
              19.213021075846857
            ],
            [
              81.56207084655762,
              19.21310212588397
            ],
            [
              81.5613842010498,
              19.21338580069922
            ],
            [
              81.56129837036133,
              19.213588425267588
            ],
            [
              81.56052589416504,
              19.214155772730454
            ],
            [
              81.56056880950928,
              19.214236822208175
            ],
            [
              81.5601396560669,
              19.214561019719493
            ],
            [
              81.5599250793457,
              19.215087839311806
            ],
            [
              81.55923843383789,
              19.21601990060856
            ],
            [
              81.55971050262451,
              19.21691143255597
            ],
            [
              81.56039714813232,
              19.217721911948484
            ],
            [
              81.56155586242676,
              19.219788616310474
            ],
            [
              81.56207084655762,
              19.22209843160709
            ],
            [
              81.5625,
              19.22290888542035
            ],
            [
              81.56314373016357,
              19.224205603207132
            ],
            [
              81.56391620635986,
              19.22534022287581
            ],
            [
              81.56464576721191,
              19.226880051321817
            ],
            [
              81.56576156616211,
              19.227933609837557
            ],
            [
              81.56726360321045,
              19.229513934941856
            ],
            [
              81.57095432281494,
              19.232796100037664
            ],
            [
              81.57219886779785,
              19.234173779422086
            ],
            [
              81.57254219055176,
              19.235308330236762
            ],
            [
              81.5731430053711,
              19.23603768019248
            ],
            [
              81.57254219055176,
              19.238671416948478
            ],
            [
              81.57451629638672,
              19.237496370384818
            ]
          ]
        ]
      }
    },
    {
      "type": "Feature",
      "properties": {
        "v_name": "Binta",
        "v_code": "449182",
        "d_name": "Bastar",
        "d_code": "374",
        "b_name": "Lohandiguda",
        "b_code": "3361",
        "gp_name": "Binta",
        "gp_code": "122212",
        "s_name": "Chhattisgarh",
        "s_code": "22",
        "impact_data": {
          "v": "BINTA",
          "d": "BASTAR",
          "total_population": 837,
          "affected_population": 837,
          "total_land_ha": 466.648,
          "private_land_ha": 266.741,
          "forest_land_ha": 164.697,
          "revenue_land_ha": 35.21,
          "remarks": "To be displaced fully",
          "status": "Land under submergence",
          "left_bank_right_bank": "Left Bank"
        },
        "centroid": [
          19.198339,
          81.566699
        ]
      },
      "geometry": {
        "type": "Polygon",
        "coordinates": [
          [
            [
              81.5599250793457,
              19.215087839311806
            ],
            [
              81.5601396560669,
              19.214561019719493
            ],
            [
              81.56056880950928,
              19.214236822208175
            ],
            [
              81.56052589416504,
              19.214155772730454
            ],
            [
              81.56129837036133,
              19.213588425267588
            ],
            [
              81.5613842010498,
              19.21338580069922
            ],
            [
              81.56207084655762,
              19.21310212588397
            ],
            [
              81.56207084655762,
              19.213021075846857
            ],
            [
              81.5625,
              19.21281845057926
            ],
            [
              81.56322956085205,
              19.212615825061945
            ],
            [
              81.56352996826172,
              19.212413199294918
            ],
            [
              81.56425952911377,
              19.21221057327817
            ],
            [
              81.56421661376953,
              19.212007947011717
            ],
            [
              81.56477451324463,
              19.21176479516235
            ],
            [
              81.56537532806396,
              19.211602693729667
            ],
            [
              81.56567573547363,
              19.21172426981916
            ],
            [
              81.56567573547363,
              19.211481117550285
            ],
            [
              81.56593322753906,
              19.211359541281006
            ],
            [
              81.56670570373535,
              19.21111638847277
            ],
            [
              81.5674352645874,
              19.21115691396578
            ],
            [
              81.56739234924316,
              19.210873235304962
            ],
            [
              81.56747817993164,
              19.210873235304962
            ],
            [
              81.56756401062012,
              19.210994811933812
            ],
            [
              81.56777858734131,
              19.210954286400845
            ],
            [
              81.56782150268555,
              19.210873235304962
            ],
            [
              81.56807899475098,
              19.2109137608579
            ],
            [
              81.5696668624878,
              19.210346402207872
            ],
            [
              81.57121181488037,
              19.20904957508553
            ],
            [
              81.57297134399414,
              19.20682062957512
            ],
            [
              81.57464504241943,
              19.204145855088203
            ],
            [
              81.5824556350708,
              19.19758031513751
            ],
            [
              81.58361434936523,
              19.195878095346952
            ],
            [
              81.58421516418457,
              19.19368950117337
            ],
            [
              81.58477306365967,
              19.19251413303156
            ],
            [
              81.58606052398682,
              19.19137928686174
            ],
            [
              81.58773422241211,
              19.189677002937476
            ],
            [
              81.58893585205078,
              19.18825841955436
            ],
            [
              81.58927917480469,
              19.18744779499035
            ],
            [
              81.58743381500244,
              19.187569388929386
            ],
            [
              81.58717632293701,
              19.18765045150552
            ],
            [
              81.58721923828125,
              19.187812576538054
            ],
            [
              81.58691883087158,
              19.188055763787524
            ],
            [
              81.58670425415039,
              19.18777204529488
            ],
            [
              81.58623218536377,
              19.187853107771243
            ],
            [
              81.58520221710205,
              19.18825841955436
            ],
            [
              81.58507347106934,
              19.188217888420947
            ],
            [
              81.58455848693848,
              19.188339481791246
            ],
            [
              81.58442974090576,
              19.188177357277556
            ],
            [
              81.58395767211914,
              19.18829895067779
            ],
            [
              81.5833568572998,
              19.18854213720885
            ],
            [
              81.58297061920166,
              19.188623199306043
            ],
            [
              81.58254146575928,
              19.188136826124193
            ],
            [
              81.58129692077637,
              19.188582668262434
            ],
            [
              81.58129692077637,
              19.188663730339673
            ],
            [
              81.58069610595703,
              19.188663730339673
            ],
            [
              81.57829284667969,
              19.18846107507174
            ],
            [
              81.57614707946777,
              19.187893638994456
            ],
            [
              81.57597541809082,
              19.187690982778616
            ],
            [
              81.57507419586182,
              19.18744779499035
            ],
            [
              81.57503128051758,
              19.18752885762635
            ],
            [
              81.5746021270752,
              19.18752885762635
            ],
            [
              81.5746021270752,
              19.187164075450056
            ],
            [
              81.5740442276001,
              19.187123544047246
            ],
            [
              81.57335758209229,
              19.18696141833623
            ],
            [
              81.57245635986328,
              19.18667769795783
            ],
            [
              81.57241344451904,
              19.18671822947039
            ],
            [
              81.57211303710938,
              19.186556103360285
            ],
            [
              81.57039642333984,
              19.186475040245366
            ],
            [
              81.56722068786621,
              19.18683982394821
            ],
            [
              81.56700611114502,
              19.18671822947039
            ],
            [
              81.56666278839111,
              19.18667769795783
            ],
            [
              81.56593322753906,
              19.186639418186545
            ],
            [
              81.56593322753906,
              19.186637166435293
            ],
            [
              81.5659238981164,
              19.186638928675404
            ],
            [
              81.56589031219482,
              19.186637166435293
            ],
            [
              81.56571865081787,
              19.18667769795783
            ],
            [
              81.56425952911377,
              19.186515571807814
            ],
            [
              81.5641736984253,
              19.186150787386612
            ],
            [
              81.56404495239258,
              19.186150787386612
            ],
            [
              81.56378746032715,
              19.185907597323506
            ],
            [
              81.56327247619629,
              19.185867065611408
            ],
            [
              81.56314373016357,
              19.185664406901232
            ],
            [
              81.56254291534424,
              19.185664406901232
            ],
            [
              81.56258583068848,
              19.185907597323506
            ],
            [
              81.5625,
              19.185907597323506
            ],
            [
              81.56198501586914,
              19.185867065611408
            ],
            [
              81.56172752380371,
              19.18562387512927
            ],
            [
              81.56167602542612,
              19.185611715603066
            ],
            [
              81.56164169311523,
              19.185583343347325
            ],
            [
              81.5615791385394,
              19.185588839180685
            ],
            [
              81.56155586242676,
              19.185583343347325
            ],
            [
              81.55979633331299,
              19.18574547041523
            ],
            [
              81.55923843383789,
              19.186150787386612
            ],
            [
              81.55838012695312,
              19.186312913895808
            ],
            [
              81.5581226348877,
              19.18611025573437
            ],
            [
              81.55649185180664,
              19.18688035542086
            ],
            [
              81.5549898147583,
              19.189717533711672
            ],
            [
              81.55503273010254,
              19.19077133033811
            ],
            [
              81.55503273010254,
              19.191784589963405
            ],
            [
              81.55481815338135,
              19.191825120218688
            ],
            [
              81.55503273010254,
              19.19218989206712
            ],
            [
              81.55473232269287,
              19.192473602945935
            ],
            [
              81.55447483062744,
              19.194175857949322
            ],
            [
              81.55460357666016,
              19.194419035798347
            ],
            [
              81.55400276184082,
              19.194459565404916
            ],
            [
              81.55413150787354,
              19.194945919905276
            ],
            [
              81.5538740158081,
              19.194945919905276
            ],
            [
              81.55335903167725,
              19.19559439033669
            ],
            [
              81.55335903167725,
              19.19595915383148
            ],
            [
              81.5531873703003,
              19.19604021227608
            ],
            [
              81.55323028564453,
              19.19652656210526
            ],
            [
              81.55314445495605,
              19.19693185253159
            ],
            [
              81.55327320098877,
              19.19709396842264
            ],
            [
              81.55335903167725,
              19.1977829591778
            ],
            [
              81.55348777770996,
              19.19786401672404
            ],
            [
              81.5535306930542,
              19.19806666041496
            ],
            [
              81.55335903167725,
              19.19814771782145
            ],
            [
              81.55357360839844,
              19.198755647097368
            ],
            [
              81.55340194702148,
              19.198796175635902
            ],
            [
              81.55340194702148,
              19.198917761191613
            ],
            [
              81.5529727935791,
              19.19903934665748
            ],
            [
              81.55314445495605,
              19.19956621597134
            ],
            [
              81.55288696289062,
              19.19964727263912
            ],
            [
              81.55305862426758,
              19.200457837120577
            ],
            [
              81.5529727935791,
              19.20066047761699
            ],
            [
              81.55301570892334,
              19.20086311786382
            ],
            [
              81.55292987823486,
              19.200903645883237
            ],
            [
              81.5529727935791,
              19.20098470189211
            ],
            [
              81.55292987823486,
              19.20098470189211
            ],
            [
              81.55301570892334,
              19.201430509227116
            ],
            [
              81.55284404754639,
              19.201471037106764
            ],
            [
              81.55292987823486,
              19.20183578757428
            ],
            [
              81.55305862426758,
              19.20183578757428
            ],
            [
              81.55305862426758,
              19.202362647932983
            ],
            [
              81.5526294708252,
              19.202484230853067
            ],
            [
              81.55284404754639,
              19.203173199036197
            ],
            [
              81.55275821685791,
              19.20321372648652
            ],
            [
              81.55275821685791,
              19.20378110974267
            ],
            [
              81.55267238616943,
              19.20378110974267
            ],
            [
              81.55275821685791,
              19.20463218095747
            ],
            [
              81.5526294708252,
              19.205847989339897
            ],
            [
              81.55250072479248,
              19.206253256803585
            ],
            [
              81.552414894104,
              19.20649641680248
            ],
            [
              81.55215740203857,
              19.206699049860273
            ],
            [
              81.55305862426758,
              19.206780103013486
            ],
            [
              81.5529727935791,
              19.20722589464216
            ],
            [
              81.55258655548096,
              19.210549030521893
            ],
            [
              81.5529727935791,
              19.21063008177759
            ],
            [
              81.55434608459473,
              19.211197439448796
            ],
            [
              81.55516147613525,
              19.211602693729667
            ],
            [
              81.55580520629883,
              19.212129522801554
            ],
            [
              81.55636310577393,
              19.212777925495775
            ],
            [
              81.55670642852783,
              19.213588425267588
            ],
            [
              81.55722141265869,
              19.214398921043752
            ],
            [
              81.55820846557617,
              19.215290461782388
            ],
            [
              81.5586805343628,
              19.21553360841742
            ],
            [
              81.55923843383789,
              19.21601990060856
            ],
            [
              81.5599250793457,
              19.215087839311806
            ]
          ]
        ]
      }
    },
    {
      "type": "Feature",
      "properties": {
        "v_name": "Chandela",
        "v_code": "449170",
        "d_name": "Bastar",
        "d_code": "374",
        "b_name": "Lohandiguda",
        "b_code": "3361",
        "gp_name": "Chandela",
        "gp_code": "122213",
        "s_name": "Chhattisgarh",
        "s_code": "22",
        "impact_data": {
          "v": "CHANDELA",
          "d": "BASTAR",
          "total_population": 441,
          "affected_population": 441,
          "total_land_ha": 723.372,
          "private_land_ha": 198.589,
          "forest_land_ha": 361.973,
          "revenue_land_ha": 162.81,
          "remarks": "To be displaced fully",
          "status": "Land under submergence",
          "left_bank_right_bank": "Right Bank"
        },
        "centroid": [
          19.229151,
          81.554263
        ]
      },
      "geometry": {
        "type": "Polygon",
        "coordinates": [
          [
            [
              81.5454626083374,
              19.243574106682
            ],
            [
              81.5469217300415,
              19.24183184528445
            ],
            [
              81.54705047607422,
              19.24171029147357
            ],
            [
              81.54722213745117,
              19.24183184528445
            ],
            [
              81.54722213745117,
              19.24150770158874
            ],
            [
              81.54799461364746,
              19.24069733954909
            ],
            [
              81.54898166656494,
              19.239968010293055
            ],
            [
              81.55001163482666,
              19.2390766034687
            ],
            [
              81.55078411102295,
              19.238549860797413
            ],
            [
              81.55215740203857,
              19.23786104090801
            ],
            [
              81.55310153961182,
              19.237253256252707
            ],
            [
              81.55327320098877,
              19.237212737195687
            ],
            [
              81.5540885925293,
              19.237374813363758
            ],
            [
              81.5549898147583,
              19.237172218128674
            ],
            [
              81.55516147613525,
              19.237172218128674
            ],
            [
              81.55640602111816,
              19.23761792731588
            ],
            [
              81.55722141265869,
              19.238063635293127
            ],
            [
              81.55795097351074,
              19.23863089824146
            ],
            [
              81.55906677246094,
              19.239365886110637
            ],
            [
              81.55906677246094,
              19.23940075196486
            ],
            [
              81.55983924849835,
              19.239886973289025
            ],
            [
              81.56044006347656,
              19.240454230157113
            ],
            [
              81.56168460845947,
              19.241062002961993
            ],
            [
              81.5625,
              19.241305111453876
            ],
            [
              81.56271457672119,
              19.241345629500852
            ],
            [
              81.56477451324463,
              19.240575784898105
            ],
            [
              81.56593322753906,
              19.24033267532611
            ],
            [
              81.56640529632568,
              19.24017060207809
            ],
            [
              81.56679153442383,
              19.24033267532611
            ],
            [
              81.56713485717773,
              19.239927491906045
            ],
            [
              81.56842231750488,
              19.239805936685013
            ],
            [
              81.56928062438965,
              19.23960334444994
            ],
            [
              81.56983852386475,
              19.23940075196486
            ],
            [
              81.57116889953613,
              19.239157640652742
            ],
            [
              81.57254219055176,
              19.238671416948478
            ],
            [
              81.5731430053711,
              19.23603768019248
            ],
            [
              81.57254219055176,
              19.235308330236762
            ],
            [
              81.57219886779785,
              19.234173779422086
            ],
            [
              81.57095432281494,
              19.232796100037664
            ],
            [
              81.56726360321045,
              19.229513934941856
            ],
            [
              81.56593322753906,
              19.228114218420906
            ],
            [
              81.56593322753906,
              19.228095695163333
            ],
            [
              81.56464576721191,
              19.226880051321817
            ],
            [
              81.56391620635986,
              19.22534022287581
            ],
            [
              81.56314373016357,
              19.224205603207132
            ],
            [
              81.5625,
              19.22290888542035
            ],
            [
              81.56207084655762,
              19.22209843160709
            ],
            [
              81.56155586242676,
              19.219788616310474
            ],
            [
              81.56039714813232,
              19.217721911948484
            ],
            [
              81.55971050262451,
              19.21691143255597
            ],
            [
              81.55923843383789,
              19.21601990060856
            ],
            [
              81.55906677246094,
              19.215857803371353
            ],
            [
              81.55906677246094,
              19.215870272242057
            ],
            [
              81.5586805343628,
              19.21553360841742
            ],
            [
              81.55820846557617,
              19.215290461782388
            ],
            [
              81.55722141265869,
              19.214398921043752
            ],
            [
              81.55670642852783,
              19.213588425267588
            ],
            [
              81.55636310577393,
              19.212777925495775
            ],
            [
              81.55580520629883,
              19.212129522801554
            ],
            [
              81.55516147613525,
              19.211602693729667
            ],
            [
              81.55434608459473,
              19.211197439448796
            ],
            [
              81.5529727935791,
              19.21063008177759
            ],
            [
              81.55258655548096,
              19.210549030521893
            ],
            [
              81.55340194702148,
              19.21127849038488
            ],
            [
              81.55344486236572,
              19.213223700864724
            ],
            [
              81.55292987823486,
              19.213426325632874
            ],
            [
              81.55220031738281,
              19.21366947502501
            ],
            [
              81.55001163482666,
              19.213750524742476
            ],
            [
              81.5494966506958,
              19.21407472321277
            ],
            [
              81.54906749725342,
              19.214642068997428
            ],
            [
              81.54833793640137,
              19.215290461782388
            ],
            [
              81.54790878295898,
              19.21581727903708
            ],
            [
              81.54760837554932,
              19.21601990060856
            ],
            [
              81.54765129089355,
              19.216425143002265
            ],
            [
              81.54795169830322,
              19.216789860302416
            ],
            [
              81.54790878295898,
              19.217154576793337
            ],
            [
              81.5476942062378,
              19.217519292475014
            ],
            [
              81.54743671417236,
              19.218532387344624
            ],
            [
              81.5474796295166,
              19.21873500556921
            ],
            [
              81.54730796813965,
              19.21934285874425
            ],
            [
              81.54709339141846,
              19.2198696630108
            ],
            [
              81.54653549194336,
              19.220518035174596
            ],
            [
              81.54606342315674,
              19.220923266477985
            ],
            [
              81.54593467712402,
              19.220761174076536
            ],
            [
              81.54563426971436,
              19.22096378955337
            ],
            [
              81.54580593109131,
              19.221125881754972
            ],
            [
              81.54559135437012,
              19.22120692779582
            ],
            [
              81.54550552368164,
              19.221085358719563
            ],
            [
              81.54507637023926,
              19.22145006567854
            ],
            [
              81.54370307922363,
              19.222219999933902
            ],
            [
              81.54245853424072,
              19.22278731760318
            ],
            [
              81.54069900512695,
              19.22311149824909
            ],
            [
              81.53945446014404,
              19.22311149824909
            ],
            [
              81.53979778289795,
              19.22457030324084
            ],
            [
              81.53932571411133,
              19.22525917887361
            ],
            [
              81.5388536453247,
              19.226474834708966
            ],
            [
              81.53911113739014,
              19.227487874367043
            ],
            [
              81.54031276702881,
              19.22890611939329
            ],
            [
              81.54061317443848,
              19.229635497781675
            ],
            [
              81.5388536453247,
              19.23222881693192
            ],
            [
              81.54082775115967,
              19.236848065232564
            ],
            [
              81.54168605804443,
              19.23834726701229
            ],
            [
              81.54228687286377,
              19.238833491676573
            ],
            [
              81.54245853424072,
              19.239198159229765
            ],
            [
              81.5428876876831,
              19.239522307485906
            ],
            [
              81.54327392578125,
              19.240373193613113
            ],
            [
              81.5440034866333,
              19.24280427253096
            ],
            [
              81.54464721679688,
              19.24397928110064
            ],
            [
              81.54469013214111,
              19.244465489082682
            ],
            [
              81.54477596282959,
              19.24458704085313
            ],
            [
              81.5454626083374,
              19.243574106682
            ]
          ]
        ]
      }
    },
    {
      "type": "Feature",
      "properties": {
        "v_name": "Dharmabeda",
        "v_code": "449169",
        "d_name": "Bastar",
        "d_code": "374",
        "b_name": "Lohandiguda",
        "b_code": "3361",
        "gp_name": "Chandela",
        "gp_code": "122213",
        "s_name": "Chhattisgarh",
        "s_code": "22",
        "impact_data": {
          "v": "DHARMABEDA",
          "d": "BASTAR",
          "total_population": 95,
          "affected_population": 95,
          "total_land_ha": 193.901,
          "private_land_ha": 69.507,
          "forest_land_ha": 40.061,
          "revenue_land_ha": 84.333,
          "remarks": "To be displaced fully",
          "status": "Land under submergence",
          "left_bank_right_bank": "Right Bank"
        },
        "centroid": [
          19.219976,
          81.529614
        ]
      },
      "geometry": {
        "type": "Polygon",
        "coordinates": [
          [
            [
              81.52301788330078,
              19.226434312992712
            ],
            [
              81.52400493621826,
              19.22594805161804
            ],
            [
              81.52413368225098,
              19.22574544228716
            ],
            [
              81.52443408966064,
              19.225623876568694
            ],
            [
              81.5275239944458,
              19.224853958262948
            ],
            [
              81.52894020080566,
              19.224813436146913
            ],
            [
              81.52924060821533,
              19.224732391884867
            ],
            [
              81.52928352355957,
              19.224813436146913
            ],
            [
              81.52945518493652,
              19.224772914020885
            ],
            [
              81.52945518493652,
              19.224691869738848
            ],
            [
              81.52962684631348,
              19.22465134758284
            ],
            [
              81.53005599975586,
              19.22436769221094
            ],
            [
              81.5315580368042,
              19.224205603207132
            ],
            [
              81.53203010559082,
              19.22408403634934
            ],
            [
              81.53344631195068,
              19.22384090236393
            ],
            [
              81.53404712677002,
              19.223881424719817
            ],
            [
              81.53417587280273,
              19.22380037999805
            ],
            [
              81.53464794158936,
              19.223759857622177
            ],
            [
              81.53589248657227,
              19.22380037999805
            ],
            [
              81.53675079345703,
              19.223719335236307
            ],
            [
              81.53709411621094,
              19.223557245592907
            ],
            [
              81.53808116912842,
              19.2232735883322
            ],
            [
              81.53808116912842,
              19.222179477168293
            ],
            [
              81.53765201568604,
              19.219585999384794
            ],
            [
              81.5376091003418,
              19.218856576384063
            ],
            [
              81.5394115447998,
              19.216263046164663
            ],
            [
              81.53872489929199,
              19.216181997685926
            ],
            [
              81.5367078781128,
              19.21654671552556
            ],
            [
              81.53602123260498,
              19.21654671552556
            ],
            [
              81.53203010559082,
              19.21614147343157
            ],
            [
              81.53112888336182,
              19.21593885200994
            ],
            [
              81.52816772460938,
              19.215168888330005
            ],
            [
              81.52657985687256,
              19.214520495065543
            ],
            [
              81.52537822723389,
              19.213588425267588
            ],
            [
              81.52271747589111,
              19.21561465721584
            ],
            [
              81.5229320526123,
              19.21670881208343
            ],
            [
              81.52198791503906,
              19.217235624792533
            ],
            [
              81.52220249176025,
              19.218613434664434
            ],
            [
              81.52250289916992,
              19.219950709671163
            ],
            [
              81.52276039123535,
              19.222057908811504
            ],
            [
              81.52276039123535,
              19.222868362824617
            ],
            [
              81.5229320526123,
              19.224002991727513
            ],
            [
              81.52301788330078,
              19.226434312992712
            ]
          ]
        ]
      }
    },
    {
      "type": "Feature",
      "properties": {
        "v_name": "Arpund",
        "v_code": "449163",
        "d_name": "Bastar",
        "d_code": "374",
        "b_name": "Lohandiguda",
        "b_code": "3361",
        "gp_name": "Erpund",
        "gp_code": "122221",
        "s_name": "Chhattisgarh",
        "s_code": "22",
        "impact_data": {
          "v": "ARPUND",
          "d": "BASTAR",
          "total_population": 247,
          "affected_population": 247,
          "total_land_ha": 476.549,
          "private_land_ha": 143.313,
          "forest_land_ha": 214.453,
          "revenue_land_ha": 118.783,
          "remarks": "To be displaced fully",
          "status": "Land under submergence",
          "left_bank_right_bank": "Right Bank"
        },
        "centroid": [
          19.200149,
          81.421095
        ]
      },
      "geometry": {
        "type": "Polygon",
        "coordinates": [
          [
            [
              81.41740322113037,
              19.211845845818758
            ],
            [
              81.41839027404785,
              19.211683744465986
            ],
            [
              81.41989231109619,
              19.211562168346532
            ],
            [
              81.42075061798096,
              19.21127849038488
            ],
            [
              81.42384052276611,
              19.209941144830758
            ],
            [
              81.42422676086426,
              19.20969798992509
            ],
            [
              81.42487049102783,
              19.209535886454894
            ],
            [
              81.42590045928955,
              19.208846944923835
            ],
            [
              81.42675876617432,
              19.208036421780335
            ],
            [
              81.42778873443604,
              19.206253256803585
            ],
            [
              81.42851829528809,
              19.20532114014424
            ],
            [
              81.42903327941895,
              19.204510599624953
            ],
            [
              81.43117904663086,
              19.202686868853515
            ],
            [
              81.43285274505615,
              19.201106285830555
            ],
            [
              81.43538475036621,
              19.198269303856318
            ],
            [
              81.43589973449707,
              19.197296613061855
            ],
            [
              81.4365005493164,
              19.195472802325433
            ],
            [
              81.4367151260376,
              19.194419035798347
            ],
            [
              81.43641471862793,
              19.190528147099975
            ],
            [
              81.43409729003906,
              19.190609208219268
            ],
            [
              81.4310073852539,
              19.191014513217
            ],
            [
              81.42680168151855,
              19.191825120218688
            ],
            [
              81.42542839050293,
              19.19218989206712
            ],
            [
              81.4248275756836,
              19.19218989206712
            ],
            [
              81.42392635345459,
              19.192392542744745
            ],
            [
              81.42130851745605,
              19.193365262524306
            ],
            [
              81.41860485076904,
              19.194216387615775
            ],
            [
              81.41560077667236,
              19.194864860921694
            ],
            [
              81.41491413116455,
              19.194905390418473
            ],
            [
              81.41225337982178,
              19.194581154164748
            ],
            [
              81.41023635864258,
              19.193851620258375
            ],
            [
              81.40826225280762,
              19.19283837335728
            ],
            [
              81.40628814697266,
              19.19162246884249
            ],
            [
              81.4052152633667,
              19.19077133033811
            ],
            [
              81.40397071838379,
              19.191987241140016
            ],
            [
              81.40358448028564,
              19.192230422222607
            ],
            [
              81.4035415649414,
              19.192433072850328
            ],
            [
              81.4035415649414,
              19.192554663107202
            ],
            [
              81.40371322631836,
              19.192554663107202
            ],
            [
              81.40637397766113,
              19.1949864493821
            ],
            [
              81.4072322845459,
              19.196364445655234
            ],
            [
              81.40748977661133,
              19.197012910497076
            ],
            [
              81.40748977661133,
              19.19762084396553
            ],
            [
              81.40821933746338,
              19.201795259784486
            ],
            [
              81.40851974487305,
              19.202686868853515
            ],
            [
              81.40912055969238,
              19.20390269161438
            ],
            [
              81.40946388244629,
              19.20499692441582
            ],
            [
              81.4098072052002,
              19.20560482838237
            ],
            [
              81.41010761260986,
              19.20568588207482
            ],
            [
              81.4101505279541,
              19.205847989339897
            ],
            [
              81.41062259674072,
              19.20609114993794
            ],
            [
              81.41075134277344,
              19.20637483684797
            ],
            [
              81.41130924224854,
              19.20686115612676
            ],
            [
              81.4116096496582,
              19.2074285268012
            ],
            [
              81.41173839569092,
              19.20750957959491
            ],
            [
              81.41186714172363,
              19.2074285268012
            ],
            [
              81.4121675491333,
              19.207631158710573
            ],
            [
              81.41203880310059,
              19.207793264058317
            ],
            [
              81.41229629516602,
              19.208076948032385
            ],
            [
              81.41225337982178,
              19.208198526728616
            ],
            [
              81.41263961791992,
              19.208846944923835
            ],
            [
              81.41289710998535,
              19.20880641886153
            ],
            [
              81.41332626342773,
              19.20904957508553
            ],
            [
              81.41336917877197,
              19.209292730949983
            ],
            [
              81.41366958618164,
              19.20925220499754
            ],
            [
              81.41448497772217,
              19.209535886454894
            ],
            [
              81.41461372375488,
              19.20965746407252
            ],
            [
              81.41491413116455,
              19.209576412337423
            ],
            [
              81.41504287719727,
              19.20969798992509
            ],
            [
              81.4147424697876,
              19.210427453563444
            ],
            [
              81.41740322113037,
              19.211845845818758
            ]
          ]
        ]
      }
    },
    {
      "type": "Feature",
      "properties": {
        "v_name": "Handapal",
        "v_code": "448728",
        "d_name": "Kondagaon",
        "d_code": "643",
        "b_name": "Kondagaon",
        "b_code": "3357",
        "gp_name": "Hadeli",
        "gp_code": "122154",
        "s_name": "Chhattisgarh",
        "s_code": "22",
        "impact_data": {
          "v": "HANDAPAL",
          "d": "KONDAGAON",
          "total_population": 137,
          "affected_population": 21,
          "total_land_ha": 56.126,
          "private_land_ha": 25.92,
          "forest_land_ha": 16.206,
          "revenue_land_ha": 14,
          "remarks": "To be displaced partially",
          "status": "Land under submergence",
          "left_bank_right_bank": "Right Bank"
        },
        "centroid": [
          19.310824,
          81.496356
        ]
      },
      "geometry": {
        "type": "Polygon",
        "coordinates": [
          [
            [
              81.50203227996826,
              19.313856885029196
            ],
            [
              81.50224685668945,
              19.313573384005434
            ],
            [
              81.50280475616455,
              19.313249382233444
            ],
            [
              81.50237560272217,
              19.31308738110666
            ],
            [
              81.50198936462402,
              19.31256087633599
            ],
            [
              81.50164604187012,
              19.31187236753912
            ],
            [
              81.50147438049316,
              19.31114335506464
            ],
            [
              81.5011739730835,
              19.309725821504163
            ],
            [
              81.5011739730835,
              19.308672788618647
            ],
            [
              81.50120830558718,
              19.308364975243812
            ],
            [
              81.50130271911621,
              19.307741253875214
            ],
            [
              81.50130271911621,
              19.306850215677294
            ],
            [
              81.50143146514893,
              19.30612118081362
            ],
            [
              81.50168895721436,
              19.305230133789387
            ],
            [
              81.50168895721436,
              19.30450109170444
            ],
            [
              81.5015172958374,
              19.303650538498456
            ],
            [
              81.50125980377197,
              19.302880986548825
            ],
            [
              81.5006160736084,
              19.301544387716277
            ],
            [
              81.50022983551025,
              19.30093683918237
            ],
            [
              81.50018692016602,
              19.300734322503025
            ],
            [
              81.49877071380615,
              19.301017845783914
            ],
            [
              81.49812698364258,
              19.301058349069645
            ],
            [
              81.49786949157715,
              19.30117985886668
            ],
            [
              81.49735450744629,
              19.301665897152308
            ],
            [
              81.49705410003662,
              19.301787406498093
            ],
            [
              81.49606704711914,
              19.302435454818035
            ],
            [
              81.49516582489014,
              19.303245511607827
            ],
            [
              81.49503707885742,
              19.30332651706618
            ],
            [
              81.49495124816895,
              19.303407522484424
            ],
            [
              81.49460792541504,
              19.303488527862548
            ],
            [
              81.49340629577637,
              19.305027622425072
            ],
            [
              81.49319171905518,
              19.305230133789387
            ],
            [
              81.49306297302246,
              19.305432644902965
            ],
            [
              81.4927625656128,
              19.306404694757866
            ],
            [
              81.49271965026855,
              19.306688208210648
            ],
            [
              81.49289131164551,
              19.307700752244266
            ],
            [
              81.49280548095703,
              19.307903260298712
            ],
            [
              81.49302005767822,
              19.309280308418625
            ],
            [
              81.49229049682617,
              19.310130832346818
            ],
            [
              81.49207592010498,
              19.310900350184173
            ],
            [
              81.49181842803955,
              19.31114335506464
            ],
            [
              81.49126052856445,
              19.312196372039995
            ],
            [
              81.49078845977783,
              19.312641877180297
            ],
            [
              81.49048805236816,
              19.31308738110666
            ],
            [
              81.49027347564697,
              19.313573384005434
            ],
            [
              81.49014472961426,
              19.314383385626154
            ],
            [
              81.49016312188643,
              19.314383385626154
            ],
            [
              81.49001598358154,
              19.314626385329774
            ],
            [
              81.48928642272949,
              19.31644887159326
            ],
            [
              81.49027347564697,
              19.317987844169558
            ],
            [
              81.49087429046631,
              19.318271337537354
            ],
            [
              81.49151802062988,
              19.31871682612184
            ],
            [
              81.49190425872803,
              19.3190813158787
            ],
            [
              81.49246215820312,
              19.320093783160445
            ],
            [
              81.4936637878418,
              19.319567300956724
            ],
            [
              81.4951229095459,
              19.31932430859835
            ],
            [
              81.49615287780762,
              19.31871682612184
            ],
            [
              81.49632453918457,
              19.31871682612184
            ],
            [
              81.49645328521729,
              19.31859532935558
            ],
            [
              81.49696826934814,
              19.318271337537354
            ],
            [
              81.4976978302002,
              19.317582852791173
            ],
            [
              81.49924278259277,
              19.316327373141167
            ],
            [
              81.4995002746582,
              19.316246374122933
            ],
            [
              81.50014400482178,
              19.315760379170676
            ],
            [
              81.50141239145258,
              19.314363885775826
            ],
            [
              81.50203227996826,
              19.313856885029196
            ]
          ]
        ]
      }
    },
    {
      "type": "Feature",
      "properties": {
        "v_name": "Harra Koder",
        "v_code": "449165",
        "d_name": "Bastar",
        "d_code": "374",
        "b_name": "Lohandiguda",
        "b_code": "3361",
        "gp_name": "Harrakoder",
        "gp_code": "122224",
        "s_name": "Chhattisgarh",
        "s_code": "22",
        "impact_data": {
          "v": "HARRA KODER",
          "d": "BASTAR",
          "total_population": 524,
          "affected_population": 524,
          "total_land_ha": 877.395,
          "private_land_ha": 342.087,
          "forest_land_ha": 355.897,
          "revenue_land_ha": 179.411,
          "remarks": "To be displaced fully",
          "status": "Land under submergence",
          "left_bank_right_bank": "Right Bank"
        },
        "centroid": [
          19.205441,
          81.445577
        ]
      },
      "geometry": {
        "type": "Polygon",
        "coordinates": [
          [
            [
              81.43860340118408,
              19.222138954392687
            ],
            [
              81.43950462341309,
              19.222057908811504
            ],
            [
              81.44027709960938,
              19.221531111559507
            ],
            [
              81.44182205200195,
              19.221044835674157
            ],
            [
              81.44216537475586,
              19.22100431261876
            ],
            [
              81.44233703613281,
              19.221044835674157
            ],
            [
              81.44375324249268,
              19.2205585583499
            ],
            [
              81.44598484039307,
              19.220031756291558
            ],
            [
              81.44744396209717,
              19.219748092945316
            ],
            [
              81.4480447769165,
              19.219748092945316
            ],
            [
              81.45019054412842,
              19.21922128828909
            ],
            [
              81.45156383514404,
              19.21905919420899
            ],
            [
              81.45619869232178,
              19.218167673910926
            ],
            [
              81.45688533782959,
              19.217316672751767
            ],
            [
              81.45735740661621,
              19.21691143255597
            ],
            [
              81.45791530609131,
              19.21630357038905
            ],
            [
              81.45825862884521,
              19.216181997685926
            ],
            [
              81.45817279815674,
              19.21601990060856
            ],
            [
              81.45950317382812,
              19.215006790253646
            ],
            [
              81.45933151245117,
              19.21488521659148
            ],
            [
              81.46001815795898,
              19.214277346932057
            ],
            [
              81.45997524261475,
              19.21419629747431
            ],
            [
              81.46040439605713,
              19.21370999988874
            ],
            [
              81.46087646484375,
              19.21366947502501
            ],
            [
              81.46109104156494,
              19.213588425267588
            ],
            [
              81.46091938018799,
              19.213061600870404
            ],
            [
              81.46156311035156,
              19.21172426981916
            ],
            [
              81.46353721618652,
              19.20645589016096
            ],
            [
              81.46190643310547,
              19.20382163704323
            ],
            [
              81.46040439605713,
              19.201592620685787
            ],
            [
              81.45851612091064,
              19.19822877518801
            ],
            [
              81.4577865600586,
              19.196769736480842
            ],
            [
              81.4577865600586,
              19.1967292074432
            ],
            [
              81.45765781402588,
              19.196810265508503
            ],
            [
              81.4566707611084,
              19.19571597825812
            ],
            [
              81.4557695388794,
              19.194581154164748
            ],
            [
              81.45478248596191,
              19.193527381928682
            ],
            [
              81.4546537399292,
              19.192716783309983
            ],
            [
              81.4546537399292,
              19.191338756496684
            ],
            [
              81.45443916320801,
              19.190366024741632
            ],
            [
              81.45255088806152,
              19.189677002937476
            ],
            [
              81.45122051239014,
              19.189555410555027
            ],
            [
              81.4502763748169,
              19.189231163762777
            ],
            [
              81.44877433776855,
              19.18846107507174
            ],
            [
              81.44735813140869,
              19.18760992022244
            ],
            [
              81.44615650177002,
              19.187204606842887
            ],
            [
              81.44486904144287,
              19.187204606842887
            ],
            [
              81.44250869750977,
              19.18696141833623
            ],
            [
              81.44173622131348,
              19.18704248121169
            ],
            [
              81.44096374511719,
              19.18736673231444
            ],
            [
              81.44044876098633,
              19.187690982778616
            ],
            [
              81.43886089324951,
              19.189433818082772
            ],
            [
              81.43838882446289,
              19.18983912597437
            ],
            [
              81.43654346466064,
              19.190528147099975
            ],
            [
              81.43641471862793,
              19.190528147099975
            ],
            [
              81.4367151260376,
              19.194419035798347
            ],
            [
              81.4365005493164,
              19.195472802325433
            ],
            [
              81.43585681915283,
              19.197418199725597
            ],
            [
              81.43538475036621,
              19.198269303856318
            ],
            [
              81.43285274505615,
              19.201106285830555
            ],
            [
              81.43117904663086,
              19.202686868853515
            ],
            [
              81.42903327941895,
              19.204510599624953
            ],
            [
              81.42851829528809,
              19.20532114014424
            ],
            [
              81.42778873443604,
              19.206253256803585
            ],
            [
              81.42671585083008,
              19.20811747427445
            ],
            [
              81.42796039581299,
              19.20965746407252
            ],
            [
              81.42791748046875,
              19.20969798992509
            ],
            [
              81.42843246459961,
              19.21046797922625
            ],
            [
              81.42843246459961,
              19.21063008177759
            ],
            [
              81.4289903640747,
              19.21071113299333
            ],
            [
              81.42903327941895,
              19.2109137608579
            ],
            [
              81.42916202545166,
              19.2109137608579
            ],
            [
              81.42924785614014,
              19.21115691396578
            ],
            [
              81.42950534820557,
              19.211237964921832
            ],
            [
              81.43023490905762,
              19.212007947011717
            ],
            [
              81.43126487731934,
              19.213345275755586
            ],
            [
              81.43225193023682,
              19.21496626570958
            ],
            [
              81.43259525299072,
              19.215857803371353
            ],
            [
              81.43298149108887,
              19.21638461880785
            ],
            [
              81.43431186676025,
              19.218897099969034
            ],
            [
              81.43456935882568,
              19.21954547596968
            ],
            [
              81.43564224243164,
              19.22096378955337
            ],
            [
              81.43620014190674,
              19.22181477182812
            ],
            [
              81.43632888793945,
              19.222138954392687
            ],
            [
              81.43860340118408,
              19.222138954392687
            ]
          ]
        ]
      }
    },
    {
      "type": "Feature",
      "properties": {
        "v_name": "Hirram",
        "v_code": "449158",
        "d_name": "Bastar",
        "d_code": "374",
        "b_name": "Lohandiguda",
        "b_code": "3361",
        "gp_name": "Hirram_vlgp",
        "gp_code": "223740021",
        "s_name": "Chhattisgarh",
        "s_code": "22",
        "impact_data": {
          "v": "HIRRAM",
          "d": "BASTAR",
          "total_population": null,
          "affected_population": null,
          "total_land_ha": 60.35,
          "private_land_ha": null,
          "forest_land_ha": 60.35,
          "revenue_land_ha": null,
          "remarks": "Population not affected",
          "status": "Land under submergence",
          "left_bank_right_bank": "Right Bank"
        },
        "centroid": [
          19.235341,
          81.427948
        ]
      },
      "geometry": {
        "type": "Polygon",
        "coordinates": [
          [
            [
              81.42761707305908,
              19.24150770158874
            ],
            [
              81.42834663391113,
              19.240980966718023
            ],
            [
              81.42963409423828,
              19.23761792731588
            ],
            [
              81.43083572387695,
              19.236118718876476
            ],
            [
              81.43216609954834,
              19.235227291152817
            ],
            [
              81.43285274505615,
              19.233849620606712
            ],
            [
              81.4330244064331,
              19.232715059713957
            ],
            [
              81.43246650695801,
              19.231296847575788
            ],
            [
              81.43190860748291,
              19.231499450059598
            ],
            [
              81.43079280853271,
              19.231580490983145
            ],
            [
              81.42993450164795,
              19.23153997052637
            ],
            [
              81.42937660217285,
              19.23077007994825
            ],
            [
              81.42826080322266,
              19.230648517948133
            ],
            [
              81.42757415771484,
              19.231296847575788
            ],
            [
              81.42667293548584,
              19.231702052293482
            ],
            [
              81.42560005187988,
              19.231702052293482
            ],
            [
              81.4251708984375,
              19.232107256011474
            ],
            [
              81.42499923706055,
              19.233322861167
            ],
            [
              81.42384052276611,
              19.23413325960516
            ],
            [
              81.42336845397949,
              19.235227291152817
            ],
            [
              81.42328262329102,
              19.23664546934751
            ],
            [
              81.42487049102783,
              19.238023116436104
            ],
            [
              81.42590045928955,
              19.23960334444994
            ],
            [
              81.42620086669922,
              19.240980966718023
            ],
            [
              81.42761707305908,
              19.24150770158874
            ]
          ]
        ]
      }
    },
    {
      "type": "Feature",
      "properties": {
        "v_name": "Hitameta",
        "v_code": "450127",
        "d_name": "Dakshin Bastar Dantewada",
        "d_code": "376",
        "b_name": "Gidam",
        "b_code": "3370",
        "gp_name": "Hitameta",
        "gp_code": "123524",
        "s_name": "Chhattisgarh",
        "s_code": "22",
        "impact_data": {
          "v": "HITAMETA",
          "d": "DANTEWADA",
          "total_population": 481,
          "affected_population": 165,
          "total_land_ha": 587.589,
          "private_land_ha": 218.256,
          "forest_land_ha": 180.41,
          "revenue_land_ha": 188.923,
          "remarks": "To be displaced partially",
          "status": null,
          "left_bank_right_bank": null
        },
        "centroid": [
          19.161647,
          81.408383
        ]
      },
      "geometry": {
        "type": "Polygon",
        "coordinates": [
          [
            [
              81.43062114715576,
              19.14516819620529
            ],
            [
              81.4295482635498,
              19.144316817785548
            ],
            [
              81.42911911010742,
              19.143668145565588
            ],
            [
              81.42851829528809,
              19.142532963046364
            ],
            [
              81.42632961273193,
              19.14233025106068
            ],
            [
              81.42547130584717,
              19.142451878281967
            ],
            [
              81.42465591430664,
              19.141924826342485
            ],
            [
              81.42459460677968,
              19.141924826342485
            ],
            [
              81.42452716827393,
              19.1418842838159
            ],
            [
              81.4242911337357,
              19.141924826342485
            ],
            [
              81.42418384552002,
              19.141924826342485
            ],
            [
              81.42311096191406,
              19.142127538826056
            ],
            [
              81.4211368560791,
              19.14322218193555
            ],
            [
              81.41993522644043,
              19.14358706135884
            ],
            [
              81.41920566558838,
              19.14370868765403
            ],
            [
              81.418776512146,
              19.143951939975516
            ],
            [
              81.41860485076904,
              19.14516819620529
            ],
            [
              81.41847610473633,
              19.145938487181585
            ],
            [
              81.41851902008057,
              19.14670877456255
            ],
            [
              81.41830444335938,
              19.148411502330354
            ],
            [
              81.41832310210843,
              19.148411502330354
            ],
            [
              81.41830444335938,
              19.148573665963326
            ],
            [
              81.41718864440918,
              19.14897907434852
            ],
            [
              81.41688823699951,
              19.149506103760146
            ],
            [
              81.41611576080322,
              19.14978988813068
            ],
            [
              81.41491413116455,
              19.15088448041628
            ],
            [
              81.4141845703125,
              19.151006101333085
            ],
            [
              81.41336917877197,
              19.14938448173764
            ],
            [
              81.4116096496582,
              19.15047907671277
            ],
            [
              81.41139507293701,
              19.15051961712795
            ],
            [
              81.41032218933105,
              19.1498304287152
            ],
            [
              81.40860557556152,
              19.148654747720048
            ],
            [
              81.40856266021729,
              19.148573665963326
            ],
            [
              81.40847682952881,
              19.148614206846666
            ],
            [
              81.407790184021,
              19.148168256582075
            ],
            [
              81.40753269195557,
              19.147803387287347
            ],
            [
              81.40680313110352,
              19.148249338538008
            ],
            [
              81.40517234802246,
              19.149425022421774
            ],
            [
              81.40444278717041,
              19.15015475303274
            ],
            [
              81.40315532684326,
              19.15128988312364
            ],
            [
              81.40294075012207,
              19.15157366442607
            ],
            [
              81.40251159667969,
              19.15193852538336
            ],
            [
              81.4015245437622,
              19.15157366442607
            ],
            [
              81.4000654220581,
              19.150722319054413
            ],
            [
              81.39946460723877,
              19.15047907671277
            ],
            [
              81.39890670776367,
              19.150397995852533
            ],
            [
              81.39873504638672,
              19.15047907671277
            ],
            [
              81.39873504638672,
              19.150641238313714
            ],
            [
              81.39852046966553,
              19.150803399755272
            ],
            [
              81.39830589294434,
              19.151046641618766
            ],
            [
              81.3980484008789,
              19.151249342897728
            ],
            [
              81.39774799346924,
              19.151249342897728
            ],
            [
              81.39749050140381,
              19.15137096354557
            ],
            [
              81.3973617553711,
              19.151330423339584
            ],
            [
              81.39688968658447,
              19.151533124269893
            ],
            [
              81.396803855896,
              19.151492584103753
            ],
            [
              81.39654636383057,
              19.151654744708534
            ],
            [
              81.39560222625732,
              19.15303310341367
            ],
            [
              81.39461517333984,
              19.153924976438972
            ],
            [
              81.39379978179932,
              19.15210068554982
            ],
            [
              81.39272689819336,
              19.152343925500634
            ],
            [
              81.39178276062012,
              19.152911483991172
            ],
            [
              81.39161109924316,
              19.152870944163745
            ],
            [
              81.39126777648926,
              19.152992563616134
            ],
            [
              81.39113903045654,
              19.15311418297886
            ],
            [
              81.39096736907959,
              19.153154722746514
            ],
            [
              81.39092445373535,
              19.15307364320125
            ],
            [
              81.3905382156372,
              19.152992563616134
            ],
            [
              81.39045238494873,
              19.153154722746514
            ],
            [
              81.39015197753906,
              19.15316563729666
            ],
            [
              81.39015197753906,
              19.153154722746514
            ],
            [
              81.38933658599854,
              19.153195262504198
            ],
            [
              81.38749122619629,
              19.153803357674008
            ],
            [
              81.38736248016357,
              19.153803357674008
            ],
            [
              81.38736248016357,
              19.153479040529067
            ],
            [
              81.38723373413086,
              19.15351958020705
            ],
            [
              81.38723373413086,
              19.15360065953314
            ],
            [
              81.38701915740967,
              19.153803357674008
            ],
            [
              81.38693332672119,
              19.153762818065758
            ],
            [
              81.38671875,
              19.153884436860615
            ],
            [
              81.38628959655762,
              19.154168213699908
            ],
            [
              81.38611793518066,
              19.15396551600737
            ],
            [
              81.3856029510498,
              19.15428983219588
            ],
            [
              81.3850450515747,
              19.154249292707185
            ],
            [
              81.38487339019775,
              19.15428983219588
            ],
            [
              81.38474464416504,
              19.15453306891881
            ],
            [
              81.38483047485352,
              19.154654687145776
            ],
            [
              81.3850450515747,
              19.15461414774675
            ],
            [
              81.3850450515747,
              19.1549790019793
            ],
            [
              81.38508796691895,
              19.155424933834222
            ],
            [
              81.3852596282959,
              19.15570870802329
            ],
            [
              81.38590335845947,
              19.15599248172414
            ],
            [
              81.38611793518066,
              19.15627625493676
            ],
            [
              81.38641834259033,
              19.156884338748327
            ],
            [
              81.38611793518066,
              19.156884338748327
            ],
            [
              81.38624668121338,
              19.1572086491978
            ],
            [
              81.38650417327881,
              19.157370804183387
            ],
            [
              81.38671875,
              19.15773565231805
            ],
            [
              81.38689041137695,
              19.158059961093493
            ],
            [
              81.38671875,
              19.158100499645577
            ],
            [
              81.38650417327881,
              19.15822211524206
            ],
            [
              81.38667583465576,
              19.15887073024196
            ],
            [
              81.385817527771,
              19.15919503678527
            ],
            [
              81.38538837432861,
              19.160046338427033
            ],
            [
              81.38513088226318,
              19.16012741454466
            ],
            [
              81.38513088226318,
              19.160249028646366
            ],
            [
              81.38530254364014,
              19.16053279453487
            ],
            [
              81.38671875,
              19.16114086265159
            ],
            [
              81.38689041137695,
              19.161221938231062
            ],
            [
              81.38749122619629,
              19.161303013770674
            ],
            [
              81.38796329498291,
              19.161221938231062
            ],
            [
              81.3887357711792,
              19.16442439173233
            ],
            [
              81.38822078704834,
              19.16474868735252
            ],
            [
              81.38671875,
              19.165113519162716
            ],
            [
              81.38491630554199,
              19.165964790246615
            ],
            [
              81.38328552246094,
              19.16657283832943
            ],
            [
              81.38328552246094,
              19.1665915474391
            ],
            [
              81.38311386108398,
              19.166653911237677
            ],
            [
              81.38195514678955,
              19.166856593333844
            ],
            [
              81.38105392456055,
              19.166937666102534
            ],
            [
              81.38071060180664,
              19.166897129723175
            ],
            [
              81.37980937957764,
              19.16637015588437
            ],
            [
              81.37882232666016,
              19.16657283832943
            ],
            [
              81.37762069702148,
              19.166653911237677
            ],
            [
              81.37500286102295,
              19.16811321676754
            ],
            [
              81.37487411499023,
              19.168315897069316
            ],
            [
              81.37551784515381,
              19.16941036639215
            ],
            [
              81.37641906738281,
              19.169248223247365
            ],
            [
              81.37980937957764,
              19.170383221911006
            ],
            [
              81.38328552246094,
              19.17168035366954
            ],
            [
              81.38457298278809,
              19.171275001091747
            ],
            [
              81.38568878173828,
              19.17163981845663
            ],
            [
              81.38671875,
              19.171842494421476
            ],
            [
              81.38912200927734,
              19.172491055833902
            ],
            [
              81.38959407806396,
              19.17245052082041
            ],
            [
              81.39015197753906,
              19.172855870506655
            ],
            [
              81.39015197753906,
              19.172826916726162
            ],
            [
              81.39049530029297,
              19.173058544975856
            ],
            [
              81.39083862304688,
              19.173423358392228
            ],
            [
              81.3913106918335,
              19.174112448197228
            ],
            [
              81.3916540145874,
              19.17395030967884
            ],
            [
              81.39178276062012,
              19.174112448197228
            ],
            [
              81.39225482940674,
              19.17419351739659
            ],
            [
              81.39246940612793,
              19.174396190220484
            ],
            [
              81.39272689819336,
              19.174842069555535
            ],
            [
              81.39345645904541,
              19.17545008488603
            ],
            [
              81.3945722579956,
              19.176868778597957
            ],
            [
              81.39508724212646,
              19.177314651241435
            ],
            [
              81.39543056488037,
              19.177517320225906
            ],
            [
              81.39646053314209,
              19.17784159008246
            ],
            [
              81.39753341674805,
              19.178327993670464
            ],
            [
              81.39933586120605,
              19.178733328896712
            ],
            [
              81.40019416809082,
              19.178814395822275
            ],
            [
              81.40169620513916,
              19.178409060795506
            ],
            [
              81.40259742736816,
              19.178044258418662
            ],
            [
              81.40384197235107,
              19.178368527237975
            ],
            [
              81.40439987182617,
              19.17861172843356
            ],
            [
              81.40508651733398,
              19.179422396492335
            ],
            [
              81.4063310623169,
              19.180597858090916
            ],
            [
              81.40718936920166,
              19.18043572595535
            ],
            [
              81.40886306762695,
              19.17966559613199
            ],
            [
              81.40937805175781,
              19.179543996357044
            ],
            [
              81.41057968139648,
              19.17865226193125
            ],
            [
              81.41152381896973,
              19.17816585930071
            ],
            [
              81.41345500946045,
              19.17682824466144
            ],
            [
              81.41478538513184,
              19.175652756164247
            ],
            [
              81.41495704650879,
              19.175531153427237
            ],
            [
              81.41607284545898,
              19.17528794768395
            ],
            [
              81.41641616821289,
              19.175044741581672
            ],
            [
              81.41714572906494,
              19.174720466220183
            ],
            [
              81.41753196716309,
              19.174679931755122
            ],
            [
              81.41791820526123,
              19.174396190220484
            ],
            [
              81.4182186126709,
              19.174112448197228
            ],
            [
              81.41899108886719,
              19.17293694032424
            ],
            [
              81.42066478729248,
              19.17018054415148
            ],
            [
              81.42268180847168,
              19.167261956778535
            ],
            [
              81.42298221588135,
              19.16657283832943
            ],
            [
              81.4248275756836,
              19.164586539622164
            ],
            [
              81.42740249633789,
              19.163208277475206
            ],
            [
              81.42856121063232,
              19.16276236666668
            ],
            [
              81.42946243286133,
              19.16223537961089
            ],
            [
              81.43225193023682,
              19.160005800353275
            ],
            [
              81.43353939056396,
              19.159276113321447
            ],
            [
              81.43366813659668,
              19.158627499915944
            ],
            [
              81.43362522125244,
              19.15700595524161
            ],
            [
              81.43375396728516,
              19.156033020784406
            ],
            [
              81.43409729003906,
              19.15558709057347
            ],
            [
              81.43418312072754,
              19.154249292707185
            ],
            [
              81.43366813659668,
              19.152830404326355
            ],
            [
              81.43371105194092,
              19.15128988312364
            ],
            [
              81.43311023712158,
              19.14978988813068
            ],
            [
              81.43285274505615,
              19.149303400339505
            ],
            [
              81.43252819816405,
              19.148411502330354
            ],
            [
              81.43255233764648,
              19.148411502330354
            ],
            [
              81.4324750903006,
              19.14826555486075
            ],
            [
              81.43238067626953,
              19.148006092550684
            ],
            [
              81.4317798614502,
              19.146952022462205
            ],
            [
              81.43062114715576,
              19.14516819620529
            ]
          ]
        ]
      }
    },
    {
      "type": "Feature",
      "properties": {
        "v_name": "Hitameta",
        "v_code": "449159",
        "d_name": "Bastar",
        "d_code": "374",
        "b_name": "Lohandiguda",
        "b_code": "3361",
        "gp_name": "Hitameta_vlgp",
        "gp_code": "223740022",
        "s_name": "Chhattisgarh",
        "s_code": "22",
        "impact_data": {
          "v": "HITAMETA",
          "d": "BASTAR",
          "total_population": null,
          "affected_population": null,
          "total_land_ha": 119.915,
          "private_land_ha": null,
          "forest_land_ha": 119.915,
          "revenue_land_ha": null,
          "remarks": "Population not affected",
          "status": "Land under submergence",
          "left_bank_right_bank": "Right Bank"
        },
        "centroid": [
          19.255778,
          81.426521
        ]
      },
      "geometry": {
        "type": "Polygon",
        "coordinates": [
          [
            [
              81.4248275756836,
              19.264722874286832
            ],
            [
              81.42826080322266,
              19.263102375547582
            ],
            [
              81.429762840271,
              19.26257571000852
            ],
            [
              81.4312219619751,
              19.26273776112381
            ],
            [
              81.43182277679443,
              19.26375057696543
            ],
            [
              81.4335823059082,
              19.26431775110371
            ],
            [
              81.43538475036621,
              19.2636290393948
            ],
            [
              81.43598556518555,
              19.26225160729744
            ],
            [
              81.43744468688965,
              19.260955190046474
            ],
            [
              81.43800258636475,
              19.259982870381556
            ],
            [
              81.43800258636475,
              19.25945619482242
            ],
            [
              81.43735885620117,
              19.25905105862586
            ],
            [
              81.43628597259521,
              19.258524380073982
            ],
            [
              81.43585681915283,
              19.257633074055875
            ],
            [
              81.43645763397217,
              19.25629610594609
            ],
            [
              81.4370584487915,
              19.254635009173263
            ],
            [
              81.43718719482422,
              19.252568743369448
            ],
            [
              81.4367151260376,
              19.251636889491486
            ],
            [
              81.43572807312012,
              19.25102915584984
            ],
            [
              81.43474102020264,
              19.2502188408257
            ],
            [
              81.43396854400635,
              19.249084393068433
            ],
            [
              81.43311023712158,
              19.24871974748065
            ],
            [
              81.43126487731934,
              19.249084393068433
            ],
            [
              81.43002033233643,
              19.249043876932035
            ],
            [
              81.42937660217285,
              19.247706838818253
            ],
            [
              81.42929077148438,
              19.24657237369333
            ],
            [
              81.42950534820557,
              19.244992212771123
            ],
            [
              81.42821788787842,
              19.243736176569485
            ],
            [
              81.42658710479736,
              19.243857728880077
            ],
            [
              81.42521381378174,
              19.246167205676578
            ],
            [
              81.42448425292969,
              19.247220640439366
            ],
            [
              81.42268180847168,
              19.24782838818788
            ],
            [
              81.4213514328003,
              19.247139607236168
            ],
            [
              81.42075061798096,
              19.24709909061956
            ],
            [
              81.42019271850586,
              19.248112003033537
            ],
            [
              81.41972064971924,
              19.248760263697086
            ],
            [
              81.41873359680176,
              19.249205941417614
            ],
            [
              81.41808986663818,
              19.25078606176282
            ],
            [
              81.41886234283447,
              19.252609258635374
            ],
            [
              81.41899108886719,
              19.253298016625124
            ],
            [
              81.41796112060547,
              19.254351405603984
            ],
            [
              81.41478538513184,
              19.256539191867617
            ],
            [
              81.41435623168945,
              19.257714102075873
            ],
            [
              81.41478538513184,
              19.258524380073982
            ],
            [
              81.41645908355713,
              19.262778273877604
            ],
            [
              81.4180040359497,
              19.263183400864968
            ],
            [
              81.419677734375,
              19.263183400864968
            ],
            [
              81.4216947555542,
              19.26375057696543
            ],
            [
              81.42311096191406,
              19.2644798004971
            ],
            [
              81.4248275756836,
              19.264722874286832
            ]
          ]
        ]
      }
    },
    {
      "type": "Feature",
      "properties": {
        "v_name": "Itulkudum",
        "v_code": "451290",
        "d_name": "Bijapur",
        "d_code": "636",
        "b_name": "Bhairamgarh",
        "b_code": "3379",
        "gp_name": "Bengloor",
        "gp_code": "263480",
        "s_name": "Chhattisgarh",
        "s_code": "22",
        "impact_data": {
          "v": "ITULKUDUM",
          "d": "BIJAPUR",
          "total_population": 61,
          "affected_population": 61,
          "total_land_ha": 23.703,
          "private_land_ha": 23.703,
          "forest_land_ha": null,
          "revenue_land_ha": null,
          "remarks": "To be displaced fully",
          "status": null,
          "left_bank_right_bank": null
        },
        "centroid": [
          19.169652,
          81.439283
        ]
      },
      "geometry": {
        "type": "Polygon",
        "coordinates": [
          [
            [
              81.43654346466064,
              19.17630130257917
            ],
            [
              81.43718719482422,
              19.176179700320834
            ],
            [
              81.43821716308594,
              19.175531153427237
            ],
            [
              81.43868923187256,
              19.175004207196384
            ],
            [
              81.4392900466919,
              19.173828705685352
            ],
            [
              81.43980503082275,
              19.173261219195776
            ],
            [
              81.44036293029785,
              19.172774800649172
            ],
            [
              81.44070625305176,
              19.17204517013706
            ],
            [
              81.44160747528076,
              19.172126240353496
            ],
            [
              81.44207954406738,
              19.171720888872482
            ],
            [
              81.44233703613281,
              19.17119393045654
            ],
            [
              81.44319534301758,
              19.17054536393916
            ],
            [
              81.44340991973877,
              19.16941036639215
            ],
            [
              81.44388198852539,
              19.16843750513075
            ],
            [
              81.44448280334473,
              19.168032144577044
            ],
            [
              81.44534111022949,
              19.16669444767685
            ],
            [
              81.44542694091797,
              19.165883716999446
            ],
            [
              81.44589900970459,
              19.165599960320357
            ],
            [
              81.44735813140869,
              19.16507298233478
            ],
            [
              81.44778728485107,
              19.16438385473495
            ],
            [
              81.44778728485107,
              19.163573112694245
            ],
            [
              81.44710063934326,
              19.16300559089356
            ],
            [
              81.44838809967041,
              19.16227591713652
            ],
            [
              81.44864559173584,
              19.161586777845375
            ],
            [
              81.44873142242432,
              19.161059787032247
            ],
            [
              81.4480447769165,
              19.1608570978095
            ],
            [
              81.44727230072021,
              19.161546240150315
            ],
            [
              81.44628524780273,
              19.161911079047055
            ],
            [
              81.44555568695068,
              19.16227591713652
            ],
            [
              81.44486904144287,
              19.162721829260654
            ],
            [
              81.44482612609863,
              19.16332988930459
            ],
            [
              81.44555568695068,
              19.163856872862
            ],
            [
              81.44577026367188,
              19.16438385473495
            ],
            [
              81.44529819488525,
              19.16487029804563
            ],
            [
              81.4442253112793,
              19.165154055980672
            ],
            [
              81.44345283508301,
              19.16555942361204
            ],
            [
              81.44285202026367,
              19.16657283832943
            ],
            [
              81.44250869750977,
              19.167505174366852
            ],
            [
              81.44182205200195,
              19.16855911310246
            ],
            [
              81.4405345916748,
              19.16920768743624
            ],
            [
              81.44006252288818,
              19.16920768743624
            ],
            [
              81.44027709960938,
              19.16896447236016
            ],
            [
              81.44032001495361,
              19.16791053621654
            ],
            [
              81.4399766921997,
              19.167829463926353
            ],
            [
              81.43804550170898,
              19.167870000076427
            ],
            [
              81.43744468688965,
              19.16855911310246
            ],
            [
              81.43710136413574,
              19.16920768743624
            ],
            [
              81.43641471862793,
              19.169369830620905
            ],
            [
              81.4358139038086,
              19.169248223247365
            ],
            [
              81.43465518951416,
              19.16989679486941
            ],
            [
              81.4341402053833,
              19.169856259217806
            ],
            [
              81.43336772918701,
              19.170018401764406
            ],
            [
              81.43263816833496,
              19.16997786614271
            ],
            [
              81.43225193023682,
              19.169369830620905
            ],
            [
              81.43160820007324,
              19.16896447236016
            ],
            [
              81.43096446990967,
              19.16884286468753
            ],
            [
              81.4306640625,
              19.169450902153425
            ],
            [
              81.43074989318848,
              19.170140008569664
            ],
            [
              81.43027782440186,
              19.170626434893418
            ],
            [
              81.42993450164795,
              19.17091018291925
            ],
            [
              81.43036365509033,
              19.17151821275807
            ],
            [
              81.43255233764648,
              19.171842494421476
            ],
            [
              81.43285274505615,
              19.172247845603373
            ],
            [
              81.43315315246582,
              19.172855870506655
            ],
            [
              81.43383979797363,
              19.173504427930624
            ],
            [
              81.4346981048584,
              19.17395030967884
            ],
            [
              81.43564224243164,
              19.173990844323395
            ],
            [
              81.43602848052979,
              19.17346389316641
            ],
            [
              81.43620014190674,
              19.172855870506655
            ],
            [
              81.43701553344727,
              19.172369450763508
            ],
            [
              81.4372730255127,
              19.17196409988074
            ],
            [
              81.43735885620117,
              19.17151821275807
            ],
            [
              81.43770217895508,
              19.170950718311637
            ],
            [
              81.43847465515137,
              19.17091018291925
            ],
            [
              81.43860340118408,
              19.17082911210458
            ],
            [
              81.43868923187256,
              19.17151821275807
            ],
            [
              81.43821716308594,
              19.1723289157201
            ],
            [
              81.43701553344727,
              19.174071913582587
            ],
            [
              81.43620014190674,
              19.174842069555535
            ],
            [
              81.43585681915283,
              19.17528794768395
            ],
            [
              81.43611431121826,
              19.175936495534913
            ],
            [
              81.43654346466064,
              19.17630130257917
            ]
          ]
        ]
      }
    },
    {
      "type": "Feature",
      "properties": {
        "v_name": "Kaknar",
        "v_code": "449171",
        "d_name": "Bastar",
        "d_code": "374",
        "b_name": "Lohandiguda",
        "b_code": "3361",
        "gp_name": "Kaknar",
        "gp_code": "122225",
        "s_name": "Chhattisgarh",
        "s_code": "22",
        "impact_data": {
          "v": "KAKNAR",
          "d": "BASTAR",
          "id": "449171",
          "total_population": null,
          "affected_population": null,
          "total_land_ha": 40.008,
          "private_land_ha": null,
          "forest_land_ha": 40.008,
          "revenue_land_ha": null,
          "remarks": null,
          "status": "Land under submergence",
          "left_bank_right_bank": "Right Bank"
        },
        "centroid": [
          19.258694,
          81.57039
        ]
      },
      "geometry": {
        "type": "Polygon",
        "coordinates": [
          [
            [
              81.56593322753906,
              19.27270359684062
            ],
            [
              81.56593322753906,
              19.272691130843093
            ],
            [
              81.5676498413086,
              19.272176962151185
            ],
            [
              81.57082557678223,
              19.271812367913178
            ],
            [
              81.5766191482544,
              19.271285730359512
            ],
            [
              81.57859325408936,
              19.27156930463718
            ],
            [
              81.5821123123169,
              19.282911873292704
            ],
            [
              81.58387184143066,
              19.280764947343705
            ],
            [
              81.58520221710205,
              19.279266133301928
            ],
            [
              81.58601760864258,
              19.27865850208064
            ],
            [
              81.58889293670654,
              19.277645778369667
            ],
            [
              81.59082412719727,
              19.27655202972972
            ],
            [
              81.5914249420166,
              19.27610642633844
            ],
            [
              81.59215450286865,
              19.27594438844111
            ],
            [
              81.59262657165527,
              19.275660821735162
            ],
            [
              81.59339904785156,
              19.275458273787553
            ],
            [
              81.5934419631958,
              19.275377254538398
            ],
            [
              81.59361362457275,
              19.274931647951878
            ],
            [
              81.59112453460693,
              19.271650325769237
            ],
            [
              81.59099578857422,
              19.26626233325198
            ],
            [
              81.59125328063965,
              19.265897725856274
            ],
            [
              81.59138202667236,
              19.26545209349352
            ],
            [
              81.59056663513184,
              19.26391262691945
            ],
            [
              81.59056663513184,
              19.26375057696543
            ],
            [
              81.59026622772217,
              19.26306186287387
            ],
            [
              81.59013748168945,
              19.26229212017136
            ],
            [
              81.58987998962402,
              19.26184647800764
            ],
            [
              81.58992290496826,
              19.2617249390255
            ],
            [
              81.5896224975586,
              19.26148186079094
            ],
            [
              81.5894079208374,
              19.26148186079094
            ],
            [
              81.58936500549316,
              19.260874163627946
            ],
            [
              81.58915042877197,
              19.26071211067077
            ],
            [
              81.58893585205078,
              19.260225950838308
            ],
            [
              81.58863544464111,
              19.259982870381556
            ],
            [
              81.58820629119873,
              19.259415681247805
            ],
            [
              81.58812046051025,
              19.259415681247805
            ],
            [
              81.58790588378906,
              19.258929517571715
            ],
            [
              81.58764839172363,
              19.258645921428396
            ],
            [
              81.58734798431396,
              19.258119241575365
            ],
            [
              81.58730506896973,
              19.257957185895673
            ],
            [
              81.58691883087158,
              19.257389989755673
            ],
            [
              81.58623218536377,
              19.256093534069603
            ],
            [
              81.58571720123291,
              19.255080670934277
            ],
            [
              81.58576011657715,
              19.254999641613246
            ],
            [
              81.58563137054443,
              19.254635009173263
            ],
            [
              81.585373878479,
              19.254351405603984
            ],
            [
              81.58520221710205,
              19.252933380402546
            ],
            [
              81.58507347106934,
              19.252609258635374
            ],
            [
              81.58515930175781,
              19.25248771280758
            ],
            [
              81.58507347106934,
              19.25232565156377
            ],
            [
              81.58550262451172,
              19.251312765162766
            ],
            [
              81.5855884552002,
              19.250664514584244
            ],
            [
              81.5859317779541,
              19.249692133913882
            ],
            [
              81.58601760864258,
              19.249003360785625
            ],
            [
              81.58524513244629,
              19.24790942105095
            ],
            [
              81.58524513244629,
              19.247018057356335
            ],
            [
              81.58554553985596,
              19.24442497180586
            ],
            [
              81.5804386138916,
              19.244262902598543
            ],
            [
              81.57670497894287,
              19.24353358918512
            ],
            [
              81.57365798950195,
              19.24171029147357
            ],
            [
              81.57254219055176,
              19.238671416948478
            ],
            [
              81.57116889953613,
              19.239157640652742
            ],
            [
              81.56983852386475,
              19.23940075196486
            ],
            [
              81.56928062438965,
              19.23960334444994
            ],
            [
              81.56842231750488,
              19.239805936685013
            ],
            [
              81.56713485717773,
              19.239927491906045
            ],
            [
              81.56679153442383,
              19.24033267532611
            ],
            [
              81.56640529632568,
              19.24017060207809
            ],
            [
              81.56593322753906,
              19.24033267532611
            ],
            [
              81.56477451324463,
              19.240575784898105
            ],
            [
              81.56271457672119,
              19.241345629500852
            ],
            [
              81.5625,
              19.241345629500852
            ],
            [
              81.56185626983643,
              19.24166977351661
            ],
            [
              81.5610408782959,
              19.241953399005318
            ],
            [
              81.56065464019775,
              19.241993916892273
            ],
            [
              81.55769348144531,
              19.24353358918512
            ],
            [
              81.55709266662598,
              19.24389824629693
            ],
            [
              81.55623435974121,
              19.244789626937163
            ],
            [
              81.55524730682373,
              19.244546523606317
            ],
            [
              81.55507564544678,
              19.24462755808994
            ],
            [
              81.54979705810547,
              19.249489553882185
            ],
            [
              81.54953956604004,
              19.24993522962175
            ],
            [
              81.54829502105713,
              19.251353280738876
            ],
            [
              81.54752254486084,
              19.25264977389129
            ],
            [
              81.54679298400879,
              19.25358162201565
            ],
            [
              81.54580593109131,
              19.255769418546812
            ],
            [
              81.54572010040283,
              19.256377134626632
            ],
            [
              81.5480375289917,
              19.261036216424962
            ],
            [
              81.54902458190918,
              19.262535197204677
            ],
            [
              81.55189990997314,
              19.265654653808586
            ],
            [
              81.55250072479248,
              19.266100285620677
            ],
            [
              81.55314445495605,
              19.266181309456353
            ],
            [
              81.55434608459473,
              19.26650540439857
            ],
            [
              81.55567646026611,
              19.267275127318147
            ],
            [
              81.55713558197021,
              19.267761266247103
            ],
            [
              81.55777931213379,
              19.268287915126372
            ],
            [
              81.55953884124756,
              19.27092113413863
            ],
            [
              81.56061172485352,
              19.272136451720353
            ],
            [
              81.56172752380371,
              19.27331125014834
            ],
            [
              81.5625,
              19.27339227041911
            ],
            [
              81.56318664550781,
              19.27351380075015
            ],
            [
              81.56593322753906,
              19.27270359684062
            ]
          ]
        ]
      }
    },
    {
      "type": "Feature",
      "properties": {
        "v_name": "Khadpadi",
        "v_code": "448736",
        "d_name": "Kondagaon",
        "d_code": "643",
        "b_name": "Kondagaon",
        "b_code": "3357",
        "gp_name": "Khadpadi",
        "gp_code": "122166",
        "s_name": "Chhattisgarh",
        "s_code": "22",
        "impact_data": {
          "v": "KHADPADI",
          "d": "KONDAGAON",
          "total_population": 392,
          "affected_population": null,
          "total_land_ha": 33.92,
          "private_land_ha": null,
          "forest_land_ha": 33.92,
          "revenue_land_ha": null,
          "remarks": "Population not affected",
          "status": "Land under submergence",
          "left_bank_right_bank": "Right Bank"
        },
        "centroid": [
          19.273089,
          81.623661
        ]
      },
      "geometry": {
        "type": "Polygon",
        "coordinates": [
          [
            [
              81.62670135498047,
              19.289798049610315
            ],
            [
              81.62858963012695,
              19.289474000748147
            ],
            [
              81.63365364074707,
              19.285868913896675
            ],
            [
              81.63532733917236,
              19.28453217612741
            ],
            [
              81.63687229156494,
              19.283438473472472
            ],
            [
              81.63854598999023,
              19.282466287202627
            ],
            [
              81.63970470428467,
              19.281575111385465
            ],
            [
              81.64094924926758,
              19.280278846995067
            ],
            [
              81.64305210113525,
              19.27728119630107
            ],
            [
              81.6445541381836,
              19.276673557716993
            ],
            [
              81.64502620697021,
              19.276430501652303
            ],
            [
              81.64528369903564,
              19.276065916879134
            ],
            [
              81.64558410644531,
              19.274648079493083
            ],
            [
              81.64639949798584,
              19.27193389941598
            ],
            [
              81.64609909057617,
              19.271326241000658
            ],
            [
              81.64652824401855,
              19.27084011264605
            ],
            [
              81.64330959320068,
              19.26889558480738
            ],
            [
              81.64013385772705,
              19.26642438072309
            ],
            [
              81.6382884979248,
              19.265492605576558
            ],
            [
              81.6364860534668,
              19.263264426142307
            ],
            [
              81.63485527038574,
              19.262008529843687
            ],
            [
              81.63296699523926,
              19.260995703240727
            ],
            [
              81.62670135498047,
              19.253824711960124
            ],
            [
              81.61914825439453,
              19.256255591590808
            ],
            [
              81.61850452423096,
              19.25617456285022
            ],
            [
              81.61700248718262,
              19.257754616070862
            ],
            [
              81.61545753479004,
              19.25953722194162
            ],
            [
              81.61421298980713,
              19.26050954424908
            ],
            [
              81.61099433898926,
              19.261279295320193
            ],
            [
              81.61035060882568,
              19.26237314588917
            ],
            [
              81.6093635559082,
              19.263426476576857
            ],
            [
              81.6049861907959,
              19.266910522175223
            ],
            [
              81.60404205322266,
              19.267477685380435
            ],
            [
              81.60249710083008,
              19.268166380919812
            ],
            [
              81.6012954711914,
              19.268530983269134
            ],
            [
              81.60078048706055,
              19.26849047193704
            ],
            [
              81.60172462463379,
              19.27059704792797
            ],
            [
              81.60318374633789,
              19.272663086539985
            ],
            [
              81.60369873046875,
              19.27318971966707
            ],
            [
              81.60404205322266,
              19.273351760288733
            ],
            [
              81.6049861907959,
              19.274161960993332
            ],
            [
              81.60515785217285,
              19.274729099102817
            ],
            [
              81.60726070404053,
              19.279347150627796
            ],
            [
              81.60906314849854,
              19.28031935541256
            ],
            [
              81.60944938659668,
              19.282020699900205
            ],
            [
              81.60927772521973,
              19.28331695050436
            ],
            [
              81.60966396331787,
              19.284127101921733
            ],
            [
              81.6108226776123,
              19.284775220169845
            ],
            [
              81.61112308502197,
              19.28692209354407
            ],
            [
              81.61099433898926,
              19.28854235669643
            ],
            [
              81.61185264587402,
              19.289068938768406
            ],
            [
              81.6119384765625,
              19.289798049610315
            ],
            [
              81.61314010620117,
              19.28923096368057
            ],
            [
              81.61511421203613,
              19.28923096368057
            ],
            [
              81.61983489990234,
              19.289474000748147
            ],
            [
              81.62271022796631,
              19.289474000748147
            ],
            [
              81.62468433380127,
              19.28931197607652
            ],
            [
              81.62670135498047,
              19.289798049610315
            ]
          ]
        ]
      }
    },
    {
      "type": "Feature",
      "properties": {
        "v_name": "Kodenar",
        "v_code": "449168",
        "d_name": "Bastar",
        "d_code": "374",
        "b_name": "Lohandiguda",
        "b_code": "3361",
        "gp_name": "Chandela",
        "gp_code": "122213",
        "s_name": "Chhattisgarh",
        "s_code": "22",
        "impact_data": {
          "v": "KODENAR",
          "d": "BASTAR",
          "id": "449168",
          "total_population": 119,
          "affected_population": 119,
          "total_land_ha": 360.022,
          "private_land_ha": 48.264,
          "forest_land_ha": 165.125,
          "revenue_land_ha": 146.633,
          "remarks": "To be displaced fully",
          "status": "Land under submergence",
          "left_bank_right_bank": "Right Bank"
        },
        "centroid": [
          19.213887,
          81.515325
        ]
      },
      "geometry": {
        "type": "Polygon",
        "coordinates": [
          [
            [
              81.5185546875,
              19.22740683142428
            ],
            [
              81.51928424835205,
              19.227204223892464
            ],
            [
              81.51997089385986,
              19.226920572928137
            ],
            [
              81.52065753936768,
              19.226799008079208
            ],
            [
              81.5211296081543,
              19.226555878111498
            ],
            [
              81.52190208435059,
              19.226839529705515
            ],
            [
              81.52301788330078,
              19.226434312992712
            ],
            [
              81.5229320526123,
              19.224002991727513
            ],
            [
              81.52276039123535,
              19.222868362824617
            ],
            [
              81.52276039123535,
              19.222057908811504
            ],
            [
              81.52250289916992,
              19.219950709671163
            ],
            [
              81.52220249176025,
              19.218613434664434
            ],
            [
              81.52198791503906,
              19.217235624792533
            ],
            [
              81.5229320526123,
              19.21670881208343
            ],
            [
              81.52271747589111,
              19.21561465721584
            ],
            [
              81.52537822723389,
              19.213588425267588
            ],
            [
              81.5243911743164,
              19.21188637113198
            ],
            [
              81.52366161346436,
              19.21107586296977
            ],
            [
              81.52263164520264,
              19.20969798992509
            ],
            [
              81.52108669281006,
              19.207955369246275
            ],
            [
              81.51975631713867,
              19.206577470055553
            ],
            [
              81.51868343353271,
              19.205523774649972
            ],
            [
              81.51748180389404,
              19.204591653856614
            ],
            [
              81.5161943435669,
              19.203092144105593
            ],
            [
              81.51422023773193,
              19.201633148525495
            ],
            [
              81.51314735412598,
              19.20138998133749
            ],
            [
              81.51224613189697,
              19.201268397608708
            ],
            [
              81.51108741760254,
              19.20122786967914
            ],
            [
              81.50872707366943,
              19.20130892552828
            ],
            [
              81.50782585144043,
              19.201268397608708
            ],
            [
              81.50683879852295,
              19.201430509227116
            ],
            [
              81.50507926940918,
              19.202362647932983
            ],
            [
              81.50383472442627,
              19.204064800636868
            ],
            [
              81.50327682495117,
              19.204591653856614
            ],
            [
              81.50434970855713,
              19.20475376220012
            ],
            [
              81.5055513381958,
              19.205118505388867
            ],
            [
              81.50602340698242,
              19.20532114014424
            ],
            [
              81.50662422180176,
              19.20572640890607
            ],
            [
              81.50752544403076,
              19.206982735721773
            ],
            [
              81.50808334350586,
              19.208360631517102
            ],
            [
              81.50851249694824,
              19.209779041600264
            ],
            [
              81.50885581970215,
              19.211319015837937
            ],
            [
              81.50911331176758,
              19.213750524742476
            ],
            [
              81.5101432800293,
              19.214601544363454
            ],
            [
              81.51044368743896,
              19.216263046164663
            ],
            [
              81.5104866027832,
              19.216789860302416
            ],
            [
              81.51040077209473,
              19.21703300471961
            ],
            [
              81.5104866027832,
              19.21707352875418
            ],
            [
              81.51035785675049,
              19.217681388073775
            ],
            [
              81.51010036468506,
              19.217721911948484
            ],
            [
              81.50997161865234,
              19.21792453117219
            ],
            [
              81.51005744934082,
              19.218208197665742
            ],
            [
              81.5101432800293,
              19.218208197665742
            ],
            [
              81.51022911071777,
              19.218329768870262
            ],
            [
              81.51010036468506,
              19.218410816289982
            ],
            [
              81.50988578796387,
              19.220112802871984
            ],
            [
              81.50975704193115,
              19.222544181699035
            ],
            [
              81.50975704193115,
              19.222949408006084
            ],
            [
              81.5099287033081,
              19.223395155789607
            ],
            [
              81.50997161865234,
              19.224489258858856
            ],
            [
              81.51040077209473,
              19.225664398484845
            ],
            [
              81.51233196258545,
              19.224853958262948
            ],
            [
              81.51344776153564,
              19.22501604662714
            ],
            [
              81.51533603668213,
              19.2258264860495
            ],
            [
              81.51610851287842,
              19.22635326953021
            ],
            [
              81.51675224304199,
              19.22659639979777
            ],
            [
              81.51670932769775,
              19.226677443140332
            ],
            [
              81.51692390441895,
              19.22663692147405
            ],
            [
              81.51761054992676,
              19.226880051321817
            ],
            [
              81.5179967880249,
              19.227204223892464
            ],
            [
              81.5185546875,
              19.22740683142428
            ]
          ]
        ]
      }
    },
    {
      "type": "Feature",
      "properties": {
        "v_name": "Korali",
        "v_code": "449175",
        "d_name": "Bastar",
        "d_code": "374",
        "b_name": "Lohandiguda",
        "b_code": "3361",
        "gp_name": "Bheja",
        "gp_code": "122211",
        "s_name": "Chhattisgarh",
        "s_code": "22",
        "impact_data": {
          "v": "KORALI",
          "d": "BASTAR",
          "total_population": 112,
          "affected_population": 112,
          "total_land_ha": 297.392,
          "private_land_ha": 84.703,
          "forest_land_ha": 128.987,
          "revenue_land_ha": 83.702,
          "remarks": "To be displaced fully",
          "status": "Land under submergence",
          "left_bank_right_bank": "Left Bank"
        },
        "centroid": [
          19.220586,
          81.602878
        ]
      },
      "geometry": {
        "type": "Polygon",
        "coordinates": [
          [
            [
              81.59533023834229,
              19.244141350588027
            ],
            [
              81.5978193283081,
              19.242439612988644
            ],
            [
              81.59910678863525,
              19.24118355725294
            ],
            [
              81.60043716430664,
              19.238914528980615
            ],
            [
              81.60056591033936,
              19.238509342060382
            ],
            [
              81.60073757171631,
              19.23741533238078
            ],
            [
              81.60090923309326,
              19.235227291152817
            ],
            [
              81.60116672515869,
              19.233484941174567
            ],
            [
              81.60133838653564,
              19.232998700671978
            ],
            [
              81.6024112701416,
              19.230891641858406
            ],
            [
              81.60309791564941,
              19.229716539624906
            ],
            [
              81.60434246063232,
              19.227933609837557
            ],
            [
              81.60524368286133,
              19.227163702356123
            ],
            [
              81.60708904266357,
              19.225299700879706
            ],
            [
              81.60889148712158,
              19.22367881284045
            ],
            [
              81.61005020141602,
              19.222179477168293
            ],
            [
              81.61030769348145,
              19.222057908811504
            ],
            [
              81.61056518554688,
              19.22169320320153
            ],
            [
              81.61168098449707,
              19.220801697191888
            ],
            [
              81.6128396987915,
              19.218653958309353
            ],
            [
              81.61386966705322,
              19.216465667186686
            ],
            [
              81.6145133972168,
              19.214155772730454
            ],
            [
              81.61502838134766,
              19.212494249631696
            ],
            [
              81.61511421203613,
              19.211926896435212
            ],
            [
              81.61528587341309,
              19.20961693820997
            ],
            [
              81.61524295806885,
              19.207306947535738
            ],
            [
              81.61528587341309,
              19.20560482838237
            ],
            [
              81.6157579421997,
              19.20361900044061
            ],
            [
              81.61352634429932,
              19.202727396423658
            ],
            [
              81.61365509033203,
              19.20228159260301
            ],
            [
              81.61258220672607,
              19.20183578757428
            ],
            [
              81.61095142364502,
              19.201430509227116
            ],
            [
              81.6104793548584,
              19.20082258983442
            ],
            [
              81.61009311676025,
              19.20078206179504
            ],
            [
              81.60970687866211,
              19.20086311786382
            ],
            [
              81.6095781326294,
              19.200457837120577
            ],
            [
              81.60863399505615,
              19.199930970661864
            ],
            [
              81.60648822784424,
              19.199160932033493
            ],
            [
              81.605544090271,
              19.198553004254958
            ],
            [
              81.60348415374756,
              19.19758031513751
            ],
            [
              81.6018533706665,
              19.196648149337967
            ],
            [
              81.60052299499512,
              19.19632391651778
            ],
            [
              81.60065174102783,
              19.19709396842264
            ],
            [
              81.60176753997803,
              19.19798560296854
            ],
            [
              81.60434246063232,
              19.201430509227116
            ],
            [
              81.60631656646729,
              19.202930034124577
            ],
            [
              81.60670280456543,
              19.20329478135722
            ],
            [
              81.60665988922119,
              19.203375836187973
            ],
            [
              81.60618782043457,
              19.204591653856614
            ],
            [
              81.60447120666504,
              19.206293783495035
            ],
            [
              81.60378456115723,
              19.207144841708644
            ],
            [
              81.60284042358398,
              19.20811747427445
            ],
            [
              81.60198211669922,
              19.20921167903511
            ],
            [
              81.6009521484375,
              19.211602693729667
            ],
            [
              81.60009384155273,
              19.213183175881127
            ],
            [
              81.59850597381592,
              19.215776754692808
            ],
            [
              81.59807682037354,
              19.216668287958946
            ],
            [
              81.59683227539062,
              19.218572911009527
            ],
            [
              81.59528732299805,
              19.222827840218894
            ],
            [
              81.59575939178467,
              19.224489258858856
            ],
            [
              81.59575939178467,
              19.22525917887361
            ],
            [
              81.59537315368652,
              19.226272226027735
            ],
            [
              81.59533023834229,
              19.226799008079208
            ],
            [
              81.59477233886719,
              19.228095695163333
            ],
            [
              81.59305572509766,
              19.22947341397526
            ],
            [
              81.5925407409668,
              19.230081227424634
            ],
            [
              81.59168243408203,
              19.230851121231684
            ],
            [
              81.59056663513184,
              19.231985695001047
            ],
            [
              81.58833503723145,
              19.23320130105635
            ],
            [
              81.58640384674072,
              19.233849620606712
            ],
            [
              81.58734798431396,
              19.234173779422086
            ],
            [
              81.58764839172363,
              19.235105732451906
            ],
            [
              81.58782005310059,
              19.235956641468494
            ],
            [
              81.58824920654297,
              19.237010141760614
            ],
            [
              81.58824920654297,
              19.237982597569076
            ],
            [
              81.59185409545898,
              19.24008956539408
            ],
            [
              81.59245491027832,
              19.240616303125105
            ],
            [
              81.59305572509766,
              19.240980966718023
            ],
            [
              81.59515857696533,
              19.242115470493122
            ],
            [
              81.59537315368652,
              19.242480130755574
            ],
            [
              81.595458984375,
              19.242520648512507
            ],
            [
              81.59533023834229,
              19.244141350588027
            ]
          ]
        ]
      }
    },
    {
      "type": "Feature",
      "properties": {
        "v_name": "Koyam",
        "v_code": "451291",
        "d_name": "Bijapur",
        "d_code": "636",
        "b_name": "Bhairamgarh",
        "b_code": "3379",
        "gp_name": "Manganar",
        "gp_code": "123345",
        "s_name": "Chhattisgarh",
        "s_code": "22",
        "impact_data": {
          "v": "KOYAM",
          "d": "BIJAPUR",
          "total_population": 65,
          "affected_population": 65,
          "total_land_ha": 214.438,
          "private_land_ha": 44.632,
          "forest_land_ha": 117.336,
          "revenue_land_ha": 52.47,
          "remarks": "To be displaced fully",
          "status": "Land under submergence",
          "left_bank_right_bank": "Left Bank"
        },
        "centroid": [
          19.186175,
          81.426737
        ]
      },
      "geometry": {
        "type": "Polygon",
        "coordinates": [
          [
            [
              81.41491413116455,
              19.194905390418473
            ],
            [
              81.41560077667236,
              19.194864860921694
            ],
            [
              81.41860485076904,
              19.194216387615775
            ],
            [
              81.42130851745605,
              19.193365262524306
            ],
            [
              81.42392635345459,
              19.192392542744745
            ],
            [
              81.4248275756836,
              19.19218989206712
            ],
            [
              81.42542839050293,
              19.19218989206712
            ],
            [
              81.42680168151855,
              19.191825120218688
            ],
            [
              81.4310073852539,
              19.191014513217
            ],
            [
              81.43409729003906,
              19.190609208219268
            ],
            [
              81.43654346466064,
              19.190528147099975
            ],
            [
              81.43838882446289,
              19.18983912597437
            ],
            [
              81.43886089324951,
              19.189433818082772
            ],
            [
              81.44032001495361,
              19.187812576538054
            ],
            [
              81.43993377685547,
              19.18760992022244
            ],
            [
              81.43954753875732,
              19.18752885762635
            ],
            [
              81.43911838531494,
              19.187569388929386
            ],
            [
              81.4378309249878,
              19.18793417020769
            ],
            [
              81.43697261810303,
              19.188380012894722
            ],
            [
              81.4361572265625,
              19.18611025573437
            ],
            [
              81.43667221069336,
              19.185340152446166
            ],
            [
              81.43757343292236,
              19.184529513515045
            ],
            [
              81.43813133239746,
              19.184326853158733
            ],
            [
              81.4387321472168,
              19.183799935065114
            ],
            [
              81.43881797790527,
              19.182989288552093
            ],
            [
              81.43916130065918,
              19.18250289872894
            ],
            [
              81.43954753875732,
              19.18221917066873
            ],
            [
              81.43984794616699,
              19.18181384402053
            ],
            [
              81.43993377685547,
              19.181570647552807
            ],
            [
              81.4399766921997,
              19.17982772902561
            ],
            [
              81.43989086151123,
              19.179422396492335
            ],
            [
              81.4399766921997,
              19.178409060795506
            ],
            [
              81.43989086151123,
              19.17776052267816
            ],
            [
              81.43834590911865,
              19.17727411741462
            ],
            [
              81.43491268157959,
              19.176625574829252
            ],
            [
              81.43409729003906,
              19.1770309142443
            ],
            [
              81.43285274505615,
              19.176990380347675
            ],
            [
              81.43190860748291,
              19.177598387749885
            ],
            [
              81.42946243286133,
              19.178287460092985
            ],
            [
              81.42710208892822,
              19.17974666259875
            ],
            [
              81.42577171325684,
              19.180638391099873
            ],
            [
              81.4234972000122,
              19.181205852177897
            ],
            [
              81.42251014709473,
              19.181773311300848
            ],
            [
              81.42105102539062,
              19.18282715877065
            ],
            [
              81.41839027404785,
              19.183840467286018
            ],
            [
              81.41637325286865,
              19.184934833479428
            ],
            [
              81.41542911529541,
              19.18606972407215
            ],
            [
              81.41405582427979,
              19.18675876097297
            ],
            [
              81.4127254486084,
              19.189271694646738
            ],
            [
              81.41268253326416,
              19.19028496350259
            ],
            [
              81.41246795654297,
              19.191703529422906
            ],
            [
              81.41156673431396,
              19.192797843351492
            ],
            [
              81.41092300415039,
              19.19409479858647
            ],
            [
              81.41225337982178,
              19.194581154164748
            ],
            [
              81.41491413116455,
              19.194905390418473
            ]
          ]
        ]
      }
    },
    {
      "type": "Feature",
      "properties": {
        "v_name": "Kudhur",
        "v_code": "448730",
        "d_name": "Kondagaon",
        "d_code": "643",
        "b_name": "Kondagaon",
        "b_code": "3357",
        "gp_name": "Kudhur",
        "gp_code": "122171",
        "s_name": "Chhattisgarh",
        "s_code": "22",
        "impact_data": {
          "v": "KUDHUR",
          "d": "KONDAGAON",
          "total_population": 888,
          "affected_population": 888,
          "total_land_ha": 1028.385,
          "private_land_ha": 587.041,
          "forest_land_ha": 287.89,
          "revenue_land_ha": 153.454,
          "remarks": "To be displaced fully",
          "status": "Land under submergence",
          "left_bank_right_bank": "Right Bank"
        },
        "centroid": [
          19.249155,
          81.519404
        ]
      },
      "geometry": {
        "type": "Polygon",
        "coordinates": [
          [
            [
              81.52353286743164,
              19.28631449072808
            ],
            [
              81.52619361877441,
              19.284734712854494
            ],
            [
              81.52679443359375,
              19.28400557946463
            ],
            [
              81.52748107910156,
              19.28331695050436
            ],
            [
              81.52829647064209,
              19.28287136551643
            ],
            [
              81.52881145477295,
              19.28254730294554
            ],
            [
              81.5291976928711,
              19.282142223830185
            ],
            [
              81.52979850769043,
              19.281251046249665
            ],
            [
              81.53005599975586,
              19.28011681322493
            ],
            [
              81.5306568145752,
              19.27821290441916
            ],
            [
              81.53117179870605,
              19.277605269291005
            ],
            [
              81.53138637542725,
              19.276511520380602
            ],
            [
              81.53147220611572,
              19.275701331294627
            ],
            [
              81.5315580368042,
              19.275498783397108
            ],
            [
              81.53203010559082,
              19.274931647951878
            ],
            [
              81.5324592590332,
              19.274161960993332
            ],
            [
              81.53314590454102,
              19.273270739997937
            ],
            [
              81.53404712677002,
              19.27242002452585
            ],
            [
              81.53507709503174,
              19.271812367913178
            ],
            [
              81.53627872467041,
              19.271650325769237
            ],
            [
              81.53657913208008,
              19.271690836320246
            ],
            [
              81.53743743896484,
              19.270718580332073
            ],
            [
              81.53855323791504,
              19.269786829597393
            ],
            [
              81.53949737548828,
              19.26849047193704
            ],
            [
              81.54039859771729,
              19.26849047193704
            ],
            [
              81.541428565979,
              19.266181309456353
            ],
            [
              81.54202938079834,
              19.264601337437014
            ],
            [
              81.54237270355225,
              19.263385963983236
            ],
            [
              81.54245853424072,
              19.26257571000852
            ],
            [
              81.54271602630615,
              19.26208955570165
            ],
            [
              81.5431022644043,
              19.261805965023605
            ],
            [
              81.54644966125488,
              19.257795130055847
            ],
            [
              81.54576301574707,
              19.256417648951892
            ],
            [
              81.54580593109131,
              19.255445302383535
            ],
            [
              81.54533386230469,
              19.254432435245242
            ],
            [
              81.54507637023926,
              19.253054925900127
            ],
            [
              81.54503345489502,
              19.25115070275827
            ],
            [
              81.54507637023926,
              19.25058348308183
            ],
            [
              81.54533386230469,
              19.249692133913882
            ],
            [
              81.54550552368164,
              19.247544772852024
            ],
            [
              81.54554843902588,
              19.246167205676578
            ],
            [
              81.54550552368164,
              19.245802553606204
            ],
            [
              81.54481887817383,
              19.24474910974036
            ],
            [
              81.54469013214111,
              19.244465489082682
            ],
            [
              81.54464721679688,
              19.24397928110064
            ],
            [
              81.5440034866333,
              19.24280427253096
            ],
            [
              81.54327392578125,
              19.240373193613113
            ],
            [
              81.5428876876831,
              19.239522307485906
            ],
            [
              81.54245853424072,
              19.239198159229765
            ],
            [
              81.54228687286377,
              19.238833491676573
            ],
            [
              81.54168605804443,
              19.23834726701229
            ],
            [
              81.54082775115967,
              19.236848065232564
            ],
            [
              81.5388536453247,
              19.23222881693192
            ],
            [
              81.54061317443848,
              19.229635497781675
            ],
            [
              81.54031276702881,
              19.22890611939329
            ],
            [
              81.53911113739014,
              19.227487874367043
            ],
            [
              81.5388536453247,
              19.226474834708966
            ],
            [
              81.53932571411133,
              19.22525917887361
            ],
            [
              81.53979778289795,
              19.22457030324084
            ],
            [
              81.53945446014404,
              19.22311149824909
            ],
            [
              81.53881072998047,
              19.22311149824909
            ],
            [
              81.53876781463623,
              19.22323306582641
            ],
            [
              81.53799533843994,
              19.223314110828
            ],
            [
              81.53709411621094,
              19.223557245592907
            ],
            [
              81.53675079345703,
              19.223719335236307
            ],
            [
              81.53589248657227,
              19.22380037999805
            ],
            [
              81.53464794158936,
              19.223759857622177
            ],
            [
              81.53417587280273,
              19.22380037999805
            ],
            [
              81.53404712677002,
              19.223881424719817
            ],
            [
              81.53344631195068,
              19.22384090236393
            ],
            [
              81.53203010559082,
              19.22408403634934
            ],
            [
              81.5315580368042,
              19.224205603207132
            ],
            [
              81.53005599975586,
              19.22436769221094
            ],
            [
              81.52962684631348,
              19.22465134758284
            ],
            [
              81.52945518493652,
              19.224691869738848
            ],
            [
              81.52945518493652,
              19.224772914020885
            ],
            [
              81.52928352355957,
              19.224813436146913
            ],
            [
              81.52924060821533,
              19.224732391884867
            ],
            [
              81.52894020080566,
              19.224813436146913
            ],
            [
              81.5275239944458,
              19.224853958262948
            ],
            [
              81.52443408966064,
              19.225623876568694
            ],
            [
              81.52413368225098,
              19.22574544228716
            ],
            [
              81.52400493621826,
              19.22594805161804
            ],
            [
              81.52310371398926,
              19.226434312992712
            ],
            [
              81.52198791503906,
              19.226799008079208
            ],
            [
              81.52177333831787,
              19.226799008079208
            ],
            [
              81.5211296081543,
              19.226555878111498
            ],
            [
              81.52065753936768,
              19.226799008079208
            ],
            [
              81.51997089385986,
              19.226920572928137
            ],
            [
              81.51928424835205,
              19.227204223892464
            ],
            [
              81.5185546875,
              19.22740683142428
            ],
            [
              81.5179967880249,
              19.227204223892464
            ],
            [
              81.51761054992676,
              19.226880051321817
            ],
            [
              81.51692390441895,
              19.22663692147405
            ],
            [
              81.51670932769775,
              19.226677443140332
            ],
            [
              81.51675224304199,
              19.22659639979777
            ],
            [
              81.51610851287842,
              19.22635326953021
            ],
            [
              81.51533603668213,
              19.2258264860495
            ],
            [
              81.5141773223877,
              19.225299700879706
            ],
            [
              81.51344776153564,
              19.22501604662714
            ],
            [
              81.51233196258545,
              19.224853958262948
            ],
            [
              81.51040077209473,
              19.225664398484845
            ],
            [
              81.50954246520996,
              19.226110138902847
            ],
            [
              81.50786876678467,
              19.22635326953021
            ],
            [
              81.506667137146,
              19.226920572928137
            ],
            [
              81.50598049163818,
              19.227812045738265
            ],
            [
              81.50572299957275,
              19.22866299254412
            ],
            [
              81.50533676147461,
              19.229149245882606
            ],
            [
              81.50357723236084,
              19.23255297894657
            ],
            [
              81.50224685668945,
              19.234092739778227
            ],
            [
              81.50194644927979,
              19.234660016445364
            ],
            [
              81.50143146514893,
              19.23498417366102
            ],
            [
              81.50001525878906,
              19.234903134417095
            ],
            [
              81.5000581741333,
              19.234578977041465
            ],
            [
              81.49816989898682,
              19.234538457324522
            ],
            [
              81.49752616882324,
              19.234335858589816
            ],
            [
              81.49559497833252,
              19.233647021022165
            ],
            [
              81.49460792541504,
              19.233890140493628
            ],
            [
              81.49340629577637,
              19.234416898113693
            ],
            [
              81.49160385131836,
              19.234903134417095
            ],
            [
              81.49117469787598,
              19.234943654044056
            ],
            [
              81.48988723754883,
              19.234903134417095
            ],
            [
              81.48932933807373,
              19.234943654044056
            ],
            [
              81.4876127243042,
              19.23680754607555
            ],
            [
              81.48714065551758,
              19.237698965219924
            ],
            [
              81.48692607879639,
              19.238549860797413
            ],
            [
              81.48679733276367,
              19.23879297300955
            ],
            [
              81.48662567138672,
              19.239522307485906
            ],
            [
              81.48662567138672,
              19.24017060207809
            ],
            [
              81.48653984069824,
              19.240454230157113
            ],
            [
              81.48636817932129,
              19.24069733954909
            ],
            [
              81.48585319519043,
              19.24118355725294
            ],
            [
              81.49302005767822,
              19.241750809420534
            ],
            [
              81.49233341217041,
              19.242844790207883
            ],
            [
              81.49181842803955,
              19.243047378442427
            ],
            [
              81.49130344390869,
              19.24353358918512
            ],
            [
              81.49091720581055,
              19.24430341991538
            ],
            [
              81.4905309677124,
              19.245802553606204
            ],
            [
              81.48834228515625,
              19.24778787174134
            ],
            [
              81.48658275604248,
              19.24855768251485
            ],
            [
              81.48589611053467,
              19.24827406843953
            ],
            [
              81.48366451263428,
              19.248355101082502
            ],
            [
              81.48117542266846,
              19.250299872508208
            ],
            [
              81.48070335388184,
              19.25139379630498
            ],
            [
              81.47945880889893,
              19.25220410552584
            ],
            [
              81.48083209991455,
              19.253054925900127
            ],
            [
              81.48173332214355,
              19.25402728663867
            ],
            [
              81.48263454437256,
              19.255283244061715
            ],
            [
              81.48276329040527,
              19.255404787818094
            ],
            [
              81.48400783538818,
              19.255850447487557
            ],
            [
              81.485595703125,
              19.256782277428854
            ],
            [
              81.48623943328857,
              19.257308961575536
            ],
            [
              81.4876127243042,
              19.25905105862586
            ],
            [
              81.48920059204102,
              19.258686435193184
            ],
            [
              81.4922046661377,
              19.258889003866987
            ],
            [
              81.49302005767822,
              19.258726948947963
            ],
            [
              81.4940071105957,
              19.258889003866987
            ],
            [
              81.49507999420166,
              19.258645921428396
            ],
            [
              81.4962387084961,
              19.258645921428396
            ],
            [
              81.49761199951172,
              19.25840283862949
            ],
            [
              81.49829864501953,
              19.258524380073982
            ],
            [
              81.49919986724854,
              19.258564893868797
            ],
            [
              81.50048732757568,
              19.258524380073982
            ],
            [
              81.50143146514893,
              19.255161700215275
            ],
            [
              81.50349140167236,
              19.253460076908326
            ],
            [
              81.50559425354004,
              19.25208255939787
            ],
            [
              81.50615215301514,
              19.252447197511636
            ],
            [
              81.5064525604248,
              19.252244620881825
            ],
            [
              81.5086841583252,
              19.251474827407172
            ],
            [
              81.50997161865234,
              19.250745546046634
            ],
            [
              81.51185989379883,
              19.24981368181284
            ],
            [
              81.51293277740479,
              19.248355101082502
            ],
            [
              81.51516437530518,
              19.249975745538045
            ],
            [
              81.5161943435669,
              19.25086709316518
            ],
            [
              81.51692390441895,
              19.251839466871747
            ],
            [
              81.51748180389404,
              19.25341956185253
            ],
            [
              81.51761054992676,
              19.253379046786737
            ],
            [
              81.51778221130371,
              19.25358162201565
            ],
            [
              81.51782512664795,
              19.253824711960124
            ],
            [
              81.51778221130371,
              19.253905741861562
            ],
            [
              81.5182113647461,
              19.254675523928842
            ],
            [
              81.51988506317139,
              19.25722793335537
            ],
            [
              81.52035713195801,
              19.25828129709492
            ],
            [
              81.51941299438477,
              19.26034749093155
            ],
            [
              81.51902675628662,
              19.260955190046474
            ],
            [
              81.51786804199219,
              19.262454171566947
            ],
            [
              81.51520729064941,
              19.265371069297412
            ],
            [
              81.51327610015869,
              19.267356150573097
            ],
            [
              81.51224613189697,
              19.268166380919812
            ],
            [
              81.5110445022583,
              19.26921967438269
            ],
            [
              81.50937080383301,
              19.270313471967903
            ],
            [
              81.50799751281738,
              19.271366751631778
            ],
            [
              81.50954246520996,
              19.27242002452585
            ],
            [
              81.51078701019287,
              19.27371635110157
            ],
            [
              81.51207447052002,
              19.274202470923395
            ],
            [
              81.51482105255127,
              19.275782350383523
            ],
            [
              81.5165376663208,
              19.277038141137893
            ],
            [
              81.51756763458252,
              19.277524251103625
            ],
            [
              81.51803970336914,
              19.276997631908973
            ],
            [
              81.51851177215576,
              19.27679508561411
            ],
            [
              81.51881217956543,
              19.276754576325093
            ],
            [
              81.519455909729,
              19.276471011021457
            ],
            [
              81.5209150314331,
              19.276389992273128
            ],
            [
              81.52143001556396,
              19.276511520380602
            ],
            [
              81.52164459228516,
              19.277483741994907
            ],
            [
              81.52160167694092,
              19.27809137757384
            ],
            [
              81.5216875076294,
              19.27829392226595
            ],
            [
              81.52271747589111,
              19.279590202364965
            ],
            [
              81.52276039123535,
              19.28031935541256
            ],
            [
              81.52391910552979,
              19.282506795079097
            ],
            [
              81.52409076690674,
              19.28303339656141
            ],
            [
              81.52417659759521,
              19.283438473472472
            ],
            [
              81.52413368225098,
              19.28388405691736
            ],
            [
              81.52396202087402,
              19.284491668751933
            ],
            [
              81.52357578277588,
              19.285018263851548
            ],
            [
              81.52353286743164,
              19.28631449072808
            ]
          ]
        ]
      }
    },
    {
      "type": "Feature",
      "properties": {
        "v_name": "Karekot",
        "v_code": "449181",
        "d_name": "Bastar",
        "d_code": "374",
        "b_name": "Lohandiguda",
        "b_code": "3361",
        "gp_name": "Karekot",
        "gp_code": "122226",
        "s_name": "Chhattisgarh",
        "s_code": "22",
        "impact_data": {
          "v": "KAREKOT",
          "d": "BASTAR",
          "total_population": 461,
          "affected_population": 461,
          "total_land_ha": 598.297,
          "private_land_ha": 346.468,
          "forest_land_ha": 152.947,
          "revenue_land_ha": 98.882,
          "remarks": "To be displaced fully",
          "status": "Land under submergence",
          "left_bank_right_bank": "Left Bank"
        },
        "centroid": [
          19.196273,
          81.542023
        ]
      },
      "geometry": {
        "type": "Polygon",
        "coordinates": [
          [
            [
              81.53808116912842,
              19.2232735883322
            ],
            [
              81.53876781463623,
              19.22323306582641
            ],
            [
              81.53881072998047,
              19.22311149824909
            ],
            [
              81.54069900512695,
              19.22311149824909
            ],
            [
              81.54245853424072,
              19.22278731760318
            ],
            [
              81.54370307922363,
              19.222219999933902
            ],
            [
              81.54507637023926,
              19.22145006567854
            ],
            [
              81.54550552368164,
              19.221085358719563
            ],
            [
              81.54559135437012,
              19.22120692779582
            ],
            [
              81.54580593109131,
              19.221125881754972
            ],
            [
              81.54563426971436,
              19.22096378955337
            ],
            [
              81.54593467712402,
              19.220761174076536
            ],
            [
              81.54606342315674,
              19.220923266477985
            ],
            [
              81.54653549194336,
              19.220518035174596
            ],
            [
              81.54709339141846,
              19.2198696630108
            ],
            [
              81.54730796813965,
              19.21934285874425
            ],
            [
              81.5474796295166,
              19.21873500556921
            ],
            [
              81.54743671417236,
              19.218532387344624
            ],
            [
              81.5476942062378,
              19.217519292475014
            ],
            [
              81.54790878295898,
              19.217154576793337
            ],
            [
              81.54795169830322,
              19.216789860302416
            ],
            [
              81.54765129089355,
              19.216425143002265
            ],
            [
              81.54760837554932,
              19.21601990060856
            ],
            [
              81.54790878295898,
              19.21581727903708
            ],
            [
              81.54833793640137,
              19.215290461782388
            ],
            [
              81.54906749725342,
              19.214642068997428
            ],
            [
              81.5494966506958,
              19.21407472321277
            ],
            [
              81.55001163482666,
              19.213750524742476
            ],
            [
              81.55220031738281,
              19.21366947502501
            ],
            [
              81.55292987823486,
              19.213426325632874
            ],
            [
              81.55344486236572,
              19.213223700864724
            ],
            [
              81.55340194702148,
              19.21127849038488
            ],
            [
              81.55258655548096,
              19.210549030521893
            ],
            [
              81.5529727935791,
              19.20722589464216
            ],
            [
              81.55305862426758,
              19.206780103013486
            ],
            [
              81.5526294708252,
              19.206780103013486
            ],
            [
              81.5520715713501,
              19.206617996667113
            ],
            [
              81.55147075653076,
              19.20532114014424
            ],
            [
              81.55099868774414,
              19.20519955932097
            ],
            [
              81.55031204223633,
              19.205240086272045
            ],
            [
              81.55009746551514,
              19.205118505388867
            ],
            [
              81.54975414276123,
              19.204307963871052
            ],
            [
              81.54966831207275,
              19.203943218884984
            ],
            [
              81.54979705810547,
              19.202484230853067
            ],
            [
              81.54971122741699,
              19.202241064923044
            ],
            [
              81.55026912689209,
              19.200336252702932
            ],
            [
              81.55031204223633,
              19.199323045728427
            ],
            [
              81.55065536499023,
              19.198796175635902
            ],
            [
              81.55035495758057,
              19.19685079452618
            ],
            [
              81.55052661895752,
              19.196688678395574
            ],
            [
              81.55091285705566,
              19.196688678395574
            ],
            [
              81.55086994171143,
              19.19628338737034
            ],
            [
              81.5511703491211,
              19.196202329045516
            ],
            [
              81.5511703491211,
              19.196080741483414
            ],
            [
              81.55125617980957,
              19.19604021227608
            ],
            [
              81.55164241790771,
              19.19595915383148
            ],
            [
              81.55198574066162,
              19.195837566089715
            ],
            [
              81.55301570892334,
              19.195756507545298
            ],
            [
              81.55335903167725,
              19.19559439033669
            ],
            [
              81.5538740158081,
              19.194945919905276
            ],
            [
              81.55413150787354,
              19.194945919905276
            ],
            [
              81.55400276184082,
              19.194459565404916
            ],
            [
              81.55460357666016,
              19.194419035798347
            ],
            [
              81.55447483062744,
              19.194175857949322
            ],
            [
              81.55473232269287,
              19.192473602945935
            ],
            [
              81.55503273010254,
              19.19218989206712
            ],
            [
              81.55481815338135,
              19.191825120218688
            ],
            [
              81.55503273010254,
              19.191784589963405
            ],
            [
              81.55503273010254,
              19.19077133033811
            ],
            [
              81.5549898147583,
              19.189717533711672
            ],
            [
              81.55503273010254,
              19.189636472153303
            ],
            [
              81.55468940734863,
              19.189433818082772
            ],
            [
              81.55456066131592,
              19.189433818082772
            ],
            [
              81.55447483062744,
              19.18951487974092
            ],
            [
              81.5544319152832,
              19.189474348916832
            ],
            [
              81.55430316925049,
              19.189474348916832
            ],
            [
              81.55348777770996,
              19.189150101964927
            ],
            [
              81.5529727935791,
              19.189190632868847
            ],
            [
              81.55288696289062,
              19.18870426136332
            ],
            [
              81.55271530151367,
              19.188623199306043
            ],
            [
              81.55267238616943,
              19.188217888420947
            ],
            [
              81.55245780944824,
              19.187853107771243
            ],
            [
              81.55267238616943,
              19.18688035542086
            ],
            [
              81.55258655548096,
              19.18671822947039
            ],
            [
              81.55271530151367,
              19.18667769795783
            ],
            [
              81.55280113220215,
              19.186231850661162
            ],
            [
              81.55250072479248,
              19.18606972407215
            ],
            [
              81.55189990997314,
              19.185988660717783
            ],
            [
              81.551513671875,
              19.185502279753514
            ],
            [
              81.55147075653076,
              19.18529962059439
            ],
            [
              81.55121326446533,
              19.1850564292742
            ],
            [
              81.55108451843262,
              19.184813237594867
            ],
            [
              81.5509557723999,
              19.18469164162051
            ],
            [
              81.55125617980957,
              19.18436738524995
            ],
            [
              81.55121326446533,
              19.184245788946377
            ],
            [
              81.55134201049805,
              19.184002596069874
            ],
            [
              81.55168533325195,
              19.183880999496946
            ],
            [
              81.5511703491211,
              19.18315141817392
            ],
            [
              81.55065536499023,
              19.183232482924982
            ],
            [
              81.55052661895752,
              19.182867691230975
            ],
            [
              81.54932498931885,
              19.18319195055444
            ],
            [
              81.54898166656494,
              19.182948756121696
            ],
            [
              81.54898166656494,
              19.18258396379922
            ],
            [
              81.54889583587646,
              19.182421833618758
            ],
            [
              81.54850959777832,
              19.182300235878667
            ],
            [
              81.5483808517456,
              19.182421833618758
            ],
            [
              81.54820919036865,
              19.18221917066873
            ],
            [
              81.54799461364746,
              19.182138105418897
            ],
            [
              81.54795169830322,
              19.181854376730243
            ],
            [
              81.54743671417236,
              19.18161118032236
            ],
            [
              81.54700756072998,
              19.18124638503723
            ],
            [
              81.54644966125488,
              19.180719457087857
            ],
            [
              81.54559135437012,
              19.18003039491822
            ],
            [
              81.54533386230469,
              19.179584529625334
            ],
            [
              81.54486179351807,
              19.179260263199744
            ],
            [
              81.5445613861084,
              19.178368527237975
            ],
            [
              81.54477596282959,
              19.178368527237975
            ],
            [
              81.54473304748535,
              19.178125325683332
            ],
            [
              81.54451847076416,
              19.17784159008246
            ],
            [
              81.54430389404297,
              19.17719304973107
            ],
            [
              81.54408931732178,
              19.17727411741462
            ],
            [
              81.5440034866333,
              19.17670664279205
            ],
            [
              81.54370307922363,
              19.176098632098753
            ],
            [
              81.54224395751953,
              19.175733824605732
            ],
            [
              81.54215812683105,
              19.17569329038998
            ],
            [
              81.54211521148682,
              19.175612221928553
            ],
            [
              81.54185771942139,
              19.175531153427237
            ],
            [
              81.54172897338867,
              19.175531153427237
            ],
            [
              81.541428565979,
              19.175936495534913
            ],
            [
              81.54112815856934,
              19.176098632098753
            ],
            [
              81.54104232788086,
              19.176341836645335
            ],
            [
              81.54039859771729,
              19.17670664279205
            ],
            [
              81.53966903686523,
              19.17638237070153
            ],
            [
              81.53936862945557,
              19.17569329038998
            ],
            [
              81.5390682220459,
              19.175977029690834
            ],
            [
              81.53846740722656,
              19.17581489300732
            ],
            [
              81.53812408447266,
              19.175977029690834
            ],
            [
              81.53717994689941,
              19.175936495534913
            ],
            [
              81.5370512008667,
              19.176179700320834
            ],
            [
              81.53696537017822,
              19.176139166214785
            ],
            [
              81.53653621673584,
              19.176585040832897
            ],
            [
              81.53610706329346,
              19.17674717675848
            ],
            [
              81.53572082519531,
              19.17638237070153
            ],
            [
              81.5353775024414,
              19.17682824466144
            ],
            [
              81.53567790985107,
              19.177517320225906
            ],
            [
              81.53567790985107,
              19.17800372477137
            ],
            [
              81.53576374053955,
              19.178084792055984
            ],
            [
              81.53550624847412,
              19.17844959434306
            ],
            [
              81.53512001037598,
              19.17844959434306
            ],
            [
              81.53507709503174,
              19.17861172843356
            ],
            [
              81.53481960296631,
              19.17861172843356
            ],
            [
              81.53464794158936,
              19.17893599613582
            ],
            [
              81.53477668762207,
              19.179179196493607
            ],
            [
              81.5346908569336,
              19.17978719581717
            ],
            [
              81.53396129608154,
              19.180597858090916
            ],
            [
              81.53297424316406,
              19.181205852177897
            ],
            [
              81.5326738357544,
              19.181489581983765
            ],
            [
              81.53237342834473,
              19.18193544211973
            ],
            [
              81.53224468231201,
              19.1823813010487
            ],
            [
              81.53125762939453,
              19.18355674153019
            ],
            [
              81.53082847595215,
              19.183840467286018
            ],
            [
              81.53035640716553,
              19.183799935065114
            ],
            [
              81.52962684631348,
              19.184570045556374
            ],
            [
              81.52941226959229,
              19.184934833479428
            ],
            [
              81.52803897857666,
              19.185948129025633
            ],
            [
              81.52722358703613,
              19.187204606842887
            ],
            [
              81.52688026428223,
              19.18825841955436
            ],
            [
              81.52657985687256,
              19.18870426136332
            ],
            [
              81.52636528015137,
              19.18886638535815
            ],
            [
              81.52769565582275,
              19.189595941359155
            ],
            [
              81.52872562408447,
              19.190609208219268
            ],
            [
              81.52911186218262,
              19.191460347561907
            ],
            [
              81.52936935424805,
              19.192230422222607
            ],
            [
              81.52894020080566,
              19.195797036822498
            ],
            [
              81.52838230133057,
              19.19697238151933
            ],
            [
              81.52799606323242,
              19.19758031513751
            ],
            [
              81.52670860290527,
              19.19822877518801
            ],
            [
              81.5275239944458,
              19.198471947048116
            ],
            [
              81.52756690979004,
              19.198553004254958
            ],
            [
              81.52851104736328,
              19.198390889801345
            ],
            [
              81.53039932250977,
              19.198836704164457
            ],
            [
              81.53490543365479,
              19.200579421448378
            ],
            [
              81.53820991516113,
              19.202727396423658
            ],
            [
              81.53863906860352,
              19.20313267157589
            ],
            [
              81.53893947601318,
              19.20370005511161
            ],
            [
              81.53915405273438,
              19.203659527781102
            ],
            [
              81.53919696807861,
              19.2038621643338
            ],
            [
              81.53936862945557,
              19.20390269161438
            ],
            [
              81.53936862945557,
              19.203983746145592
            ],
            [
              81.53945446014404,
              19.204064800636868
            ],
            [
              81.53945446014404,
              19.20426743669032
            ],
            [
              81.53984069824219,
              19.204591653856614
            ],
            [
              81.53984069824219,
              19.204713235129223
            ],
            [
              81.5399694442749,
              19.20475376220012
            ],
            [
              81.54026985168457,
              19.205240086272045
            ],
            [
              81.54048442840576,
              19.205280613213137
            ],
            [
              81.54061317443848,
              19.205523774649972
            ],
            [
              81.54078483581543,
              19.20568588207482
            ],
            [
              81.54121398925781,
              19.2058885161312
            ],
            [
              81.541428565979,
              19.20609114993794
            ],
            [
              81.54160022735596,
              19.20609114993794
            ],
            [
              81.54202938079834,
              19.206658523268686
            ],
            [
              81.54228687286377,
              19.208076948032385
            ],
            [
              81.5419864654541,
              19.20811747427445
            ],
            [
              81.54241561889648,
              19.20904957508553
            ],
            [
              81.54267311096191,
              19.209941144830758
            ],
            [
              81.54258728027344,
              19.210062722148766
            ],
            [
              81.54305934906006,
              19.210832709742032
            ],
            [
              81.54323101043701,
              19.211319015837937
            ],
            [
              81.54280185699463,
              19.211602693729667
            ],
            [
              81.54280185699463,
              19.21172426981916
            ],
            [
              81.54271602630615,
              19.211683744465986
            ],
            [
              81.54267311096191,
              19.21176479516235
            ],
            [
              81.54258728027344,
              19.21188637113198
            ],
            [
              81.54263019561768,
              19.212007947011717
            ],
            [
              81.5394115447998,
              19.216263046164663
            ],
            [
              81.5376091003418,
              19.218856576384063
            ],
            [
              81.53765201568604,
              19.219585999384794
            ],
            [
              81.53808116912842,
              19.222179477168293
            ],
            [
              81.53808116912842,
              19.2232735883322
            ]
          ]
        ]
      }
    },
    {
      "type": "Feature",
      "properties": {
        "v_name": "Mahima",
        "v_code": "449172",
        "d_name": "Bastar",
        "d_code": "374",
        "b_name": "Lohandiguda",
        "b_code": "3361",
        "gp_name": "Kaknar",
        "gp_code": "122225",
        "s_name": "Chhattisgarh",
        "s_code": "22",
        "impact_data": {
          "v": "MAHIMA",
          "d": "BASTAR",
          "total_population": 155,
          "affected_population": 155,
          "total_land_ha": 226.5,
          "private_land_ha": 114.733,
          "forest_land_ha": 87.101,
          "revenue_land_ha": 24.666,
          "remarks": "To be displaced fully",
          "status": "Land under submergence",
          "left_bank_right_bank": "Right Bank"
        },
        "centroid": [
          19.253024,
          81.592563
        ]
      },
      "geometry": {
        "type": "Polygon",
        "coordinates": [
          [
            [
              81.59125328063965,
              19.264115189136724
            ],
            [
              81.59279823303223,
              19.263831601962462
            ],
            [
              81.59352779388428,
              19.263953139382927
            ],
            [
              81.59417152404785,
              19.263953139382927
            ],
            [
              81.594557762146,
              19.26375057696543
            ],
            [
              81.595458984375,
              19.26346698916047
            ],
            [
              81.59618854522705,
              19.262899812078924
            ],
            [
              81.59704685211182,
              19.262859299355167
            ],
            [
              81.59739017486572,
              19.262454171566947
            ],
            [
              81.59880638122559,
              19.261927503945685
            ],
            [
              81.60052299499512,
              19.261441347716808
            ],
            [
              81.60176753997803,
              19.261441347716808
            ],
            [
              81.60215377807617,
              19.261603399953266
            ],
            [
              81.60189628601074,
              19.260752623925082
            ],
            [
              81.6012954711914,
              19.259861330018044
            ],
            [
              81.60048007965088,
              19.257835644030813
            ],
            [
              81.60000801086426,
              19.256417648951892
            ],
            [
              81.59970760345459,
              19.25402728663867
            ],
            [
              81.59932136535645,
              19.252730804373112
            ],
            [
              81.59906387329102,
              19.2522851362278
            ],
            [
              81.59884929656982,
              19.252366166889733
            ],
            [
              81.59872055053711,
              19.25175843594966
            ],
            [
              81.59829139709473,
              19.25102915584984
            ],
            [
              81.59704685211182,
              19.24944903784583
            ],
            [
              81.59700393676758,
              19.248760263697086
            ],
            [
              81.59674644470215,
              19.248233552103038
            ],
            [
              81.59623146057129,
              19.247585289358582
            ],
            [
              81.59520149230957,
              19.24584307054293
            ],
            [
              81.595458984375,
              19.242520648512507
            ],
            [
              81.59537315368652,
              19.242480130755574
            ],
            [
              81.5951156616211,
              19.242074952636173
            ],
            [
              81.59245491027832,
              19.240616303125105
            ],
            [
              81.59078121185303,
              19.241386147537824
            ],
            [
              81.58554553985596,
              19.244100833231183
            ],
            [
              81.58524513244629,
              19.247018057356335
            ],
            [
              81.58524513244629,
              19.24790942105095
            ],
            [
              81.58601760864258,
              19.249003360785625
            ],
            [
              81.5859317779541,
              19.249692133913882
            ],
            [
              81.5855884552002,
              19.250664514584244
            ],
            [
              81.58550262451172,
              19.251312765162766
            ],
            [
              81.58507347106934,
              19.25232565156377
            ],
            [
              81.58515930175781,
              19.25248771280758
            ],
            [
              81.58507347106934,
              19.252609258635374
            ],
            [
              81.58520221710205,
              19.252933380402546
            ],
            [
              81.585373878479,
              19.254351405603984
            ],
            [
              81.58563137054443,
              19.254635009173263
            ],
            [
              81.58576011657715,
              19.254999641613246
            ],
            [
              81.58571720123291,
              19.255080670934277
            ],
            [
              81.58623218536377,
              19.256093534069603
            ],
            [
              81.58691883087158,
              19.257389989755673
            ],
            [
              81.58730506896973,
              19.257957185895673
            ],
            [
              81.58734798431396,
              19.258119241575365
            ],
            [
              81.58764839172363,
              19.258645921428396
            ],
            [
              81.58790588378906,
              19.258929517571715
            ],
            [
              81.58812046051025,
              19.259415681247805
            ],
            [
              81.58820629119873,
              19.259415681247805
            ],
            [
              81.58863544464111,
              19.259982870381556
            ],
            [
              81.58893585205078,
              19.260225950838308
            ],
            [
              81.58915042877197,
              19.26071211067077
            ],
            [
              81.58936500549316,
              19.260874163627946
            ],
            [
              81.5894079208374,
              19.26148186079094
            ],
            [
              81.5896224975586,
              19.26148186079094
            ],
            [
              81.58992290496826,
              19.2617249390255
            ],
            [
              81.58987998962402,
              19.26184647800764
            ],
            [
              81.59013748168945,
              19.26229212017136
            ],
            [
              81.59026622772217,
              19.26306186287387
            ],
            [
              81.59056663513184,
              19.263831601962462
            ],
            [
              81.59125328063965,
              19.264115189136724
            ]
          ]
        ]
      }
    },
    {
      "type": "Feature",
      "properties": {
        "v_name": "Malewahi",
        "v_code": "449164",
        "d_name": "Bastar",
        "d_code": "374",
        "b_name": "Lohandiguda",
        "b_code": "3361",
        "gp_name": "Erpund",
        "gp_code": "122221",
        "s_name": "Chhattisgarh",
        "s_code": "22",
        "impact_data": {
          "v": "MALEWAHI",
          "d": "BASTAR",
          "total_population": 63,
          "affected_population": 63,
          "total_land_ha": 322.301,
          "private_land_ha": 74.754,
          "forest_land_ha": 227.495,
          "revenue_land_ha": 20.052,
          "remarks": "To be displaced fully",
          "status": "Land under submergence",
          "left_bank_right_bank": "Right Bank"
        },
        "centroid": [
          19.206236,
          81.403039
        ]
      },
      "geometry": {
        "type": "Polygon",
        "coordinates": [
          [
            [
              81.4006233215332,
              19.218775529184157
            ],
            [
              81.40096664428711,
              19.218491863669733
            ],
            [
              81.40126705169678,
              19.21792453117219
            ],
            [
              81.40139579772949,
              19.21780295966794
            ],
            [
              81.40298366546631,
              19.21707352875418
            ],
            [
              81.40328407287598,
              19.214844692017444
            ],
            [
              81.40452861785889,
              19.213628950151293
            ],
            [
              81.40538692474365,
              19.212534774785105
            ],
            [
              81.40560150146484,
              19.21265635018539
            ],
            [
              81.40620231628418,
              19.212291623714833
            ],
            [
              81.4070177078247,
              19.21217004804486
            ],
            [
              81.4075756072998,
              19.211562168346532
            ],
            [
              81.40800476074219,
              19.211481117550285
            ],
            [
              81.40826225280762,
              19.211440592137176
            ],
            [
              81.40826225280762,
              19.211562168346532
            ],
            [
              81.40937805175781,
              19.21188637113198
            ],
            [
              81.40993595123291,
              19.21172426981916
            ],
            [
              81.41045093536377,
              19.21176479516235
            ],
            [
              81.41062259674072,
              19.21164321910282
            ],
            [
              81.41100883483887,
              19.21164321910282
            ],
            [
              81.41088008880615,
              19.211400066714088
            ],
            [
              81.41096591949463,
              19.211359541281006
            ],
            [
              81.41113758087158,
              19.211521642953397
            ],
            [
              81.41135215759277,
              19.211400066714088
            ],
            [
              81.41143798828125,
              19.211440592137176
            ],
            [
              81.41165256500244,
              19.211319015837937
            ],
            [
              81.4116096496582,
              19.211197439448796
            ],
            [
              81.41186714172363,
              19.2109137608579
            ],
            [
              81.41212463378906,
              19.210508504879066
            ],
            [
              81.41233921051025,
              19.210427453563444
            ],
            [
              81.41242504119873,
              19.210427453563444
            ],
            [
              81.41289710998535,
              19.210143773644162
            ],
            [
              81.4130687713623,
              19.210508504879066
            ],
            [
              81.41336917877197,
              19.210386927890656
            ],
            [
              81.41345500946045,
              19.210265350812353
            ],
            [
              81.41431331634521,
              19.21046797922625
            ],
            [
              81.4141845703125,
              19.21067060739045
            ],
            [
              81.41435623168945,
              19.210994811933812
            ],
            [
              81.4147424697876,
              19.210832709742032
            ],
            [
              81.41504287719727,
              19.21103533745678
            ],
            [
              81.41547203063965,
              19.21107586296977
            ],
            [
              81.4156436920166,
              19.2109137608579
            ],
            [
              81.4147424697876,
              19.210427453563444
            ],
            [
              81.41504287719727,
              19.20969798992509
            ],
            [
              81.41491413116455,
              19.209576412337423
            ],
            [
              81.41461372375488,
              19.20965746407252
            ],
            [
              81.41448497772217,
              19.209535886454894
            ],
            [
              81.41366958618164,
              19.20925220499754
            ],
            [
              81.41336917877197,
              19.209292730949983
            ],
            [
              81.41332626342773,
              19.20904957508553
            ],
            [
              81.41289710998535,
              19.20880641886153
            ],
            [
              81.41263961791992,
              19.208846944923835
            ],
            [
              81.41225337982178,
              19.208198526728616
            ],
            [
              81.41229629516602,
              19.208076948032385
            ],
            [
              81.41203880310059,
              19.207793264058317
            ],
            [
              81.4121675491333,
              19.207631158710573
            ],
            [
              81.41186714172363,
              19.2074285268012
            ],
            [
              81.41173839569092,
              19.20750957959491
            ],
            [
              81.4116096496582,
              19.2074285268012
            ],
            [
              81.41130924224854,
              19.20686115612676
            ],
            [
              81.41075134277344,
              19.20637483684797
            ],
            [
              81.41062259674072,
              19.20609114993794
            ],
            [
              81.4101505279541,
              19.205847989339897
            ],
            [
              81.41010761260986,
              19.20568588207482
            ],
            [
              81.4098072052002,
              19.20560482838237
            ],
            [
              81.40946388244629,
              19.20499692441582
            ],
            [
              81.40912055969238,
              19.20390269161438
            ],
            [
              81.40851974487305,
              19.202686868853515
            ],
            [
              81.40821933746338,
              19.201795259784486
            ],
            [
              81.40748977661133,
              19.19762084396553
            ],
            [
              81.40748977661133,
              19.197012910497076
            ],
            [
              81.4072322845459,
              19.196364445655234
            ],
            [
              81.40637397766113,
              19.1949864493821
            ],
            [
              81.40371322631836,
              19.192554663107202
            ],
            [
              81.4035415649414,
              19.192554663107202
            ],
            [
              81.40315532684326,
              19.19283837335728
            ],
            [
              81.4028549194336,
              19.19291943333891
            ],
            [
              81.40135288238525,
              19.19283837335728
            ],
            [
              81.40045166015625,
              19.193567911754826
            ],
            [
              81.39955043792725,
              19.198471947048116
            ],
            [
              81.3993787765503,
              19.199728329266957
            ],
            [
              81.39912128448486,
              19.201106285830555
            ],
            [
              81.39899253845215,
              19.201511564976418
            ],
            [
              81.39783382415771,
              19.20361900044061
            ],
            [
              81.3971471786499,
              19.205077978407836
            ],
            [
              81.396803855896,
              19.20560482838237
            ],
            [
              81.3965892791748,
              19.206253256803585
            ],
            [
              81.39521598815918,
              19.20896852305081
            ],
            [
              81.39418601989746,
              19.212534774785105
            ],
            [
              81.39440059661865,
              19.212737400402304
            ],
            [
              81.39628887176514,
              19.21496626570958
            ],
            [
              81.39727592468262,
              19.215736230338557
            ],
            [
              81.398606300354,
              19.21719510079793
            ],
            [
              81.39950752258301,
              19.21792453117219
            ],
            [
              81.40036582946777,
              19.218491863669733
            ],
            [
              81.4006233215332,
              19.218775529184157
            ]
          ]
        ]
      }
    },
    {
      "type": "Feature",
      "properties": {
        "v_name": "Mardum",
        "v_code": "449183",
        "d_name": "Bastar",
        "d_code": "374",
        "b_name": "Lohandiguda",
        "b_code": "3361",
        "gp_name": "Mardum",
        "gp_code": "122231",
        "s_name": "Chhattisgarh",
        "s_code": "22",
        "impact_data": {
          "v": "MARDUM",
          "d": "BASTAR",
          "total_population": 1708,
          "affected_population": null,
          "total_land_ha": 108.987,
          "private_land_ha": 46.544,
          "forest_land_ha": null,
          "revenue_land_ha": 62.443,
          "remarks": "Population not affected",
          "status": "Land under submergence",
          "left_bank_right_bank": "Left Bank"
        },
        "centroid": [
          19.171363,
          81.602849
        ]
      },
      "geometry": {
        "type": "Polygon",
        "coordinates": [
          [
            [
              81.6234827041626,
              19.148370961397205
            ],
            [
              81.62320180361395,
              19.14767439229073
            ],
            [
              81.62314796447544,
              19.14747095006383
            ],
            [
              81.62322521209717,
              19.14703310501574
            ],
            [
              81.62365436553955,
              19.146465526304357
            ],
            [
              81.62275314331055,
              19.146141194735684
            ],
            [
              81.62232398986816,
              19.14678985723561
            ],
            [
              81.62228107452393,
              19.147235811225286
            ],
            [
              81.62185192108154,
              19.147154728771348
            ],
            [
              81.62172317504883,
              19.14699256374395
            ],
            [
              81.62150859832764,
              19.14642498489313
            ],
            [
              81.62168025970459,
              19.14577632095904
            ],
            [
              81.62163734436035,
              19.14516819620529
            ],
            [
              81.62155151367188,
              19.14476277845791
            ],
            [
              81.62168025970459,
              19.14358706135884
            ],
            [
              81.62155151367188,
              19.14330326632155
            ],
            [
              81.62155151367188,
              19.143019470796293
            ],
            [
              81.62133693695068,
              19.142573505413626
            ],
            [
              81.62086486816406,
              19.14103288845741
            ],
            [
              81.62073612213135,
              19.140830174629592
            ],
            [
              81.62047863006592,
              19.140100402788345
            ],
            [
              81.61919116973877,
              19.13985714479103
            ],
            [
              81.618332862854,
              19.139897687815477
            ],
            [
              81.61807537078857,
              19.139816601756632
            ],
            [
              81.61665916442871,
              19.139776058712272
            ],
            [
              81.61584377288818,
              19.139532800237046
            ],
            [
              81.6142988204956,
              19.139370627721096
            ],
            [
              81.61425590515137,
              19.13945171399898
            ],
            [
              81.61391258239746,
              19.13957334334114
            ],
            [
              81.61335468292236,
              19.139532800237046
            ],
            [
              81.6130542755127,
              19.139776058712272
            ],
            [
              81.61288261413574,
              19.13985714479103
            ],
            [
              81.61262512207031,
              19.13973551565796
            ],
            [
              81.61241054534912,
              19.139411170865017
            ],
            [
              81.61206722259521,
              19.13961388643528
            ],
            [
              81.61176681518555,
              19.139411170865017
            ],
            [
              81.61168098449707,
              19.139411170865017
            ],
            [
              81.61150932312012,
              19.139492257122992
            ],
            [
              81.61142349243164,
              19.13945171399898
            ],
            [
              81.61116600036621,
              19.13957334334114
            ],
            [
              81.61090850830078,
              19.13945171399898
            ],
            [
              81.60906314849854,
              19.14034366042721
            ],
            [
              81.60717487335205,
              19.139532800237046
            ],
            [
              81.60726070404053,
              19.13876247936749
            ],
            [
              81.60708904266357,
              19.13864084942795
            ],
            [
              81.60657405853271,
              19.13957334334114
            ],
            [
              81.6064453125,
              19.139127368648474
            ],
            [
              81.60459995269775,
              19.13880302266076
            ],
            [
              81.60451412200928,
              19.139046282211282
            ],
            [
              81.60421371459961,
              19.139046282211282
            ],
            [
              81.6040849685669,
              19.139248998229593
            ],
            [
              81.60279750823975,
              19.139492257122992
            ],
            [
              81.60271167755127,
              19.13969497259369
            ],
            [
              81.60254001617432,
              19.13973551565796
            ],
            [
              81.60202503204346,
              19.13973551565796
            ],
            [
              81.60163879394531,
              19.139370627721096
            ],
            [
              81.60090923309326,
              19.13957334334114
            ],
            [
              81.6000509262085,
              19.14001931682907
            ],
            [
              81.59992218017578,
              19.14030311751229
            ],
            [
              81.59970760345459,
              19.140262574587414
            ],
            [
              81.59914970397949,
              19.140586917707626
            ],
            [
              81.59872055053711,
              19.140951802956153
            ],
            [
              81.59863471984863,
              19.14115451663461
            ],
            [
              81.59846305847168,
              19.141235602036296
            ],
            [
              81.59786224365234,
              19.14131668739815
            ],
            [
              81.59647493897988,
              19.141935582605058
            ],
            [
              81.59524440765381,
              19.142168081292898
            ],
            [
              81.59460067749023,
              19.142614047770934
            ],
            [
              81.59417152404785,
              19.142654590118276
            ],
            [
              81.59404277801514,
              19.142816759408092
            ],
            [
              81.59412860870361,
              19.14322218193555
            ],
            [
              81.59395694732666,
              19.143262724133532
            ],
            [
              81.5937852859497,
              19.143546519240534
            ],
            [
              81.59322738647461,
              19.143668145565588
            ],
            [
              81.59322738647461,
              19.143870855908187
            ],
            [
              81.5930986404419,
              19.143870855908187
            ],
            [
              81.59335613250732,
              19.14460061108011
            ],
            [
              81.59258365631104,
              19.14516819620529
            ],
            [
              81.59151077270508,
              19.145857404090233
            ],
            [
              81.5914249420166,
              19.14589794564089
            ],
            [
              81.59146785736084,
              19.145979028712325
            ],
            [
              81.59125328063965,
              19.145816862529614
            ],
            [
              81.59103870391846,
              19.146060111743925
            ],
            [
              81.59090995788574,
              19.14622227768761
            ],
            [
              81.59129619598389,
              19.146384443471945
            ],
            [
              81.59103870391846,
              19.14699256374395
            ],
            [
              81.59039497375488,
              19.147154728771348
            ],
            [
              81.5903091430664,
              19.147397976013654
            ],
            [
              81.58966541290283,
              19.147600681775
            ],
            [
              81.5896224975586,
              19.147722305112286
            ],
            [
              81.58992290496826,
              19.147803387287347
            ],
            [
              81.58987998962402,
              19.147965551517938
            ],
            [
              81.59005165100098,
              19.148046633573475
            ],
            [
              81.5903091430664,
              19.147762846204795
            ],
            [
              81.5903091430664,
              19.147600681775
            ],
            [
              81.59048080444336,
              19.14756014064265
            ],
            [
              81.59056663513184,
              19.147681764009818
            ],
            [
              81.5905237197876,
              19.147803387287347
            ],
            [
              81.59039497375488,
              19.147843928359933
            ],
            [
              81.59039497375488,
              19.1480871745863
            ],
            [
              81.5905237197876,
              19.148127715589172
            ],
            [
              81.5905237197876,
              19.148411502330354
            ],
            [
              81.59056663513184,
              19.148411502330354
            ],
            [
              81.58915042877197,
              19.15047907671277
            ],
            [
              81.58816337585449,
              19.15246554534156
            ],
            [
              81.5868330001831,
              19.153924976438972
            ],
            [
              81.58653259277344,
              19.154046595114274
            ],
            [
              81.58567428588867,
              19.155019541288656
            ],
            [
              81.58563137054443,
              19.155100619877476
            ],
            [
              81.58567428588867,
              19.155181698426446
            ],
            [
              81.58580303192139,
              19.155181698426446
            ],
            [
              81.58576011657715,
              19.155262776935558
            ],
            [
              81.58417224884033,
              19.157492420317954
            ],
            [
              81.583571434021,
              19.158100499645577
            ],
            [
              81.58327102661133,
              19.15826265375429
            ],
            [
              81.58292770385742,
              19.1585869614934
            ],
            [
              81.5824556350708,
              19.159316651574585
            ],
            [
              81.58232688903809,
              19.159397728050976
            ],
            [
              81.58198356628418,
              19.15988418607219
            ],
            [
              81.58142566680908,
              19.16016795258853
            ],
            [
              81.58121109008789,
              19.160694946251912
            ],
            [
              81.5800952911377,
              19.16187054143173
            ],
            [
              81.58000946044922,
              19.161911079047055
            ],
            [
              81.5798807144165,
              19.161911079047055
            ],
            [
              81.57949447631836,
              19.162194842075294
            ],
            [
              81.5795373916626,
              19.162519142081
            ],
            [
              81.57833576202393,
              19.16353257548755
            ],
            [
              81.57846450805664,
              19.16381633572508
            ],
            [
              81.57764911651611,
              19.164586539622164
            ],
            [
              81.57743453979492,
              19.164586539622164
            ],
            [
              81.57726287841797,
              19.16478922426019
            ],
            [
              81.57700538635254,
              19.16474868735252
            ],
            [
              81.57691955566406,
              19.16487029804563
            ],
            [
              81.57666206359863,
              19.164910834923393
            ],
            [
              81.57649040222168,
              19.165032445496887
            ],
            [
              81.57627582550049,
              19.165032445496887
            ],
            [
              81.5760612487793,
              19.164910834923393
            ],
            [
              81.57597541809082,
              19.165235129586687
            ],
            [
              81.57588958740234,
              19.165154055980672
            ],
            [
              81.57567501068115,
              19.165275666374747
            ],
            [
              81.5755033493042,
              19.165113519162716
            ],
            [
              81.5749454498291,
              19.165235129586687
            ],
            [
              81.57395839691162,
              19.16600532685525
            ],
            [
              81.57297134399414,
              19.166491765381313
            ],
            [
              81.572585105896,
              19.167018738831345
            ],
            [
              81.57219886779785,
              19.167099811520284
            ],
            [
              81.57185554504395,
              19.16730249306818
            ],
            [
              81.57121181488037,
              19.16762678302643
            ],
            [
              81.57108306884766,
              19.16799160846685
            ],
            [
              81.57082557678223,
              19.168072680677277
            ],
            [
              81.57078266143799,
              19.16799160846685
            ],
            [
              81.57031059265137,
              19.168234824978512
            ],
            [
              81.57018184661865,
              19.16811321676754
            ],
            [
              81.56992435455322,
              19.168275361028897
            ],
            [
              81.56992435455322,
              19.16839696912024
            ],
            [
              81.56970977783203,
              19.16847804113129
            ],
            [
              81.56962394714355,
              19.16843750513075
            ],
            [
              81.56958103179932,
              19.168518577121862
            ],
            [
              81.5694522857666,
              19.16855911310246
            ],
            [
              81.56906604766846,
              19.16847804113129
            ],
            [
              81.56880855560303,
              19.16868072098445
            ],
            [
              81.56837940216064,
              19.16876179285593
            ],
            [
              81.5683364868164,
              19.168923936479256
            ],
            [
              81.56807899475098,
              19.169045544092064
            ],
            [
              81.56769275665283,
              19.169086079943067
            ],
            [
              81.56704902648926,
              19.16941036639215
            ],
            [
              81.56627655029297,
              19.16969411651169
            ],
            [
              81.56601905822754,
              19.169734652203175
            ],
            [
              81.56593322753906,
              19.169785321780143
            ],
            [
              81.56593322753906,
              19.16977518788469
            ],
            [
              81.56567573547363,
              19.169937330511043
            ],
            [
              81.56490325927734,
              19.170140008569664
            ],
            [
              81.56352996826172,
              19.170869647516902
            ],
            [
              81.5625,
              19.171842494421476
            ],
            [
              81.56185626983643,
              19.17204517013706
            ],
            [
              81.56074047088623,
              19.172531590837426
            ],
            [
              81.5604829788208,
              19.1728153355829
            ],
            [
              81.55906677246094,
              19.17386924035982
            ],
            [
              81.55906677246094,
              19.17387137325073
            ],
            [
              81.55885219573975,
              19.174031378957977
            ],
            [
              81.55872344970703,
              19.174882603980702
            ],
            [
              81.55880928039551,
              19.175531153427237
            ],
            [
              81.55850887298584,
              19.176909312524504
            ],
            [
              81.55820846557617,
              19.176868778597957
            ],
            [
              81.55807971954346,
              19.177719988961048
            ],
            [
              81.55838012695312,
              19.17780105638529
            ],
            [
              81.55799388885498,
              19.179300796537852
            ],
            [
              81.55872344970703,
              19.180638391099873
            ],
            [
              81.55966758728027,
              19.18165171308195
            ],
            [
              81.55979633331299,
              19.18193544211973
            ],
            [
              81.55983924865723,
              19.18221917066873
            ],
            [
              81.56031131744385,
              19.182786626300352
            ],
            [
              81.56044006347656,
              19.18307035338296
            ],
            [
              81.56091213226318,
              19.183759402834234
            ],
            [
              81.5608263015747,
              19.184205256825233
            ],
            [
              81.5610408782959,
              19.184934833479428
            ],
            [
              81.56155586242676,
              19.185583343347325
            ],
            [
              81.56172752380371,
              19.18562387512927
            ],
            [
              81.56198501586914,
              19.185867065611408
            ],
            [
              81.5625,
              19.185907597323506
            ],
            [
              81.56258583068848,
              19.185907597323506
            ],
            [
              81.56254291534424,
              19.185664406901232
            ],
            [
              81.56314373016357,
              19.185664406901232
            ],
            [
              81.56327247619629,
              19.185867065611408
            ],
            [
              81.56378746032715,
              19.185907597323506
            ],
            [
              81.56404495239258,
              19.186150787386612
            ],
            [
              81.5641736984253,
              19.186150787386612
            ],
            [
              81.56425952911377,
              19.186515571807814
            ],
            [
              81.56571865081787,
              19.18667769795783
            ],
            [
              81.5659238981164,
              19.186638928675404
            ],
            [
              81.56666278839111,
              19.18667769795783
            ],
            [
              81.56700611114502,
              19.18671822947039
            ],
            [
              81.56722068786621,
              19.18683982394821
            ],
            [
              81.57039642333984,
              19.186475040245366
            ],
            [
              81.57211303710938,
              19.186556103360285
            ],
            [
              81.57241344451904,
              19.18671822947039
            ],
            [
              81.57245635986328,
              19.18667769795783
            ],
            [
              81.57335758209229,
              19.18696141833623
            ],
            [
              81.5740442276001,
              19.187123544047246
            ],
            [
              81.5746021270752,
              19.187164075450056
            ],
            [
              81.5746021270752,
              19.18752885762635
            ],
            [
              81.57503128051758,
              19.18752885762635
            ],
            [
              81.57507419586182,
              19.18744779499035
            ],
            [
              81.57597541809082,
              19.187690982778616
            ],
            [
              81.57614707946777,
              19.187893638994456
            ],
            [
              81.57829284667969,
              19.18846107507174
            ],
            [
              81.58103942871094,
              19.18870426136332
            ],
            [
              81.58129692077637,
              19.188663730339673
            ],
            [
              81.58129692077637,
              19.188582668262434
            ],
            [
              81.58254146575928,
              19.188136826124193
            ],
            [
              81.58297061920166,
              19.188623199306043
            ],
            [
              81.5833568572998,
              19.18854213720885
            ],
            [
              81.58395767211914,
              19.18829895067779
            ],
            [
              81.58442974090576,
              19.188177357277556
            ],
            [
              81.58455848693848,
              19.188339481791246
            ],
            [
              81.58507347106934,
              19.188217888420947
            ],
            [
              81.58520221710205,
              19.18825841955436
            ],
            [
              81.58623218536377,
              19.187853107771243
            ],
            [
              81.58670425415039,
              19.18777204529488
            ],
            [
              81.58691883087158,
              19.188055763787524
            ],
            [
              81.58721923828125,
              19.187812576538054
            ],
            [
              81.58717632293701,
              19.18765045150552
            ],
            [
              81.58743381500244,
              19.187569388929386
            ],
            [
              81.58919334411621,
              19.18744779499035
            ],
            [
              81.58927917480469,
              19.18744779499035
            ],
            [
              81.58923625946045,
              19.187204606842887
            ],
            [
              81.59129619598389,
              19.187204606842887
            ],
            [
              81.59138202667236,
              19.187407263657384
            ],
            [
              81.5925407409668,
              19.187812576538054
            ],
            [
              81.59322738647461,
              19.18825841955436
            ],
            [
              81.59348487854004,
              19.188623199306043
            ],
            [
              81.59374237060547,
              19.18882585437441
            ],
            [
              81.59387111663818,
              19.18910957105104
            ],
            [
              81.59425735473633,
              19.18886638535815
            ],
            [
              81.59507274627686,
              19.189433818082772
            ],
            [
              81.59614562988281,
              19.190690269298646
            ],
            [
              81.59614562988281,
              19.19077133033811
            ],
            [
              81.59687519073486,
              19.191703529422906
            ],
            [
              81.59726142883301,
              19.192392542744745
            ],
            [
              81.59734725952148,
              19.192716783309983
            ],
            [
              81.59769058227539,
              19.19324367286623
            ],
            [
              81.5978193283081,
              19.193405792390372
            ],
            [
              81.59807682037354,
              19.193284202762236
            ],
            [
              81.59996509552002,
              19.195756507545298
            ],
            [
              81.60052299499512,
              19.19632391651778
            ],
            [
              81.6018533706665,
              19.196648149337967
            ],
            [
              81.60348415374756,
              19.19758031513751
            ],
            [
              81.605544090271,
              19.198553004254958
            ],
            [
              81.60648822784424,
              19.199160932033493
            ],
            [
              81.60863399505615,
              19.199930970661864
            ],
            [
              81.6095781326294,
              19.200457837120577
            ],
            [
              81.60970687866211,
              19.20086311786382
            ],
            [
              81.61009311676025,
              19.20078206179504
            ],
            [
              81.6104793548584,
              19.20082258983442
            ],
            [
              81.61095142364502,
              19.201430509227116
            ],
            [
              81.61258220672607,
              19.20183578757428
            ],
            [
              81.61365509033203,
              19.20228159260301
            ],
            [
              81.61352634429932,
              19.202727396423658
            ],
            [
              81.6157579421997,
              19.20361900044061
            ],
            [
              81.61614418029785,
              19.201916843123907
            ],
            [
              81.61627292633057,
              19.20122786967914
            ],
            [
              81.61665916442871,
              19.201106285830555
            ],
            [
              81.61794662475586,
              19.199606744310223
            ],
            [
              81.61880493164062,
              19.19903934665748
            ],
            [
              81.62004947662354,
              19.19798560296854
            ],
            [
              81.6212511062622,
              19.197215555236113
            ],
            [
              81.62262439727783,
              19.196121270680763
            ],
            [
              81.62339687347412,
              19.19559439033669
            ],
            [
              81.62442684173584,
              19.195108037752675
            ],
            [
              81.62575721740723,
              19.194297446918743
            ],
            [
              81.62670135498047,
              19.193203142960247
            ],
            [
              81.62725925445557,
              19.192392542744745
            ],
            [
              81.62957668304443,
              19.190730799823367
            ],
            [
              81.63082122802734,
              19.189920187432943
            ],
            [
              81.63202285766602,
              19.18939328723873
            ],
            [
              81.63253784179688,
              19.188987978249497
            ],
            [
              81.63318157196045,
              19.188623199306043
            ],
            [
              81.63579940795898,
              19.187407263657384
            ],
            [
              81.63665771484375,
              19.18704248121169
            ],
            [
              81.63764476776123,
              19.18683982394821
            ],
            [
              81.64000511169434,
              19.18619131902887
            ],
            [
              81.63949012756348,
              19.183394612307396
            ],
            [
              81.63936138153076,
              19.182948756121696
            ],
            [
              81.63914680480957,
              19.1826244963194
            ],
            [
              81.6388463973999,
              19.1826650288296
            ],
            [
              81.63579940795898,
              19.179057596359595
            ],
            [
              81.63519859313965,
              19.176868778597957
            ],
            [
              81.63622856140137,
              19.176463438783994
            ],
            [
              81.63687229156494,
              19.17727411741462
            ],
            [
              81.63768768310547,
              19.17638237070153
            ],
            [
              81.63708686828613,
              19.17557168768288
            ],
            [
              81.63743019104004,
              19.175247413358502
            ],
            [
              81.6370439529419,
              19.174761000675268
            ],
            [
              81.63524150848389,
              19.17540955060047
            ],
            [
              81.63434028625488,
              19.17557168768288
            ],
            [
              81.6339111328125,
              19.175004207196384
            ],
            [
              81.63210868835449,
              19.170464292945024
            ],
            [
              81.6322374343872,
              19.170261615285202
            ],
            [
              81.63185119628906,
              19.169653580810238
            ],
            [
              81.63176536560059,
              19.169086079943067
            ],
            [
              81.6309928894043,
              19.16754571059668
            ],
            [
              81.63112163543701,
              19.167505174366852
            ],
            [
              81.63030624389648,
              19.1646270765697
            ],
            [
              81.62979125976562,
              19.16353257548755
            ],
            [
              81.62923336029053,
              19.163410963807674
            ],
            [
              81.62858963012695,
              19.162600216982764
            ],
            [
              81.6278600692749,
              19.161019249207634
            ],
            [
              81.62773132324219,
              19.160613870413325
            ],
            [
              81.62777423858643,
              19.160411180642452
            ],
            [
              81.62743091583252,
              19.159397728050976
            ],
            [
              81.62708759307861,
              19.157776190949853
            ],
            [
              81.62665843963623,
              19.156600566581922
            ],
            [
              81.62657260894775,
              19.15558709057347
            ],
            [
              81.6267442703247,
              19.155465473033974
            ],
            [
              81.62670135498047,
              19.155343855404816
            ],
            [
              81.62648677825928,
              19.155384394624498
            ],
            [
              81.6264009475708,
              19.154695226534837
            ],
            [
              81.62558555603027,
              19.152668244877177
            ],
            [
              81.62524223327637,
              19.151979065439924
            ],
            [
              81.62468433380127,
              19.15108718189448
            ],
            [
              81.62378311157227,
              19.14938448173764
            ],
            [
              81.62343978881836,
              19.149303400339505
            ],
            [
              81.6234827041626,
              19.14885745193755
            ],
            [
              81.62365436553955,
              19.14881691111397
            ],
            [
              81.62378311157227,
              19.148654747720048
            ],
            [
              81.62361145019531,
              19.148411502330354
            ],
            [
              81.6234827041626,
              19.148370961397205
            ]
          ]
        ]
      }
    },
    {
      "type": "Feature",
      "properties": {
        "v_name": "Matnar",
        "v_code": "449191",
        "d_name": "Bastar",
        "d_code": "374",
        "b_name": "Lohandiguda",
        "b_code": "3361",
        "gp_name": "Matnar",
        "gp_code": "122233",
        "s_name": "Chhattisgarh",
        "s_code": "22",
        "impact_data": {
          "v": "MATNAR",
          "d": "BASTAR",
          "id": "449191",
          "total_population": 1186,
          "affected_population": null,
          "total_land_ha": 53.998,
          "private_land_ha": 17.287,
          "forest_land_ha": 3,
          "revenue_land_ha": 33.711,
          "remarks": "Population not affected",
          "status": "Land under submergence",
          "left_bank_right_bank": "Left Bank"
        },
        "centroid": [
          19.150113,
          81.640626
        ]
      },
      "geometry": {
        "type": "Polygon",
        "coordinates": [
          [
            [
              81.65541172027588,
              19.148249338538008
            ],
            [
              81.65455341339111,
              19.148370961397205
            ],
            [
              81.65425300598145,
              19.148289879501036
            ],
            [
              81.65425300598145,
              19.148208797565026
            ],
            [
              81.6527509689331,
              19.14756014064265
            ],
            [
              81.65270805358887,
              19.147397976013654
            ],
            [
              81.65210723876953,
              19.147397976013654
            ],
            [
              81.65180683135986,
              19.1463439020408
            ],
            [
              81.6515064239502,
              19.146181736216626
            ],
            [
              81.65137767791748,
              19.145857404090233
            ],
            [
              81.6509485244751,
              19.14549252968614
            ],
            [
              81.65090560913086,
              19.14516819620529
            ],
            [
              81.6507339477539,
              19.144154649969565
            ],
            [
              81.65051937103271,
              19.143668145565588
            ],
            [
              81.65013313293457,
              19.143668145565588
            ],
            [
              81.6500473022461,
              19.143424892825852
            ],
            [
              81.649489402771,
              19.143181639727615
            ],
            [
              81.64953231811523,
              19.14297892853857
            ],
            [
              81.64914608001709,
              19.142735674783097
            ],
            [
              81.64854526519775,
              19.142168081292898
            ],
            [
              81.64841651916504,
              19.141924826342485
            ],
            [
              81.64839671244793,
              19.141924826342485
            ],
            [
              81.64790153503418,
              19.141113973918838
            ],
            [
              81.64772987365723,
              19.141113973918838
            ],
            [
              81.64742946624756,
              19.140830174629592
            ],
            [
              81.64734363555908,
              19.140586917707626
            ],
            [
              81.64717197418213,
              19.14042474622718
            ],
            [
              81.6469144821167,
              19.14030311751229
            ],
            [
              81.64674282073975,
              19.14001931682907
            ],
            [
              81.64669990539551,
              19.139816601756632
            ],
            [
              81.64648532867432,
              19.13961388643528
            ],
            [
              81.6463565826416,
              19.139248998229593
            ],
            [
              81.64584159851074,
              19.1382759590717
            ],
            [
              81.64566993713379,
              19.138235415649003
            ],
            [
              81.64541244506836,
              19.137667806685876
            ],
            [
              81.6448974609375,
              19.13685693335362
            ],
            [
              81.64463996887207,
              19.136127143949857
            ],
            [
              81.6445541381836,
              19.136127143949857
            ],
            [
              81.6443395614624,
              19.135478439549846
            ],
            [
              81.64365291595459,
              19.134140478676485
            ],
            [
              81.64305210113525,
              19.132437603705387
            ],
            [
              81.6419792175293,
              19.132397058849218
            ],
            [
              81.64167881011963,
              19.132275424220982
            ],
            [
              81.64043426513672,
              19.132194334419058
            ],
            [
              81.63893222808838,
              19.131748339796808
            ],
            [
              81.63858890533447,
              19.131748339796808
            ],
            [
              81.63841724395752,
              19.131342889095144
            ],
            [
              81.63824558258057,
              19.131261798835375
            ],
            [
              81.63803100585938,
              19.131302343970233
            ],
            [
              81.63751602172852,
              19.131140163371068
            ],
            [
              81.63571357727051,
              19.129923803801493
            ],
            [
              81.6355848312378,
              19.12972107633572
            ],
            [
              81.63545608520508,
              19.12923452940275
            ],
            [
              81.63511276245117,
              19.129356166270348
            ],
            [
              81.63365364074707,
              19.129518348621144
            ],
            [
              81.63060665130615,
              19.130207621835574
            ],
            [
              81.63034915924072,
              19.13016707643199
            ],
            [
              81.63022041320801,
              19.130410348704203
            ],
            [
              81.63004875183105,
              19.130369803350376
            ],
            [
              81.62880420684814,
              19.130815801695014
            ],
            [
              81.62760257720947,
              19.131018527817197
            ],
            [
              81.6269588470459,
              19.131383434210093
            ],
            [
              81.62627220153809,
              19.131586159635578
            ],
            [
              81.62597179412842,
              19.131586159635578
            ],
            [
              81.6258430480957,
              19.13170779477143
            ],
            [
              81.62477016448975,
              19.131910519798787
            ],
            [
              81.62451267242432,
              19.132113244577315
            ],
            [
              81.62395477294922,
              19.13231596910701
            ],
            [
              81.62391185760498,
              19.132437603705387
            ],
            [
              81.62339687347412,
              19.132559238214185
            ],
            [
              81.62279605865479,
              19.13292414120309
            ],
            [
              81.62262439727783,
              19.13292414120309
            ],
            [
              81.62189483642578,
              19.13337013265018
            ],
            [
              81.62133693695068,
              19.13385666740065
            ],
            [
              81.61940574645996,
              19.134708099764882
            ],
            [
              81.61949157714844,
              19.135681159948607
            ],
            [
              81.61966323852539,
              19.136492039054925
            ],
            [
              81.61966323852539,
              19.13689747711481
            ],
            [
              81.61983489990234,
              19.13734345783084
            ],
            [
              81.61996364593506,
              19.13795161141136
            ],
            [
              81.61992073059082,
              19.1382759590717
            ],
            [
              81.6200065612793,
              19.139248998229593
            ],
            [
              81.62026405334473,
              19.139897687815477
            ],
            [
              81.62026405334473,
              19.140100402788345
            ],
            [
              81.62047863006592,
              19.140100402788345
            ],
            [
              81.62073612213135,
              19.140830174629592
            ],
            [
              81.62086486816406,
              19.14103288845741
            ],
            [
              81.62113817168279,
              19.141924826342485
            ],
            [
              81.62112236022949,
              19.141924826342485
            ],
            [
              81.62133693695068,
              19.142573505413626
            ],
            [
              81.62155151367188,
              19.143019470796293
            ],
            [
              81.62155151367188,
              19.14330326632155
            ],
            [
              81.62168025970459,
              19.14358706135884
            ],
            [
              81.62155151367188,
              19.14476277845791
            ],
            [
              81.62163734436035,
              19.14516819620529
            ],
            [
              81.62168025970459,
              19.14577632095904
            ],
            [
              81.62150859832764,
              19.14642498489313
            ],
            [
              81.62172317504883,
              19.14699256374395
            ],
            [
              81.62185192108154,
              19.147154728771348
            ],
            [
              81.62228107452393,
              19.147235811225286
            ],
            [
              81.62232398986816,
              19.14678985723561
            ],
            [
              81.62275314331055,
              19.146141194735684
            ],
            [
              81.62365436553955,
              19.146465526304357
            ],
            [
              81.62322521209717,
              19.14703310501574
            ],
            [
              81.62313938140869,
              19.147438517185837
            ],
            [
              81.62314796447544,
              19.14747095006383
            ],
            [
              81.62313938140869,
              19.147519599500338
            ],
            [
              81.62320180361395,
              19.14767439229073
            ],
            [
              81.6232681274414,
              19.14792501047523
            ],
            [
              81.6234827041626,
              19.148370961397205
            ],
            [
              81.62361145019531,
              19.148411502330354
            ],
            [
              81.62378311157227,
              19.148654747720048
            ],
            [
              81.62365436553955,
              19.14881691111397
            ],
            [
              81.6234827041626,
              19.14885745193755
            ],
            [
              81.62343978881836,
              19.149303400339505
            ],
            [
              81.62378311157227,
              19.14938448173764
            ],
            [
              81.62558555603027,
              19.152668244877177
            ],
            [
              81.6264009475708,
              19.154695226534837
            ],
            [
              81.62648677825928,
              19.155384394624498
            ],
            [
              81.62670135498047,
              19.155343855404816
            ],
            [
              81.6267442703247,
              19.155465473033974
            ],
            [
              81.62657260894775,
              19.15558709057347
            ],
            [
              81.62665843963623,
              19.156600566581922
            ],
            [
              81.62708759307861,
              19.157776190949853
            ],
            [
              81.62743091583252,
              19.159397728050976
            ],
            [
              81.62777423858643,
              19.160411180642452
            ],
            [
              81.62773132324219,
              19.160613870413325
            ],
            [
              81.6278600692749,
              19.161019249207634
            ],
            [
              81.62833213806152,
              19.162154304529732
            ],
            [
              81.62871837615967,
              19.162802904062747
            ],
            [
              81.62923336029053,
              19.163410963807674
            ],
            [
              81.62979125976562,
              19.16353257548755
            ],
            [
              81.63034915924072,
              19.16478922426019
            ],
            [
              81.63112163543701,
              19.167505174366852
            ],
            [
              81.6309928894043,
              19.16754571059668
            ],
            [
              81.63176536560059,
              19.169086079943067
            ],
            [
              81.6318941116333,
              19.169815723556233
            ],
            [
              81.6322374343872,
              19.170261615285202
            ],
            [
              81.6324520111084,
              19.169856259217806
            ],
            [
              81.6327953338623,
              19.16997786614271
            ],
            [
              81.63408279418945,
              19.16835643309976
            ],
            [
              81.6348123550415,
              19.166937666102534
            ],
            [
              81.63494110107422,
              19.166856593333844
            ],
            [
              81.63584232330322,
              19.166208009748885
            ],
            [
              81.63674354553223,
              19.16584318036091
            ],
            [
              81.638503074646,
              19.165275666374747
            ],
            [
              81.63871765136719,
              19.16235699215788
            ],
            [
              81.63858890533447,
              19.1606544083376
            ],
            [
              81.63991928100586,
              19.159276113321447
            ],
            [
              81.64069175720215,
              19.158546423060884
            ],
            [
              81.6408634185791,
              19.15850588461841
            ],
            [
              81.64082050323486,
              19.158100499645577
            ],
            [
              81.64129257202148,
              19.157330265451932
            ],
            [
              81.64193630218506,
              19.15866803832853
            ],
            [
              81.64305210113525,
              19.1594788044875
            ],
            [
              81.64309501647949,
              19.159924724175852
            ],
            [
              81.64300918579102,
              19.160208490622427
            ],
            [
              81.6432237625122,
              19.160249028646366
            ],
            [
              81.64330959320068,
              19.160451718616557
            ],
            [
              81.64373874664307,
              19.160289566660335
            ],
            [
              81.6437816619873,
              19.16081655993505
            ],
            [
              81.64386749267578,
              19.160938173528496
            ],
            [
              81.64498329162598,
              19.162154304529732
            ],
            [
              81.64605617523193,
              19.164140632541365
            ],
            [
              81.64875984191895,
              19.165113519162716
            ],
            [
              81.64906024932861,
              19.166856593333844
            ],
            [
              81.6489315032959,
              19.168234824978512
            ],
            [
              81.64940357208252,
              19.16977518788469
            ],
            [
              81.64978981018066,
              19.172693730751806
            ],
            [
              81.650390625,
              19.174679931755122
            ],
            [
              81.65257930755615,
              19.173828705685352
            ],
            [
              81.65283679962158,
              19.173058544975856
            ],
            [
              81.65313720703125,
              19.17245052082041
            ],
            [
              81.65348052978516,
              19.171599283233746
            ],
            [
              81.6535234451294,
              19.17143714224251
            ],
            [
              81.65322303771973,
              19.171315536394395
            ],
            [
              81.6533088684082,
              19.171072324428952
            ],
            [
              81.65412425994873,
              19.169937330511043
            ],
            [
              81.65459632873535,
              19.16977518788469
            ],
            [
              81.6544246673584,
              19.169288759048513
            ],
            [
              81.65536880493164,
              19.16855911310246
            ],
            [
              81.65524005889893,
              19.16791053621654
            ],
            [
              81.65601253509521,
              19.167707855416307
            ],
            [
              81.6558837890625,
              19.16730249306818
            ],
            [
              81.65592670440674,
              19.16718088416935
            ],
            [
              81.65579795837402,
              19.167018738831345
            ],
            [
              81.65584087371826,
              19.166897129723175
            ],
            [
              81.65639877319336,
              19.16637015588437
            ],
            [
              81.65639877319336,
              19.166289082836567
            ],
            [
              81.6569995880127,
              19.16608640004261
            ],
            [
              81.65695667266846,
              19.16576210705393
            ],
            [
              81.65717124938965,
              19.16555942361204
            ],
            [
              81.65742874145508,
              19.164829761157893
            ],
            [
              81.6579008102417,
              19.164464928719738
            ],
            [
              81.65832996368408,
              19.164100095474215
            ],
            [
              81.65867328643799,
              19.16397848421296
            ],
            [
              81.65893077850342,
              19.16377579857819
            ],
            [
              81.6597032546997,
              19.16276236666668
            ],
            [
              81.65957450866699,
              19.162640754418696
            ],
            [
              81.66077613830566,
              19.16150570244529
            ],
            [
              81.6610336303711,
              19.161100324846903
            ],
            [
              81.6610336303711,
              19.160938173528496
            ],
            [
              81.66133403778076,
              19.1608570978095
            ],
            [
              81.66163444519043,
              19.16057333247908
            ],
            [
              81.66163444519043,
              19.16037064265838
            ],
            [
              81.6619348526001,
              19.160249028646366
            ],
            [
              81.66236400604248,
              19.159316651574585
            ],
            [
              81.66287899017334,
              19.158789653506485
            ],
            [
              81.6628360748291,
              19.1585869614934
            ],
            [
              81.66313648223877,
              19.158384269231192
            ],
            [
              81.66309356689453,
              19.158141038187704
            ],
            [
              81.66360855102539,
              19.157532959009547
            ],
            [
              81.66369438171387,
              19.157289726710523
            ],
            [
              81.66408061981201,
              19.157330265451932
            ],
            [
              81.6651964187622,
              19.156681644393572
            ],
            [
              81.66515350341797,
              19.15656002766115
            ],
            [
              81.66571140289307,
              19.155789786273353
            ],
            [
              81.66656970977783,
              19.155100619877476
            ],
            [
              81.66626930236816,
              19.15441145060218
            ],
            [
              81.66661262512207,
              19.152749324621695
            ],
            [
              81.66674137115479,
              19.152506085268605
            ],
            [
              81.66648387908936,
              19.151533124269893
            ],
            [
              81.66622638702393,
              19.151492584103753
            ],
            [
              81.66347980499268,
              19.151614204572283
            ],
            [
              81.66317939758301,
              19.151330423339584
            ],
            [
              81.66275024414062,
              19.151168262416025
            ],
            [
              81.66206359863281,
              19.150722319054413
            ],
            [
              81.66176319122314,
              19.150681778689044
            ],
            [
              81.66176319122314,
              19.150560157533164
            ],
            [
              81.66129112243652,
              19.15060069792842
            ],
            [
              81.66116237640381,
              19.150438536287634
            ],
            [
              81.66034698486328,
              19.150276374487465
            ],
            [
              81.66000366210938,
              19.15003313148837
            ],
            [
              81.65983200073242,
              19.149668266317363
            ],
            [
              81.65966033935547,
              19.14970880693176
            ],
            [
              81.65966033935547,
              19.149627725692994
            ],
            [
              81.65905952453613,
              19.149425022421774
            ],
            [
              81.65914535522461,
              19.14897907434852
            ],
            [
              81.65897369384766,
              19.14869528858347
            ],
            [
              81.6588020324707,
              19.14897907434852
            ],
            [
              81.6582441329956,
              19.14918177816759
            ],
            [
              81.65768623352051,
              19.149262859625495
            ],
            [
              81.6575574874878,
              19.149060155906028
            ],
            [
              81.65747165679932,
              19.14881691111397
            ],
            [
              81.65725708007812,
              19.14885745193755
            ],
            [
              81.65717124938965,
              19.14869528858347
            ],
            [
              81.65618419647217,
              19.14869528858347
            ],
            [
              81.6558837890625,
              19.148654747720048
            ],
            [
              81.65560054792971,
              19.148411502330354
            ],
            [
              81.65562629699707,
              19.148411502330354
            ],
            [
              81.65541172027588,
              19.148249338538008
            ]
          ]
        ]
      }
    },
    {
      "type": "Feature",
      "properties": {
        "v_name": "Muchnar",
        "v_code": "450126",
        "d_name": "Dakshin Bastar Dantewada",
        "d_code": "376",
        "b_name": "Gidam",
        "b_code": "3370",
        "gp_name": "Muchnar",
        "gp_code": "223760007",
        "s_name": "Chhattisgarh",
        "s_code": "22",
        "impact_data": {
          "v": "MUCHNAR",
          "d": "DANTEWADA",
          "total_population": null,
          "affected_population": null,
          "total_land_ha": 12.28,
          "private_land_ha": 12.28,
          "forest_land_ha": null,
          "revenue_land_ha": null,
          "remarks": "Population not affected",
          "status": null,
          "left_bank_right_bank": null
        },
        "centroid": [
          19.135817,
          81.350289
        ]
      },
      "geometry": {
        "type": "Polygon",
        "coordinates": [
          [
            [
              81.3621332462038,
              19.14824556592263
            ],
            [
              81.36208534240723,
              19.148208797565026
            ],
            [
              81.36139869689941,
              19.147762846204795
            ],
            [
              81.35908126831055,
              19.14654660909693
            ],
            [
              81.35740756988525,
              19.145695237788008
            ],
            [
              81.35672092437744,
              19.14549252968614
            ],
            [
              81.35672092437744,
              19.14516819620529
            ],
            [
              81.3566780090332,
              19.14468169478893
            ],
            [
              81.35616302490234,
              19.14334380849961
            ],
            [
              81.35740756988525,
              19.142411335884827
            ],
            [
              81.35856628417969,
              19.141843741279356
            ],
            [
              81.35963916778564,
              19.141559943244737
            ],
            [
              81.36375904083252,
              19.141113973918838
            ],
            [
              81.36401653289795,
              19.14099234571176
            ],
            [
              81.36401653289795,
              19.140546374852452
            ],
            [
              81.36448860168457,
              19.140384203332168
            ],
            [
              81.36435985565186,
              19.140059859813682
            ],
            [
              81.36470317840576,
              19.13985714479103
            ],
            [
              81.36461734771729,
              19.13973551565796
            ],
            [
              81.36560440063477,
              19.139248998229593
            ],
            [
              81.36633396148682,
              19.13868139275109
            ],
            [
              81.36663436889648,
              19.138600306094855
            ],
            [
              81.3667631149292,
              19.13864084942795
            ],
            [
              81.36693477630615,
              19.13855976275181
            ],
            [
              81.36689186096191,
              19.138438132662927
            ],
            [
              81.36697769165039,
              19.138357045887226
            ],
            [
              81.36762142181396,
              19.138073241858653
            ],
            [
              81.36813640594482,
              19.137911067909016
            ],
            [
              81.36830806732178,
              19.137505632338005
            ],
            [
              81.36835098266602,
              19.137059652060014
            ],
            [
              81.3685655593872,
              19.136613670577425
            ],
            [
              81.36847972869873,
              19.136370407442836
            ],
            [
              81.3682222366333,
              19.13628931965166
            ],
            [
              81.36813640594482,
              19.135275718902214
            ],
            [
              81.3682222366333,
              19.134991909577433
            ],
            [
              81.36817932128906,
              19.134667555466127
            ],
            [
              81.36757850646973,
              19.134140478676485
            ],
            [
              81.36706352233887,
              19.133289043385748
            ],
            [
              81.36697769165039,
              19.133329588022942
            ],
            [
              81.36697769165039,
              19.13357285563707
            ],
            [
              81.36654853820801,
              19.133613400204585
            ],
            [
              81.36569023132324,
              19.133937756386374
            ],
            [
              81.36547565460205,
              19.133613400204585
            ],
            [
              81.36461734771729,
              19.133451221874797
            ],
            [
              81.36470317840576,
              19.1332079540815
            ],
            [
              81.36466026306152,
              19.133126864737434
            ],
            [
              81.36444568634033,
              19.13304577535356
            ],
            [
              81.3644027709961,
              19.132761962196447
            ],
            [
              81.36444568634033,
              19.132721417419905
            ],
            [
              81.36470317840576,
              19.132721417419905
            ],
            [
              81.36474609375,
              19.1326808726334
            ],
            [
              81.36466026306152,
              19.132275424220982
            ],
            [
              81.36448860168457,
              19.132072699641512
            ],
            [
              81.36435985565186,
              19.131626704690813
            ],
            [
              81.36405944824219,
              19.131423979315098
            ],
            [
              81.3636302947998,
              19.131342889095144
            ],
            [
              81.3630723953247,
              19.131505069495244
            ],
            [
              81.36290073394775,
              19.131667249736097
            ],
            [
              81.36191368103027,
              19.131667249736097
            ],
            [
              81.36191368103027,
              19.131626704690813
            ],
            [
              81.3618278503418,
              19.131626704690813
            ],
            [
              81.36169910430908,
              19.131059073011773
            ],
            [
              81.36144161224365,
              19.130815801695014
            ],
            [
              81.36152744293213,
              19.130450894048067
            ],
            [
              81.36131286621094,
              19.12984271284504
            ],
            [
              81.3616132736206,
              19.129518348621144
            ],
            [
              81.3618278503418,
              19.129558894183965
            ],
            [
              81.36234283447266,
              19.12899125539886
            ],
            [
              81.3623857498169,
              19.12891016398461
            ],
            [
              81.36281490325928,
              19.128545252127886
            ],
            [
              81.3630723953247,
              19.127937063908703
            ],
            [
              81.36393070220947,
              19.127004504290547
            ],
            [
              81.36405944824219,
              19.126599041945067
            ],
            [
              81.36410236358643,
              19.125990846561066
            ],
            [
              81.3636302947998,
              19.125017729289826
            ],
            [
              81.36337280273438,
              19.124125700089746
            ],
            [
              81.36354446411133,
              19.12351749560135
            ],
            [
              81.3641881942749,
              19.121773963661145
            ],
            [
              81.36466026306152,
              19.120963012304895
            ],
            [
              81.36504650115967,
              19.120679178390088
            ],
            [
              81.36521816253662,
              19.120395343987806
            ],
            [
              81.36569023132324,
              19.118854520155683
            ],
            [
              81.36594772338867,
              19.117354230517076
            ],
            [
              81.36637687683105,
              19.116340513593
            ],
            [
              81.36693477630615,
              19.115570084573125
            ],
            [
              81.3678789138794,
              19.11439415967305
            ],
            [
              81.36779308319092,
              19.11406976512522
            ],
            [
              81.36762142181396,
              19.114110314478506
            ],
            [
              81.3673210144043,
              19.113785919373743
            ],
            [
              81.36714935302734,
              19.113704820498096
            ],
            [
              81.36714935302734,
              19.11358317211004
            ],
            [
              81.36633396148682,
              19.11277218056899
            ],
            [
              81.36611938476562,
              19.112853279902104
            ],
            [
              81.36474609375,
              19.114029215761988
            ],
            [
              81.36461734771729,
              19.114029215761988
            ],
            [
              81.36375904083252,
              19.11467800438026
            ],
            [
              81.36337280273438,
              19.115002397734628
            ],
            [
              81.36109828948975,
              19.115732280454633
            ],
            [
              81.35787963867188,
              19.117516424648024
            ],
            [
              81.35603427886963,
              19.118408489523404
            ],
            [
              81.35560512542725,
              19.11869232733775
            ],
            [
              81.35513305664062,
              19.118854520155683
            ],
            [
              81.3526439666748,
              19.119908769592676
            ],
            [
              81.35157108306885,
              19.119300549584324
            ],
            [
              81.3499402999878,
              19.118732875557157
            ],
            [
              81.34929656982422,
              19.11800300608596
            ],
            [
              81.34921073913574,
              19.117556973155892
            ],
            [
              81.34869575500488,
              19.11629996478673
            ],
            [
              81.34830951690674,
              19.116340513593
            ],
            [
              81.34697914123535,
              19.11629996478673
            ],
            [
              81.34676456451416,
              19.11638106238932
            ],
            [
              81.34577751159668,
              19.11646215995212
            ],
            [
              81.34449005126953,
              19.116421611175692
            ],
            [
              81.34410381317139,
              19.11638106238932
            ],
            [
              81.3424301147461,
              19.11646215995212
            ],
            [
              81.34071350097656,
              19.11638106238932
            ],
            [
              81.33925437927246,
              19.11678654980547
            ],
            [
              81.33951187133789,
              19.117435327602443
            ],
            [
              81.34054183959961,
              19.121692868704592
            ],
            [
              81.34067058563232,
              19.122382174566795
            ],
            [
              81.3407564163208,
              19.12367968368381
            ],
            [
              81.34092807769775,
              19.124450074901517
            ],
            [
              81.34105682373047,
              19.125707021282338
            ],
            [
              81.34097099304199,
              19.127126142800144
            ],
            [
              81.3407564163208,
              19.127491057791584
            ],
            [
              81.34071350097656,
              19.128058701731668
            ],
            [
              81.33968353271484,
              19.130856346939357
            ],
            [
              81.33916854858398,
              19.132761962196447
            ],
            [
              81.3389539718628,
              19.13337013265018
            ],
            [
              81.33848190307617,
              19.13418102310464
            ],
            [
              81.33835315704346,
              19.134829732601418
            ],
            [
              81.33633613586426,
              19.134789188332526
            ],
            [
              81.3347053527832,
              19.135072998005715
            ],
            [
              81.33097171783447,
              19.13535680719113
            ],
            [
              81.33084297180176,
              19.135559527739215
            ],
            [
              81.33084297180176,
              19.135802792068407
            ],
            [
              81.33028507232666,
              19.136451495194184
            ],
            [
              81.32968425750732,
              19.137992154903746
            ],
            [
              81.32964134216309,
              19.13945171399898
            ],
            [
              81.32805347442627,
              19.139978773834496
            ],
            [
              81.32436275482178,
              19.141803198732852
            ],
            [
              81.32445931435817,
              19.141924826342485
            ],
            [
              81.32444858551025,
              19.141924826342485
            ],
            [
              81.32449150085449,
              19.14196536885912
            ],
            [
              81.32431983947754,
              19.14208699634926
            ],
            [
              81.32474899291992,
              19.142897843993246
            ],
            [
              81.32479190826416,
              19.14322218193555
            ],
            [
              81.32504940032959,
              19.143627603467195
            ],
            [
              81.32509231567383,
              19.143789771801025
            ],
            [
              81.32552146911621,
              19.144722236628397
            ],
            [
              81.32582187652588,
              19.14516819620529
            ],
            [
              81.32642269134521,
              19.146100653244783
            ],
            [
              81.32771015167236,
              19.148411502330354
            ],
            [
              81.32772731829084,
              19.148411502330354
            ],
            [
              81.32779598236084,
              19.148533125070024
            ],
            [
              81.32951259613037,
              19.14869528858347
            ],
            [
              81.32998466491699,
              19.148573665963326
            ],
            [
              81.3302674014655,
              19.148344728881536
            ],
            [
              81.33030860627072,
              19.148319958386804
            ],
            [
              81.33101463317871,
              19.148006092550684
            ],
            [
              81.33105754852295,
              19.147884469422564
            ],
            [
              81.33127212524414,
              19.147722305112286
            ],
            [
              81.33307456674981,
              19.146888315728418
            ],
            [
              81.3341474533081,
              19.14642498489313
            ],
            [
              81.33419036865234,
              19.1463439020408
            ],
            [
              81.33500576019287,
              19.146100653244783
            ],
            [
              81.33663654327393,
              19.14516819620529
            ],
            [
              81.33796691894531,
              19.144276275846487
            ],
            [
              81.33835315704346,
              19.143911397946827
            ],
            [
              81.33912563323975,
              19.14338435066771
            ],
            [
              81.3410997390747,
              19.14338435066771
            ],
            [
              81.34217262268066,
              19.14346543497404
            ],
            [
              81.34251594543457,
              19.144073566001822
            ],
            [
              81.34328842163086,
              19.14516819620529
            ],
            [
              81.34410381317139,
              19.146303360599696
            ],
            [
              81.34650707244873,
              19.148411502330354
            ],
            [
              81.3465531369665,
              19.148411502330354
            ],
            [
              81.34796619415283,
              19.149627725692994
            ],
            [
              81.34895324707031,
              19.15181690515392
            ],
            [
              81.35045528411865,
              19.153438500841116
            ],
            [
              81.35195732116699,
              19.15428983219588
            ],
            [
              81.35307312011719,
              19.155141159156937
            ],
            [
              81.35607719421387,
              19.158181576719862
            ],
            [
              81.35818004608154,
              19.159722033557898
            ],
            [
              81.3603687286377,
              19.158951806937576
            ],
            [
              81.36169910430908,
              19.158384269231192
            ],
            [
              81.36358737945557,
              19.156033020784406
            ],
            [
              81.36453151702881,
              19.155870864483557
            ],
            [
              81.36483192443848,
              19.155019541288656
            ],
            [
              81.36504650115967,
              19.150681778689044
            ],
            [
              81.3644027709961,
              19.15023583401252
            ],
            [
              81.36277198791504,
              19.148735829436934
            ],
            [
              81.36234943709285,
              19.148411502330354
            ],
            [
              81.3623857498169,
              19.148411502330354
            ],
            [
              81.3621332462038,
              19.14824556592263
            ]
          ]
        ]
      }
    },
    {
      "type": "Feature",
      "properties": {
        "v_name": "Munjer",
        "v_code": "449177",
        "d_name": "Bastar",
        "d_code": "374",
        "b_name": "Lohandiguda",
        "b_code": "3361",
        "gp_name": "Binta",
        "gp_code": "122212",
        "s_name": "Chhattisgarh",
        "s_code": "22",
        "impact_data": {
          "v": "MUNJER",
          "d": "BASTAR",
          "total_population": null,
          "affected_population": null,
          "total_land_ha": 28.24,
          "private_land_ha": 27.161,
          "forest_land_ha": 0.877,
          "revenue_land_ha": 0.202,
          "remarks": "Population not affected",
          "status": "Land under submergence",
          "left_bank_right_bank": "Left Bank"
        },
        "centroid": [
          19.200894,
          81.551627
        ]
      },
      "geometry": {
        "type": "Polygon",
        "coordinates": [
          [
            [
              81.55215740203857,
              19.206699049860273
            ],
            [
              81.552414894104,
              19.20649641680248
            ],
            [
              81.55250072479248,
              19.206253256803585
            ],
            [
              81.5526294708252,
              19.205847989339897
            ],
            [
              81.55275821685791,
              19.20463218095747
            ],
            [
              81.55267238616943,
              19.20378110974267
            ],
            [
              81.55275821685791,
              19.20378110974267
            ],
            [
              81.55275821685791,
              19.20321372648652
            ],
            [
              81.55284404754639,
              19.203173199036197
            ],
            [
              81.5526294708252,
              19.202484230853067
            ],
            [
              81.55305862426758,
              19.202362647932983
            ],
            [
              81.55305862426758,
              19.20183578757428
            ],
            [
              81.55292987823486,
              19.20183578757428
            ],
            [
              81.55284404754639,
              19.201471037106764
            ],
            [
              81.55301570892334,
              19.201430509227116
            ],
            [
              81.55292987823486,
              19.20098470189211
            ],
            [
              81.5529727935791,
              19.20098470189211
            ],
            [
              81.55292987823486,
              19.200903645883237
            ],
            [
              81.55301570892334,
              19.20086311786382
            ],
            [
              81.5529727935791,
              19.20066047761699
            ],
            [
              81.55305862426758,
              19.200457837120577
            ],
            [
              81.55288696289062,
              19.19964727263912
            ],
            [
              81.55314445495605,
              19.19956621597134
            ],
            [
              81.5529727935791,
              19.19903934665748
            ],
            [
              81.55340194702148,
              19.198917761191613
            ],
            [
              81.55340194702148,
              19.198796175635902
            ],
            [
              81.55357360839844,
              19.198755647097368
            ],
            [
              81.55335903167725,
              19.19814771782145
            ],
            [
              81.5535306930542,
              19.19806666041496
            ],
            [
              81.55348777770996,
              19.19786401672404
            ],
            [
              81.55335903167725,
              19.1977829591778
            ],
            [
              81.55327320098877,
              19.19709396842264
            ],
            [
              81.55314445495605,
              19.19693185253159
            ],
            [
              81.55323028564453,
              19.19652656210526
            ],
            [
              81.5531873703003,
              19.19604021227608
            ],
            [
              81.55335903167725,
              19.19595915383148
            ],
            [
              81.55335903167725,
              19.19559439033669
            ],
            [
              81.55301570892334,
              19.195756507545298
            ],
            [
              81.55198574066162,
              19.195837566089715
            ],
            [
              81.55164241790771,
              19.19595915383148
            ],
            [
              81.55125617980957,
              19.19604021227608
            ],
            [
              81.5511703491211,
              19.196080741483414
            ],
            [
              81.5511703491211,
              19.196202329045516
            ],
            [
              81.55086994171143,
              19.19628338737034
            ],
            [
              81.55091285705566,
              19.196688678395574
            ],
            [
              81.55052661895752,
              19.196688678395574
            ],
            [
              81.55044078826904,
              19.196769736480842
            ],
            [
              81.5503978729248,
              19.19709396842264
            ],
            [
              81.55048370361328,
              19.197377670847665
            ],
            [
              81.55065536499023,
              19.198796175635902
            ],
            [
              81.55031204223633,
              19.199323045728427
            ],
            [
              81.55026912689209,
              19.200336252702932
            ],
            [
              81.54971122741699,
              19.202241064923044
            ],
            [
              81.54979705810547,
              19.202484230853067
            ],
            [
              81.54966831207275,
              19.203943218884984
            ],
            [
              81.54975414276123,
              19.204307963871052
            ],
            [
              81.55009746551514,
              19.205118505388867
            ],
            [
              81.55031204223633,
              19.205240086272045
            ],
            [
              81.55099868774414,
              19.20519955932097
            ],
            [
              81.55147075653076,
              19.20532114014424
            ],
            [
              81.55181407928467,
              19.206212730102155
            ],
            [
              81.55215740203857,
              19.206699049860273
            ]
          ]
        ]
      }
    },
    {
      "type": "Feature",
      "properties": {
        "v_name": "Neurnar",
        "v_code": "450128",
        "d_name": "Dakshin Bastar Dantewada",
        "d_code": "376",
        "b_name": "Gidam",
        "b_code": "3370",
        "gp_name": "Bhatpal",
        "gp_code": "123512",
        "s_name": "Chhattisgarh",
        "s_code": "22",
        "impact_data": {
          "v": "NEURNAR",
          "d": "DANTEWADA",
          "total_population": 113,
          "affected_population": 113,
          "total_land_ha": 270.782,
          "private_land_ha": 81.425,
          "forest_land_ha": 28.009,
          "revenue_land_ha": 161.348,
          "remarks": "To be displaced fully",
          "status": "Land under submergence",
          "left_bank_right_bank": "Left Bank"
        },
        "centroid": [
          19.184375,
          81.449697
        ]
      },
      "geometry": {
        "type": "Polygon",
        "coordinates": [
          [
            [
              81.4572286605835,
              19.196364445655234
            ],
            [
              81.45993232727051,
              19.194662213288066
            ],
            [
              81.46134853363037,
              19.19405426889007
            ],
            [
              81.46130561828613,
              19.193365262524306
            ],
            [
              81.46061897277832,
              19.19202777134539
            ],
            [
              81.46083354949951,
              19.190811860842874
            ],
            [
              81.46091938018799,
              19.190730799823367
            ],
            [
              81.46091938018799,
              19.189636472153303
            ],
            [
              81.46079063415527,
              19.18939328723873
            ],
            [
              81.46044731140137,
              19.189190632868847
            ],
            [
              81.46027565002441,
              19.188663730339673
            ],
            [
              81.46010398864746,
              19.18846107507174
            ],
            [
              81.46018981933594,
              19.188420543988222
            ],
            [
              81.46006107330322,
              19.187974701410948
            ],
            [
              81.45954608917236,
              19.18748832631334
            ],
            [
              81.45950317382812,
              19.18728566959862
            ],
            [
              81.4592456817627,
              19.187001949778953
            ],
            [
              81.4590311050415,
              19.186231850661162
            ],
            [
              81.45851612091064,
              19.185907597323506
            ],
            [
              81.45765781402588,
              19.185583343347325
            ],
            [
              81.45765781402588,
              19.18501589735259
            ],
            [
              81.45774364471436,
              19.18473217362194
            ],
            [
              81.45877361297607,
              19.183840467286018
            ],
            [
              81.45911693572998,
              19.18371887059338
            ],
            [
              81.45928859710693,
              19.183475676938748
            ],
            [
              81.46006107330322,
              19.18302982097251
            ],
            [
              81.46018981933594,
              19.18282715877065
            ],
            [
              81.45971775054932,
              19.182300235878667
            ],
            [
              81.4581298828125,
              19.18140851637482
            ],
            [
              81.45714282989502,
              19.180557325071987
            ],
            [
              81.45692825317383,
              19.180597858090916
            ],
            [
              81.45658493041992,
              19.17990879541258
            ],
            [
              81.45641326904297,
              19.17990879541258
            ],
            [
              81.45615577697754,
              19.17974666259875
            ],
            [
              81.45594120025635,
              19.17986826222408
            ],
            [
              81.45551204681396,
              19.179422396492335
            ],
            [
              81.45443916320801,
              19.17962506288365
            ],
            [
              81.45435333251953,
              19.179462929790542
            ],
            [
              81.45332336425781,
              19.179706129370356
            ],
            [
              81.4531946182251,
              19.179584529625334
            ],
            [
              81.45306587219238,
              19.179300796537852
            ],
            [
              81.45246505737305,
              19.179381863184144
            ],
            [
              81.45190715789795,
              19.179179196493607
            ],
            [
              81.45143508911133,
              19.179300796537852
            ],
            [
              81.45079135894775,
              19.179179196493607
            ],
            [
              81.45019054412842,
              19.178692795418968
            ],
            [
              81.45010471343994,
              19.178490127880647
            ],
            [
              81.44920349121094,
              19.178409060795506
            ],
            [
              81.44847393035889,
              19.176625574829252
            ],
            [
              81.4482593536377,
              19.17581489300732
            ],
            [
              81.44735813140869,
              19.175369016304938
            ],
            [
              81.44671440124512,
              19.174598862795087
            ],
            [
              81.44619941711426,
              19.174112448197228
            ],
            [
              81.44589900970459,
              19.173909775024317
            ],
            [
              81.44516944885254,
              19.173707101602115
            ],
            [
              81.4442253112793,
              19.17431512112084
            ],
            [
              81.4433240890503,
              19.174679931755122
            ],
            [
              81.44229412078857,
              19.175977029690834
            ],
            [
              81.44139289855957,
              19.17670664279205
            ],
            [
              81.44100666046143,
              19.176868778597957
            ],
            [
              81.43989086151123,
              19.17776052267816
            ],
            [
              81.4399766921997,
              19.178409060795506
            ],
            [
              81.43989086151123,
              19.179422396492335
            ],
            [
              81.4399766921997,
              19.17982772902561
            ],
            [
              81.43993377685547,
              19.181570647552807
            ],
            [
              81.43984794616699,
              19.18181384402053
            ],
            [
              81.43954753875732,
              19.18221917066873
            ],
            [
              81.43916130065918,
              19.18250289872894
            ],
            [
              81.43881797790527,
              19.182989288552093
            ],
            [
              81.4387321472168,
              19.183799935065114
            ],
            [
              81.43813133239746,
              19.184326853158733
            ],
            [
              81.43757343292236,
              19.184529513515045
            ],
            [
              81.43667221069336,
              19.185340152446166
            ],
            [
              81.4361572265625,
              19.18611025573437
            ],
            [
              81.43697261810303,
              19.188380012894722
            ],
            [
              81.4378309249878,
              19.18793417020769
            ],
            [
              81.43911838531494,
              19.187569388929386
            ],
            [
              81.43954753875732,
              19.18752885762635
            ],
            [
              81.43993377685547,
              19.18760992022244
            ],
            [
              81.44032001495361,
              19.187812576538054
            ],
            [
              81.44096374511719,
              19.18736673231444
            ],
            [
              81.44173622131348,
              19.18704248121169
            ],
            [
              81.44250869750977,
              19.18696141833623
            ],
            [
              81.44486904144287,
              19.187204606842887
            ],
            [
              81.44615650177002,
              19.187204606842887
            ],
            [
              81.44735813140869,
              19.18760992022244
            ],
            [
              81.44877433776855,
              19.18846107507174
            ],
            [
              81.4502763748169,
              19.189231163762777
            ],
            [
              81.45122051239014,
              19.189555410555027
            ],
            [
              81.45255088806152,
              19.189677002937476
            ],
            [
              81.45443916320801,
              19.190366024741632
            ],
            [
              81.4546537399292,
              19.191338756496684
            ],
            [
              81.4546537399292,
              19.192716783309983
            ],
            [
              81.45478248596191,
              19.193527381928682
            ],
            [
              81.4572286605835,
              19.196364445655234
            ]
          ]
        ]
      }
    },
    {
      "type": "Feature",
      "properties": {
        "v_name": "Pohnar",
        "v_code": "449161",
        "d_name": "Bastar",
        "d_code": "374",
        "b_name": "Lohandiguda",
        "b_code": "3361",
        "gp_name": "Pohnar_vlgp",
        "gp_code": "223740024",
        "s_name": "Chhattisgarh",
        "s_code": "22",
        "impact_data": {
          "v": "POHNAR",
          "d": "BASTAR",
          "total_population": null,
          "affected_population": null,
          "total_land_ha": 106.6,
          "private_land_ha": null,
          "forest_land_ha": 106.6,
          "revenue_land_ha": null,
          "remarks": "Population not affected",
          "status": "Land under submergence",
          "left_bank_right_bank": "Right Bank"
        },
        "centroid": [
          19.214397,
          81.424639
        ]
      },
      "geometry": {
        "type": "Polygon",
        "coordinates": [
          [
            [
              81.42066478729248,
              19.21934285874425
            ],
            [
              81.42122268676758,
              19.219140241269024
            ],
            [
              81.4228105545044,
              19.219140241269024
            ],
            [
              81.42341136932373,
              19.219099717744005
            ],
            [
              81.4242696762085,
              19.218613434664434
            ],
            [
              81.42474174499512,
              19.218208197665742
            ],
            [
              81.42534255981445,
              19.218208197665742
            ],
            [
              81.42620086669922,
              19.218410816289982
            ],
            [
              81.42697334289551,
              19.218613434664434
            ],
            [
              81.42911911010742,
              19.218653958309353
            ],
            [
              81.43002033233643,
              19.218451339984853
            ],
            [
              81.43057823181152,
              19.218127150146113
            ],
            [
              81.43079280853271,
              19.21776243581321
            ],
            [
              81.43074989318848,
              19.21719510079793
            ],
            [
              81.43057823181152,
              19.216749336197918
            ],
            [
              81.43057823181152,
              19.216181997685926
            ],
            [
              81.43083572387695,
              19.21597937631424
            ],
            [
              81.4310073852539,
              19.215493084003224
            ],
            [
              81.43074989318848,
              19.214601544363454
            ],
            [
              81.43070697784424,
              19.214115247976608
            ],
            [
              81.43105030059814,
              19.213547900373893
            ],
            [
              81.43130779266357,
              19.213466850556536
            ],
            [
              81.43023490905762,
              19.212007947011717
            ],
            [
              81.42950534820557,
              19.211237964921832
            ],
            [
              81.42924785614014,
              19.21115691396578
            ],
            [
              81.42916202545166,
              19.2109137608579
            ],
            [
              81.42903327941895,
              19.2109137608579
            ],
            [
              81.4289903640747,
              19.21071113299333
            ],
            [
              81.42843246459961,
              19.21063008177759
            ],
            [
              81.42843246459961,
              19.21046797922625
            ],
            [
              81.42791748046875,
              19.20969798992509
            ],
            [
              81.42796039581299,
              19.20965746407252
            ],
            [
              81.42671585083008,
              19.20811747427445
            ],
            [
              81.42590045928955,
              19.208846944923835
            ],
            [
              81.42487049102783,
              19.209535886454894
            ],
            [
              81.42422676086426,
              19.20969798992509
            ],
            [
              81.42384052276611,
              19.209941144830758
            ],
            [
              81.42075061798096,
              19.21127849038488
            ],
            [
              81.41989231109619,
              19.211562168346532
            ],
            [
              81.41839027404785,
              19.211683744465986
            ],
            [
              81.41740322113037,
              19.211845845818758
            ],
            [
              81.41787528991699,
              19.21387209924376
            ],
            [
              81.41890525817871,
              19.216425143002265
            ],
            [
              81.41916275024414,
              19.217235624792533
            ],
            [
              81.41907691955566,
              19.217276148777145
            ],
            [
              81.41954898834229,
              19.217640864189068
            ],
            [
              81.41972064971924,
              19.218897099969034
            ],
            [
              81.42006397247314,
              19.219261811784133
            ],
            [
              81.42066478729248,
              19.21934285874425
            ]
          ]
        ]
      }
    },
    {
      "type": "Feature",
      "properties": {
        "v_name": "Palam",
        "v_code": "449173",
        "d_name": "Bastar",
        "d_code": "374",
        "b_name": "Lohandiguda",
        "b_code": "3361",
        "gp_name": "Kaknar",
        "gp_code": "122225",
        "s_name": "Chhattisgarh",
        "s_code": "22",
        "impact_data": {
          "v": "PALAM",
          "d": "BASTAR",
          "total_population": 133,
          "affected_population": 133,
          "total_land_ha": 246.988,
          "private_land_ha": 58.652,
          "forest_land_ha": 167.033,
          "revenue_land_ha": 21.303,
          "remarks": "To be displaced fully",
          "status": "Land under submergence",
          "left_bank_right_bank": "Right Bank"
        },
        "centroid": [
          19.253114,
          81.606517
        ]
      },
      "geometry": {
        "type": "Polygon",
        "coordinates": [
          [
            [
              81.60717487335205,
              19.265168508631927
            ],
            [
              81.6093635559082,
              19.263426476576857
            ],
            [
              81.61035060882568,
              19.26237314588917
            ],
            [
              81.61099433898926,
              19.261279295320193
            ],
            [
              81.61421298980713,
              19.26050954424908
            ],
            [
              81.61545753479004,
              19.25953722194162
            ],
            [
              81.61700248718262,
              19.257754616070862
            ],
            [
              81.61850452423096,
              19.25617456285022
            ],
            [
              81.61807537078857,
              19.254513464846468
            ],
            [
              81.6163158416748,
              19.24961110193122
            ],
            [
              81.61558628082275,
              19.249732649890205
            ],
            [
              81.61236763000488,
              19.249124909194833
            ],
            [
              81.61163806915283,
              19.249003360785625
            ],
            [
              81.61090850830078,
              19.248962844629215
            ],
            [
              81.6102647781372,
              19.248598198771308
            ],
            [
              81.6093635559082,
              19.247463739808882
            ],
            [
              81.60854816436768,
              19.24657237369333
            ],
            [
              81.60799026489258,
              19.246369789809997
            ],
            [
              81.60764694213867,
              19.246329273003322
            ],
            [
              81.6061019897461,
              19.24430341991538
            ],
            [
              81.60584449768066,
              19.243817211453212
            ],
            [
              81.60550117492676,
              19.243371519097593
            ],
            [
              81.60515785217285,
              19.24300686081552
            ],
            [
              81.60468578338623,
              19.24276375484405
            ],
            [
              81.6035270690918,
              19.242439612988644
            ],
            [
              81.6024112701416,
              19.24183184528445
            ],
            [
              81.60090923309326,
              19.242439612988644
            ],
            [
              81.59940719604492,
              19.242480130755574
            ],
            [
              81.5978193283081,
              19.242439612988644
            ],
            [
              81.59533023834229,
              19.244141350588027
            ],
            [
              81.59520149230957,
              19.24584307054293
            ],
            [
              81.59623146057129,
              19.247585289358582
            ],
            [
              81.59674644470215,
              19.248233552103038
            ],
            [
              81.59700393676758,
              19.248760263697086
            ],
            [
              81.59704685211182,
              19.24944903784583
            ],
            [
              81.59829139709473,
              19.25102915584984
            ],
            [
              81.59872055053711,
              19.25175843594966
            ],
            [
              81.59884929656982,
              19.252366166889733
            ],
            [
              81.59906387329102,
              19.2522851362278
            ],
            [
              81.59932136535645,
              19.252730804373112
            ],
            [
              81.59970760345459,
              19.25402728663867
            ],
            [
              81.60000801086426,
              19.256417648951892
            ],
            [
              81.60048007965088,
              19.257835644030813
            ],
            [
              81.6012954711914,
              19.259861330018044
            ],
            [
              81.60189628601074,
              19.260752623925082
            ],
            [
              81.60215377807617,
              19.261603399953266
            ],
            [
              81.60305500030518,
              19.26204904277767
            ],
            [
              81.60318374633789,
              19.262170581519563
            ],
            [
              81.60335540771484,
              19.26306186287387
            ],
            [
              81.60356998443604,
              19.263385963983236
            ],
            [
              81.6040849685669,
              19.26354801429766
            ],
            [
              81.60717487335205,
              19.265168508631927
            ]
          ]
        ]
      }
    },
    {
      "type": "Feature",
      "properties": {
        "v_name": "Pichi Koder",
        "v_code": "449166",
        "d_name": "Bastar",
        "d_code": "374",
        "b_name": "Lohandiguda",
        "b_code": "3361",
        "gp_name": "Harrakoder",
        "gp_code": "122224",
        "s_name": "Chhattisgarh",
        "s_code": "22",
        "impact_data": {
          "v": "PICHI KODER",
          "d": "BASTAR",
          "total_population": 127,
          "affected_population": 127,
          "total_land_ha": 397.799,
          "private_land_ha": 59.355,
          "forest_land_ha": 232.452,
          "revenue_land_ha": 105.992,
          "remarks": "To be displaced fully",
          "status": "Land under submergence",
          "left_bank_right_bank": "Right Bank"
        },
        "centroid": [
          19.218745,
          81.469367
        ]
      },
      "geometry": {
        "type": "Polygon",
        "coordinates": [
          [
            [
              81.47310733795166,
              19.226677443140332
            ],
            [
              81.47435188293457,
              19.226474834708966
            ],
            [
              81.47636890411377,
              19.225542832706413
            ],
            [
              81.47877216339111,
              19.224610825416836
            ],
            [
              81.48053169250488,
              19.22408403634934
            ],
            [
              81.48199081420898,
              19.223395155789607
            ],
            [
              81.48259162902832,
              19.223314110828
            ],
            [
              81.4832353591919,
              19.223152020784855
            ],
            [
              81.48259162902832,
              19.221612157400504
            ],
            [
              81.48250579833984,
              19.221166404780394
            ],
            [
              81.4821195602417,
              19.22063960467053
            ],
            [
              81.48181915283203,
              19.219585999384794
            ],
            [
              81.4806604385376,
              19.21800557879173
            ],
            [
              81.48040294647217,
              19.21589832769564
            ],
            [
              81.47958755493164,
              19.214642068997428
            ],
            [
              81.47902965545654,
              19.21496626570958
            ],
            [
              81.47804260253906,
              19.215776754692808
            ],
            [
              81.47212028503418,
              19.213264225838337
            ],
            [
              81.46830081939697,
              19.212088997548264
            ],
            [
              81.4659833908081,
              19.211237964921832
            ],
            [
              81.46392345428467,
              19.207347473967545
            ],
            [
              81.46353721618652,
              19.20645589016096
            ],
            [
              81.46156311035156,
              19.21172426981916
            ],
            [
              81.46091938018799,
              19.213061600870404
            ],
            [
              81.46109104156494,
              19.213588425267588
            ],
            [
              81.46087646484375,
              19.21366947502501
            ],
            [
              81.46040439605713,
              19.21370999988874
            ],
            [
              81.45997524261475,
              19.21419629747431
            ],
            [
              81.46001815795898,
              19.214277346932057
            ],
            [
              81.45933151245117,
              19.21488521659148
            ],
            [
              81.45950317382812,
              19.215006790253646
            ],
            [
              81.45817279815674,
              19.21601990060856
            ],
            [
              81.45825862884521,
              19.216181997685926
            ],
            [
              81.45791530609131,
              19.21630357038905
            ],
            [
              81.45735740661621,
              19.21691143255597
            ],
            [
              81.45688533782959,
              19.217316672751767
            ],
            [
              81.45619869232178,
              19.218167673910926
            ],
            [
              81.45654201507568,
              19.218613434664434
            ],
            [
              81.45675659179688,
              19.21922128828909
            ],
            [
              81.45718574523926,
              19.219991232986356
            ],
            [
              81.45860195159912,
              19.221571634485002
            ],
            [
              81.45933151245117,
              19.22246313631771
            ],
            [
              81.46018981933594,
              19.222746794977475
            ],
            [
              81.46263599395752,
              19.223314110828
            ],
            [
              81.46366596221924,
              19.22392194706571
            ],
            [
              81.46589756011963,
              19.224894480368988
            ],
            [
              81.46748542785645,
              19.225299700879706
            ],
            [
              81.46924495697021,
              19.225461788804154
            ],
            [
              81.47066116333008,
              19.22594805161804
            ],
            [
              81.47310733795166,
              19.226677443140332
            ]
          ]
        ]
      }
    },
    {
      "type": "Feature",
      "properties": {
        "v_name": "Pungarpal",
        "v_code": "448741",
        "d_name": "Kondagaon",
        "d_code": "643",
        "b_name": "Kondagaon",
        "b_code": "3357",
        "gp_name": "Tekapal",
        "gp_code": "265387",
        "s_name": "Chhattisgarh",
        "s_code": "22",
        "impact_data": {
          "v": "PUNGARPAL",
          "d": "KONDAGAON",
          "total_population": 138,
          "affected_population": 38,
          "total_land_ha": 142.791,
          "private_land_ha": 14.811,
          "forest_land_ha": 125.98,
          "revenue_land_ha": 2,
          "remarks": "To be displaced partially",
          "status": "Land under submergence",
          "left_bank_right_bank": "Right Bank"
        },
        "centroid": [
          19.286755,
          81.512358
        ]
      },
      "geometry": {
        "type": "Polygon",
        "coordinates": [
          [
            [
              81.5121603012085,
              19.29708897940994
            ],
            [
              81.51357650756836,
              19.29688645796797
            ],
            [
              81.51546478271484,
              19.29700797086323
            ],
            [
              81.52228832244873,
              19.295833342429432
            ],
            [
              81.52190208435059,
              19.295266277409283
            ],
            [
              81.5216875076294,
              19.294294161374822
            ],
            [
              81.52117252349854,
              19.292835976496686
            ],
            [
              81.52143001556396,
              19.291944857120292
            ],
            [
              81.52185916900635,
              19.290891709784432
            ],
            [
              81.52241706848145,
              19.290041085836002
            ],
            [
              81.52280330657959,
              19.28923096368057
            ],
            [
              81.52353286743164,
              19.28659803898947
            ],
            [
              81.52357578277588,
              19.285018263851548
            ],
            [
              81.52396202087402,
              19.284491668751933
            ],
            [
              81.52413368225098,
              19.28388405691736
            ],
            [
              81.52417659759521,
              19.283438473472472
            ],
            [
              81.52400493621826,
              19.282709334311146
            ],
            [
              81.52276039123535,
              19.28031935541256
            ],
            [
              81.52271747589111,
              19.279590202364965
            ],
            [
              81.5216875076294,
              19.27829392226595
            ],
            [
              81.52160167694092,
              19.27809137757384
            ],
            [
              81.52164459228516,
              19.277483741994907
            ],
            [
              81.52143001556396,
              19.276511520380602
            ],
            [
              81.5209150314331,
              19.276389992273128
            ],
            [
              81.519455909729,
              19.276471011021457
            ],
            [
              81.51881217956543,
              19.276754576325093
            ],
            [
              81.51851177215576,
              19.27679508561411
            ],
            [
              81.51803970336914,
              19.276997631908973
            ],
            [
              81.51718139648438,
              19.277969850638364
            ],
            [
              81.51602268218994,
              19.27792934163984
            ],
            [
              81.51512145996094,
              19.27825341334756
            ],
            [
              81.51246070861816,
              19.279063589811944
            ],
            [
              81.51168823242188,
              19.279347150627796
            ],
            [
              81.51113033294678,
              19.279630710952766
            ],
            [
              81.50949954986572,
              19.279468676541466
            ],
            [
              81.50825500488281,
              19.27873951970704
            ],
            [
              81.50713920593262,
              19.27837494007267
            ],
            [
              81.50640964508057,
              19.278455957839316
            ],
            [
              81.50512218475342,
              19.27809137757384
            ],
            [
              81.50035858154297,
              19.27610642633844
            ],
            [
              81.50074481964111,
              19.282749842127494
            ],
            [
              81.50065898895264,
              19.28562587147757
            ],
            [
              81.50211811065674,
              19.28769172054076
            ],
            [
              81.50284767150879,
              19.28971703745491
            ],
            [
              81.50344848632812,
              19.29149929561281
            ],
            [
              81.50370597839355,
              19.293362544756853
            ],
            [
              81.50366306304932,
              19.29380810119227
            ],
            [
              81.50344848632812,
              19.294901734573035
            ],
            [
              81.50310516357422,
              19.29546880085633
            ],
            [
              81.5040922164917,
              19.295873846998536
            ],
            [
              81.50460720062256,
              19.295873846998536
            ],
            [
              81.50559425354004,
              19.296197883190484
            ],
            [
              81.50649547576904,
              19.296197883190484
            ],
            [
              81.50688171386719,
              19.29627889213822
            ],
            [
              81.50864124298096,
              19.29640040548463
            ],
            [
              81.50949954986572,
              19.296359901045854
            ],
            [
              81.5121603012085,
              19.29708897940994
            ]
          ]
        ]
      }
    },
    {
      "type": "Feature",
      "properties": {
        "v_name": "Puspal Chi",
        "v_code": "449174",
        "d_name": "Bastar",
        "d_code": "374",
        "b_name": "Lohandiguda",
        "b_code": "3361",
        "gp_name": "Kaknar",
        "gp_code": "122225",
        "s_name": "Chhattisgarh",
        "s_code": "22",
        "impact_data": {
          "v": "PUSPAL CHI",
          "d": "BASTAR",
          "total_population": 42,
          "affected_population": 42,
          "total_land_ha": 361.632,
          "private_land_ha": 67.117,
          "forest_land_ha": 213.571,
          "revenue_land_ha": 80.944,
          "remarks": "To be displaced fully",
          "status": "Land under submergence",
          "left_bank_right_bank": "Right Bank"
        },
        "centroid": [
          19.225916,
          81.614197
        ]
      },
      "geometry": {
        "type": "Polygon",
        "coordinates": [
          [
            [
              81.61558628082275,
              19.249732649890205
            ],
            [
              81.6163158416748,
              19.24961110193122
            ],
            [
              81.61489963531494,
              19.244343937222204
            ],
            [
              81.6136121749878,
              19.244181867934866
            ],
            [
              81.61348342895508,
              19.244343937222204
            ],
            [
              81.6136121749878,
              19.24268271944021
            ],
            [
              81.61391258239746,
              19.24260168399636
            ],
            [
              81.61391258239746,
              19.242237024003956
            ],
            [
              81.61365509033203,
              19.2414266655648
            ],
            [
              81.61369800567627,
              19.24053526666111
            ],
            [
              81.61502838134766,
              19.24053526666111
            ],
            [
              81.61382675170898,
              19.237982597569076
            ],
            [
              81.61434173583984,
              19.236361834688477
            ],
            [
              81.61562919616699,
              19.234011700094385
            ],
            [
              81.61768913269043,
              19.231377888599305
            ],
            [
              81.61931991577148,
              19.230040706597983
            ],
            [
              81.62043571472168,
              19.22797413118399
            ],
            [
              81.62133693695068,
              19.22817673776625
            ],
            [
              81.62107944488525,
              19.226677443140332
            ],
            [
              81.62099361419678,
              19.226677443140332
            ],
            [
              81.6209077835083,
              19.226434312992712
            ],
            [
              81.62103652954102,
              19.22631274778397
            ],
            [
              81.6209077835083,
              19.225664398484845
            ],
            [
              81.62391185760498,
              19.223314110828
            ],
            [
              81.62455558776855,
              19.22270627234177
            ],
            [
              81.62597179412842,
              19.220193849412443
            ],
            [
              81.6264009475708,
              19.219099717744005
            ],
            [
              81.62665843963623,
              19.217600340294375
            ],
            [
              81.62721633911133,
              19.216100949167224
            ],
            [
              81.62816047668457,
              19.215412035144855
            ],
            [
              81.62983417510986,
              19.21435839634984
            ],
            [
              81.6287612915039,
              19.213628950151293
            ],
            [
              81.62816047668457,
              19.213304750801953
            ],
            [
              81.62580013275146,
              19.212737400402304
            ],
            [
              81.62567138671875,
              19.21265635018539
            ],
            [
              81.62532806396484,
              19.212088997548264
            ],
            [
              81.62464141845703,
              19.210873235304962
            ],
            [
              81.6240406036377,
              19.208239052940716
            ],
            [
              81.6232681274414,
              19.205969569683855
            ],
            [
              81.62313938140869,
              19.20564535523359
            ],
            [
              81.62301063537598,
              19.20572640890607
            ],
            [
              81.62275314331055,
              19.205523774649972
            ],
            [
              81.62301063537598,
              19.205240086272045
            ],
            [
              81.62288188934326,
              19.204794289261034
            ],
            [
              81.62446975708008,
              19.203537945729675
            ],
            [
              81.62318229675293,
              19.202970561634807
            ],
            [
              81.62116527557373,
              19.20187631535408
            ],
            [
              81.61824703216553,
              19.200741533745674
            ],
            [
              81.61764621734619,
              19.200538893349094
            ],
            [
              81.61734580993652,
              19.20025519637458
            ],
            [
              81.61665916442871,
              19.201106285830555
            ],
            [
              81.61627292633057,
              19.20122786967914
            ],
            [
              81.61614418029785,
              19.201916843123907
            ],
            [
              81.61537170410156,
              19.205077978407836
            ],
            [
              81.61524295806885,
              19.206172203390736
            ],
            [
              81.61528587341309,
              19.20961693820997
            ],
            [
              81.61511421203613,
              19.211926896435212
            ],
            [
              81.61502838134766,
              19.212494249631696
            ],
            [
              81.6145133972168,
              19.214155772730454
            ],
            [
              81.61404132843018,
              19.215857803371353
            ],
            [
              81.61365509033203,
              19.216992480675056
            ],
            [
              81.61253929138184,
              19.21922128828909
            ],
            [
              81.61168098449707,
              19.220801697191888
            ],
            [
              81.61056518554688,
              19.22169320320153
            ],
            [
              81.61030769348145,
              19.222057908811504
            ],
            [
              81.61005020141602,
              19.222179477168293
            ],
            [
              81.60889148712158,
              19.22367881284045
            ],
            [
              81.60708904266357,
              19.225299700879706
            ],
            [
              81.60524368286133,
              19.227163702356123
            ],
            [
              81.60434246063232,
              19.227933609837557
            ],
            [
              81.60309791564941,
              19.229716539624906
            ],
            [
              81.60189628601074,
              19.23182361351385
            ],
            [
              81.60133838653564,
              19.232998700671978
            ],
            [
              81.60116672515869,
              19.233484941174567
            ],
            [
              81.60090923309326,
              19.235227291152817
            ],
            [
              81.60073757171631,
              19.23741533238078
            ],
            [
              81.60056591033936,
              19.238509342060382
            ],
            [
              81.60043716430664,
              19.238914528980615
            ],
            [
              81.59910678863525,
              19.24118355725294
            ],
            [
              81.5978193283081,
              19.242439612988644
            ],
            [
              81.59940719604492,
              19.242480130755574
            ],
            [
              81.60082340240479,
              19.242439612988644
            ],
            [
              81.60232543945312,
              19.24183184528445
            ],
            [
              81.60254001617432,
              19.24183184528445
            ],
            [
              81.6035270690918,
              19.242439612988644
            ],
            [
              81.60468578338623,
              19.24276375484405
            ],
            [
              81.60528659820557,
              19.24312841366623
            ],
            [
              81.60584449768066,
              19.243817211453212
            ],
            [
              81.6061019897461,
              19.24430341991538
            ],
            [
              81.60764694213867,
              19.246329273003322
            ],
            [
              81.60799026489258,
              19.246369789809997
            ],
            [
              81.60854816436768,
              19.24657237369333
            ],
            [
              81.6093635559082,
              19.247463739808882
            ],
            [
              81.6102647781372,
              19.248598198771308
            ],
            [
              81.61090850830078,
              19.248962844629215
            ],
            [
              81.61163806915283,
              19.249003360785625
            ],
            [
              81.61236763000488,
              19.249124909194833
            ],
            [
              81.61558628082275,
              19.249732649890205
            ]
          ]
        ]
      }
    },
    {
      "type": "Feature",
      "properties": {
        "v_name": "Puspal A",
        "v_code": "449162",
        "d_name": "Bastar",
        "d_code": "374",
        "b_name": "Lohandiguda",
        "b_code": "3361",
        "gp_name": "Erpund",
        "gp_code": "122221",
        "s_name": "Chhattisgarh",
        "s_code": "22",
        "impact_data": {
          "v": "PUSPAL A",
          "d": "BASTAR",
          "total_population": 42,
          "affected_population": 42,
          "total_land_ha": 361.632,
          "private_land_ha": 67.117,
          "forest_land_ha": 213.571,
          "revenue_land_ha": 80.944,
          "remarks": "To be displaced fully",
          "status": "Land under submergence",
          "left_bank_right_bank": "Right Bank"
        },
        "centroid": [
          19.214958,
          81.412001
        ]
      },
      "geometry": {
        "type": "Polygon",
        "coordinates": [
          [
            [
              81.41040802001953,
              19.219950709671163
            ],
            [
              81.41169548034668,
              19.219585999384794
            ],
            [
              81.41409873962402,
              19.21922128828909
            ],
            [
              81.41457080841064,
              19.219099717744005
            ],
            [
              81.41598701477051,
              19.218897099969034
            ],
            [
              81.4171028137207,
              19.21824872141057
            ],
            [
              81.41774654388428,
              19.21800557879173
            ],
            [
              81.41916275024414,
              19.217235624792533
            ],
            [
              81.41886234283447,
              19.216222521930295
            ],
            [
              81.41787528991699,
              19.21387209924376
            ],
            [
              81.41740322113037,
              19.211845845818758
            ],
            [
              81.4156436920166,
              19.2109137608579
            ],
            [
              81.41547203063965,
              19.21107586296977
            ],
            [
              81.41504287719727,
              19.21103533745678
            ],
            [
              81.4147424697876,
              19.210832709742032
            ],
            [
              81.41435623168945,
              19.210994811933812
            ],
            [
              81.4141845703125,
              19.21067060739045
            ],
            [
              81.41431331634521,
              19.21046797922625
            ],
            [
              81.41345500946045,
              19.210265350812353
            ],
            [
              81.41336917877197,
              19.210386927890656
            ],
            [
              81.4130687713623,
              19.210508504879066
            ],
            [
              81.41289710998535,
              19.210143773644162
            ],
            [
              81.41242504119873,
              19.210427453563444
            ],
            [
              81.41233921051025,
              19.210427453563444
            ],
            [
              81.41212463378906,
              19.210508504879066
            ],
            [
              81.41186714172363,
              19.2109137608579
            ],
            [
              81.4116096496582,
              19.211197439448796
            ],
            [
              81.41165256500244,
              19.211319015837937
            ],
            [
              81.41143798828125,
              19.211440592137176
            ],
            [
              81.41135215759277,
              19.211400066714088
            ],
            [
              81.41113758087158,
              19.211521642953397
            ],
            [
              81.41096591949463,
              19.211359541281006
            ],
            [
              81.41088008880615,
              19.211400066714088
            ],
            [
              81.41100883483887,
              19.21164321910282
            ],
            [
              81.41062259674072,
              19.21164321910282
            ],
            [
              81.41045093536377,
              19.21176479516235
            ],
            [
              81.40993595123291,
              19.21172426981916
            ],
            [
              81.40937805175781,
              19.21188637113198
            ],
            [
              81.40826225280762,
              19.211562168346532
            ],
            [
              81.40826225280762,
              19.211440592137176
            ],
            [
              81.40800476074219,
              19.211481117550285
            ],
            [
              81.4075756072998,
              19.211562168346532
            ],
            [
              81.4070177078247,
              19.21217004804486
            ],
            [
              81.40620231628418,
              19.212291623714833
            ],
            [
              81.40560150146484,
              19.21265635018539
            ],
            [
              81.40538692474365,
              19.212534774785105
            ],
            [
              81.40452861785889,
              19.213628950151293
            ],
            [
              81.40328407287598,
              19.214844692017444
            ],
            [
              81.40298366546631,
              19.21707352875418
            ],
            [
              81.40362739562988,
              19.217276148777145
            ],
            [
              81.40397071838379,
              19.21743824461569
            ],
            [
              81.40495777130127,
              19.216465667186686
            ],
            [
              81.40641689300537,
              19.215493084003224
            ],
            [
              81.40847682952881,
              19.21496626570958
            ],
            [
              81.40937805175781,
              19.217154576793337
            ],
            [
              81.40972137451172,
              19.21824872141057
            ],
            [
              81.40989303588867,
              19.218613434664434
            ],
            [
              81.40997886657715,
              19.218897099969034
            ],
            [
              81.41040802001953,
              19.219950709671163
            ]
          ]
        ]
      }
    },
    {
      "type": "Feature",
      "properties": {
        "v_name": "Raigondi",
        "v_code": "449179",
        "d_name": "Bastar",
        "d_code": "374",
        "b_name": "Lohandiguda",
        "b_code": "3361",
        "gp_name": "Sataspur",
        "gp_code": "122238",
        "s_name": "Chhattisgarh",
        "s_code": "22",
        "impact_data": {
          "v": "RAIGONDI",
          "d": "BASTAR",
          "total_population": 186,
          "affected_population": 186,
          "total_land_ha": 301.758,
          "private_land_ha": 83.395,
          "forest_land_ha": 145.613,
          "revenue_land_ha": 72.75,
          "remarks": "To be displaced fully",
          "status": "Land under submergence",
          "left_bank_right_bank": "Left Bank"
        },
        "centroid": [
          19.191984,
          81.513352
        ]
      },
      "geometry": {
        "type": "Polygon",
        "coordinates": [
          [
            [
              81.49984359741211,
              19.20649641680248
            ],
            [
              81.50053024291992,
              19.206212730102155
            ],
            [
              81.50177478790283,
              19.20564535523359
            ],
            [
              81.5031909942627,
              19.20463218095747
            ],
            [
              81.50383472442627,
              19.204064800636868
            ],
            [
              81.50507926940918,
              19.202362647932983
            ],
            [
              81.50683879852295,
              19.201430509227116
            ],
            [
              81.50782585144043,
              19.201268397608708
            ],
            [
              81.50872707366943,
              19.20130892552828
            ],
            [
              81.51108741760254,
              19.20122786967914
            ],
            [
              81.51224613189697,
              19.201268397608708
            ],
            [
              81.51314735412598,
              19.20138998133749
            ],
            [
              81.51422023773193,
              19.201633148525495
            ],
            [
              81.5161943435669,
              19.203092144105593
            ],
            [
              81.51748180389404,
              19.204591653856614
            ],
            [
              81.51868343353271,
              19.205523774649972
            ],
            [
              81.51902675628662,
              19.205847989339897
            ],
            [
              81.51932716369629,
              19.20560482838237
            ],
            [
              81.51975631713867,
              19.20438901820257
            ],
            [
              81.52005672454834,
              19.20382163704323
            ],
            [
              81.52040004730225,
              19.203375836187973
            ],
            [
              81.52070045471191,
              19.202403175582997
            ],
            [
              81.5214729309082,
              19.201146813790068
            ],
            [
              81.52250289916992,
              19.20025519637458
            ],
            [
              81.52301788330078,
              19.199606744310223
            ],
            [
              81.5240478515625,
              19.198917761191613
            ],
            [
              81.5246057510376,
              19.198674589990354
            ],
            [
              81.52529239654541,
              19.198553004254958
            ],
            [
              81.52563571929932,
              19.198593532843407
            ],
            [
              81.52623653411865,
              19.198471947048116
            ],
            [
              81.52799606323242,
              19.19758031513751
            ],
            [
              81.52838230133057,
              19.19697238151933
            ],
            [
              81.52894020080566,
              19.195797036822498
            ],
            [
              81.52936935424805,
              19.192230422222607
            ],
            [
              81.52924060821533,
              19.191825120218688
            ],
            [
              81.52872562408447,
              19.190609208219268
            ],
            [
              81.52769565582275,
              19.189595941359155
            ],
            [
              81.5269660949707,
              19.189150101964927
            ],
            [
              81.52645111083984,
              19.188947447295696
            ],
            [
              81.52559280395508,
              19.188055763787524
            ],
            [
              81.52520656585693,
              19.18671822947039
            ],
            [
              81.52486324310303,
              19.185826533889323
            ],
            [
              81.52464866638184,
              19.184975365421
            ],
            [
              81.52443408966064,
              19.184488981463733
            ],
            [
              81.52417659759521,
              19.182948756121696
            ],
            [
              81.52409076690674,
              19.181975974799514
            ],
            [
              81.52396202087402,
              19.18193544211973
            ],
            [
              81.52327537536621,
              19.1804762590042
            ],
            [
              81.52198791503906,
              19.17865226193125
            ],
            [
              81.5209150314331,
              19.179017062961645
            ],
            [
              81.51692390441895,
              19.17966559613199
            ],
            [
              81.51645183563232,
              19.17990879541258
            ],
            [
              81.5161943435669,
              19.179989861759648
            ],
            [
              81.51520729064941,
              19.17974666259875
            ],
            [
              81.51494979858398,
              19.17974666259875
            ],
            [
              81.5147352218628,
              19.17986826222408
            ],
            [
              81.51443481445312,
              19.17986826222408
            ],
            [
              81.51297569274902,
              19.1804762590042
            ],
            [
              81.51263236999512,
              19.180841055995025
            ],
            [
              81.5125036239624,
              19.180597858090916
            ],
            [
              81.5113878250122,
              19.180962654812422
            ],
            [
              81.51061534881592,
              19.18140851637482
            ],
            [
              81.5104866027832,
              19.181165319308587
            ],
            [
              81.51022911071777,
              19.181205852177897
            ],
            [
              81.51022911071777,
              19.181570647552807
            ],
            [
              81.5099287033081,
              19.181692245831556
            ],
            [
              81.50962829589844,
              19.18140851637482
            ],
            [
              81.50954246520996,
              19.181489581983765
            ],
            [
              81.5090274810791,
              19.181327450725977
            ],
            [
              81.50696754455566,
              19.181975974799514
            ],
            [
              81.5064525604248,
              19.1821786380488
            ],
            [
              81.50598049163818,
              19.18250289872894
            ],
            [
              81.50585174560547,
              19.1823813010487
            ],
            [
              81.5049934387207,
              19.18250289872894
            ],
            [
              81.50430679321289,
              19.18274609382008
            ],
            [
              81.50366306304932,
              19.183232482924982
            ],
            [
              81.50323390960693,
              19.183354079976755
            ],
            [
              81.5031909942627,
              19.183475676938748
            ],
            [
              81.50267601013184,
              19.18351620923946
            ],
            [
              81.50198936462402,
              19.183759402834234
            ],
            [
              81.50181770324707,
              19.183799935065114
            ],
            [
              81.5017318725586,
              19.183759402834234
            ],
            [
              81.50164604187012,
              19.1839215316979
            ],
            [
              81.50001525878906,
              19.184934833479428
            ],
            [
              81.49881362915039,
              19.185988660717783
            ],
            [
              81.49907112121582,
              19.18825841955436
            ],
            [
              81.49924278259277,
              19.188785323380696
            ],
            [
              81.49954319000244,
              19.189231163762777
            ],
            [
              81.49941444396973,
              19.18939328723873
            ],
            [
              81.49958610534668,
              19.1902444328681
            ],
            [
              81.4995002746582,
              19.191662999137694
            ],
            [
              81.5004014968872,
              19.193730030959596
            ],
            [
              81.50014400482178,
              19.194419035798347
            ],
            [
              81.49980068206787,
              19.197377670847665
            ],
            [
              81.49992942810059,
              19.19822877518801
            ],
            [
              81.50078773498535,
              19.19944463089481
            ],
            [
              81.50074481964111,
              19.199687800958028
            ],
            [
              81.50083065032959,
              19.199930970661864
            ],
            [
              81.50083065032959,
              19.200417308991348
            ],
            [
              81.50074481964111,
              19.200579421448378
            ],
            [
              81.50044441223145,
              19.20078206179504
            ],
            [
              81.5004014968872,
              19.20086311786382
            ],
            [
              81.50048732757568,
              19.20098470189211
            ],
            [
              81.50010108947754,
              19.20171420417496
            ],
            [
              81.49945735931396,
              19.20321372648652
            ],
            [
              81.49928569793701,
              19.20475376220012
            ],
            [
              81.49984359741211,
              19.20649641680248
            ]
          ]
        ]
      }
    },
    {
      "type": "Feature",
      "properties": {
        "v_name": "Rakasmeta",
        "v_code": "448742",
        "d_name": "Kondagaon",
        "d_code": "643",
        "b_name": "Kondagaon",
        "b_code": "3357",
        "gp_name": "Kudhur",
        "gp_code": "122171",
        "s_name": "Chhattisgarh",
        "s_code": "22",
        "impact_data": {
          "v": "RAKASMETA",
          "d": "KONDAGAON",
          "total_population": 47,
          "affected_population": 47,
          "total_land_ha": 158.141,
          "private_land_ha": 27.139,
          "forest_land_ha": 91.85,
          "revenue_land_ha": 39.151,
          "remarks": "To be displaced fully",
          "status": "Land under submergence",
          "left_bank_right_bank": "Right Bank"
        },
        "centroid": [
          19.259861,
          81.510435
        ]
      },
      "geometry": {
        "type": "Polygon",
        "coordinates": [
          [
            [
              81.50512218475342,
              19.272014920367777
            ],
            [
              81.50705337524414,
              19.271731346861237
            ],
            [
              81.50808334350586,
              19.271285730359512
            ],
            [
              81.50937080383301,
              19.270313471967903
            ],
            [
              81.5110445022583,
              19.26921967438269
            ],
            [
              81.51224613189697,
              19.268166380919812
            ],
            [
              81.51327610015869,
              19.267356150573097
            ],
            [
              81.51520729064941,
              19.265371069297412
            ],
            [
              81.51786804199219,
              19.262454171566947
            ],
            [
              81.51928424835205,
              19.26050954424908
            ],
            [
              81.52035713195801,
              19.25828129709492
            ],
            [
              81.51988506317139,
              19.25722793335537
            ],
            [
              81.5182113647461,
              19.254675523928842
            ],
            [
              81.51778221130371,
              19.253905741861562
            ],
            [
              81.51782512664795,
              19.253824711960124
            ],
            [
              81.51778221130371,
              19.25358162201565
            ],
            [
              81.51761054992676,
              19.253379046786737
            ],
            [
              81.51748180389404,
              19.25341956185253
            ],
            [
              81.51739597320557,
              19.253176471307654
            ],
            [
              81.51700973510742,
              19.25200152859585
            ],
            [
              81.51628017425537,
              19.25098864019368
            ],
            [
              81.51602268218994,
              19.250664514584244
            ],
            [
              81.51516437530518,
              19.249975745538045
            ],
            [
              81.51293277740479,
              19.248355101082502
            ],
            [
              81.51185989379883,
              19.24981368181284
            ],
            [
              81.50997161865234,
              19.250745546046634
            ],
            [
              81.5086841583252,
              19.251474827407172
            ],
            [
              81.5064525604248,
              19.252244620881825
            ],
            [
              81.50615215301514,
              19.252447197511636
            ],
            [
              81.50559425354004,
              19.25208255939787
            ],
            [
              81.50349140167236,
              19.253460076908326
            ],
            [
              81.50198936462402,
              19.254675523928842
            ],
            [
              81.50233268737793,
              19.256215077225516
            ],
            [
              81.50331974029541,
              19.25755204599584
            ],
            [
              81.50460720062256,
              19.25961824902078
            ],
            [
              81.50246143341064,
              19.25973978956446
            ],
            [
              81.50289058685303,
              19.26225160729744
            ],
            [
              81.50306224822998,
              19.26439877582043
            ],
            [
              81.50357723236084,
              19.265533117649582
            ],
            [
              81.50422096252441,
              19.269705807544028
            ],
            [
              81.50439262390137,
              19.270880623397343
            ],
            [
              81.50426387786865,
              19.272014920367777
            ],
            [
              81.50512218475342,
              19.272014920367777
            ]
          ]
        ]
      }
    },
    {
      "type": "Feature",
      "properties": {
        "v_name": "Sadar",
        "v_code": "451289",
        "d_name": "Bijapur",
        "d_code": "636",
        "b_name": "Bhairamgarh",
        "b_code": "3379",
        "gp_name": "Manganar",
        "gp_code": "123345",
        "s_name": "Chhattisgarh",
        "s_code": "22",
        "impact_data": {
          "v": "SADAR",
          "d": "BIJAPUR",
          "total_population": 28,
          "affected_population": 28,
          "total_land_ha": 100.191,
          "private_land_ha": 18.466,
          "forest_land_ha": null,
          "revenue_land_ha": 81.725,
          "remarks": "To be displaced fully",
          "status": null,
          "left_bank_right_bank": null
        },
        "centroid": [
          19.175379,
          81.383118
        ]
      },
      "geometry": {
        "type": "Polygon",
        "coordinates": [
          [
            [
              81.38169765472412,
              19.18128691788659
            ],
            [
              81.38328552246094,
              19.1810327285498
            ],
            [
              81.38328552246094,
              19.18104372064081
            ],
            [
              81.38422966003418,
              19.18088158894414
            ],
            [
              81.38538837432861,
              19.180151994334086
            ],
            [
              81.38671875,
              19.179989861759648
            ],
            [
              81.38753414154053,
              19.1799493285911
            ],
            [
              81.38779163360596,
              19.179543996357044
            ],
            [
              81.38864994049072,
              19.17982772902561
            ],
            [
              81.38895034790039,
              19.179017062961645
            ],
            [
              81.38955116271973,
              19.17865226193125
            ],
            [
              81.39045238494873,
              19.177882123769646
            ],
            [
              81.39143943786621,
              19.176625574829252
            ],
            [
              81.39204025268555,
              19.176787710714944
            ],
            [
              81.39315605163574,
              19.175166344677685
            ],
            [
              81.39272689819336,
              19.174842069555535
            ],
            [
              81.39246940612793,
              19.174396190220484
            ],
            [
              81.39225482940674,
              19.17419351739659
            ],
            [
              81.39178276062012,
              19.174112448197228
            ],
            [
              81.3916540145874,
              19.17395030967884
            ],
            [
              81.3913106918335,
              19.174112448197228
            ],
            [
              81.39083862304688,
              19.173423358392228
            ],
            [
              81.39049530029297,
              19.173058544975856
            ],
            [
              81.38959407806396,
              19.17245052082041
            ],
            [
              81.38912200927734,
              19.172491055833902
            ],
            [
              81.38671875,
              19.171842494421476
            ],
            [
              81.38568878173828,
              19.17163981845663
            ],
            [
              81.38457298278809,
              19.171275001091747
            ],
            [
              81.38328552246094,
              19.17168035366954
            ],
            [
              81.37980937957764,
              19.170383221911006
            ],
            [
              81.37671947479248,
              19.169329294839695
            ],
            [
              81.3753890991211,
              19.172085705250264
            ],
            [
              81.37453079223633,
              19.1728153355829
            ],
            [
              81.37440204620361,
              19.17309907983978
            ],
            [
              81.37440204620361,
              19.173828705685352
            ],
            [
              81.37448787689209,
              19.17508527595698
            ],
            [
              81.37671947479248,
              19.176625574829252
            ],
            [
              81.3780927658081,
              19.17780105638529
            ],
            [
              81.37938022613525,
              19.179057596359595
            ],
            [
              81.38105392456055,
              19.18161118032236
            ],
            [
              81.38169765472412,
              19.18128691788659
            ]
          ]
        ]
      }
    },
    {
      "type": "Feature",
      "properties": {
        "v_name": "Satashpur",
        "v_code": "449178",
        "d_name": "Bastar",
        "d_code": "374",
        "b_name": "Lohandiguda",
        "b_code": "3361",
        "gp_name": "Sataspur",
        "gp_code": "122238",
        "s_name": "Chhattisgarh",
        "s_code": "22",
        "impact_data": {
          "v": "SATASHPUR",
          "d": "BASTAR",
          "total_population": 445,
          "affected_population": 445,
          "total_land_ha": 315.222,
          "private_land_ha": 134.955,
          "forest_land_ha": 89.96,
          "revenue_land_ha": 90.307,
          "remarks": "To be displaced fully",
          "status": "Land under submergence",
          "left_bank_right_bank": "Left Bank"
        },
        "centroid": [
          19.207589,
          81.531345
        ]
      },
      "geometry": {
        "type": "Polygon",
        "coordinates": [
          [
            [
              81.5367078781128,
              19.21654671552556
            ],
            [
              81.53872489929199,
              19.216181997685926
            ],
            [
              81.5394115447998,
              19.216263046164663
            ],
            [
              81.54263019561768,
              19.212007947011717
            ],
            [
              81.54258728027344,
              19.21188637113198
            ],
            [
              81.54267311096191,
              19.21176479516235
            ],
            [
              81.54271602630615,
              19.211683744465986
            ],
            [
              81.54280185699463,
              19.21172426981916
            ],
            [
              81.54280185699463,
              19.211602693729667
            ],
            [
              81.54323101043701,
              19.211319015837937
            ],
            [
              81.54305934906006,
              19.210832709742032
            ],
            [
              81.54258728027344,
              19.210062722148766
            ],
            [
              81.54267311096191,
              19.209941144830758
            ],
            [
              81.54241561889648,
              19.20904957508553
            ],
            [
              81.5419864654541,
              19.20811747427445
            ],
            [
              81.54228687286377,
              19.208076948032385
            ],
            [
              81.54202938079834,
              19.206658523268686
            ],
            [
              81.54160022735596,
              19.20609114993794
            ],
            [
              81.541428565979,
              19.20609114993794
            ],
            [
              81.54121398925781,
              19.2058885161312
            ],
            [
              81.54078483581543,
              19.20568588207482
            ],
            [
              81.54061317443848,
              19.205523774649972
            ],
            [
              81.54048442840576,
              19.205280613213137
            ],
            [
              81.54026985168457,
              19.205240086272045
            ],
            [
              81.5399694442749,
              19.20475376220012
            ],
            [
              81.53984069824219,
              19.204713235129223
            ],
            [
              81.53984069824219,
              19.204591653856614
            ],
            [
              81.53945446014404,
              19.20426743669032
            ],
            [
              81.53945446014404,
              19.204064800636868
            ],
            [
              81.53936862945557,
              19.203983746145592
            ],
            [
              81.53936862945557,
              19.20390269161438
            ],
            [
              81.53919696807861,
              19.2038621643338
            ],
            [
              81.53915405273438,
              19.203659527781102
            ],
            [
              81.53893947601318,
              19.20370005511161
            ],
            [
              81.53863906860352,
              19.20313267157589
            ],
            [
              81.53820991516113,
              19.202727396423658
            ],
            [
              81.53490543365479,
              19.200579421448378
            ],
            [
              81.53039932250977,
              19.198836704164457
            ],
            [
              81.52851104736328,
              19.198390889801345
            ],
            [
              81.52756690979004,
              19.198553004254958
            ],
            [
              81.5275239944458,
              19.198471947048116
            ],
            [
              81.52670860290527,
              19.19822877518801
            ],
            [
              81.52623653411865,
              19.198471947048116
            ],
            [
              81.52580738067627,
              19.198553004254958
            ],
            [
              81.52529239654541,
              19.198553004254958
            ],
            [
              81.5246057510376,
              19.198674589990354
            ],
            [
              81.5240478515625,
              19.198917761191613
            ],
            [
              81.52301788330078,
              19.199606744310223
            ],
            [
              81.52250289916992,
              19.20025519637458
            ],
            [
              81.5214729309082,
              19.201146813790068
            ],
            [
              81.52070045471191,
              19.202403175582997
            ],
            [
              81.52040004730225,
              19.203375836187973
            ],
            [
              81.52005672454834,
              19.20382163704323
            ],
            [
              81.51975631713867,
              19.20438901820257
            ],
            [
              81.51932716369629,
              19.20560482838237
            ],
            [
              81.51902675628662,
              19.205847989339897
            ],
            [
              81.52108669281006,
              19.207955369246275
            ],
            [
              81.52263164520264,
              19.20969798992509
            ],
            [
              81.52366161346436,
              19.21107586296977
            ],
            [
              81.5243911743164,
              19.21188637113198
            ],
            [
              81.52537822723389,
              19.213588425267588
            ],
            [
              81.52657985687256,
              19.214520495065543
            ],
            [
              81.52816772460938,
              19.215168888330005
            ],
            [
              81.53112888336182,
              19.21593885200994
            ],
            [
              81.53203010559082,
              19.21614147343157
            ],
            [
              81.53602123260498,
              19.21654671552556
            ],
            [
              81.5367078781128,
              19.21654671552556
            ]
          ]
        ]
      }
    },
    {
      "type": "Feature",
      "properties": {
        "v_name": "Tumaskodar",
        "v_code": "449160",
        "d_name": "Bastar",
        "d_code": "374",
        "b_name": "Lohandiguda",
        "b_code": "3361",
        "gp_name": "Tumaskodar_vlgp",
        "gp_code": "223740025",
        "s_name": "Chhattisgarh",
        "s_code": "22",
        "impact_data": {
          "v": "TUMASKODAR",
          "d": "BASTAR",
          "total_population": null,
          "affected_population": null,
          "total_land_ha": 215.452,
          "private_land_ha": null,
          "forest_land_ha": 215.452,
          "revenue_land_ha": null,
          "remarks": "Population not affected",
          "status": "Land under submergence",
          "left_bank_right_bank": "Right Bank"
        },
        "centroid": [
          19.232538,
          81.473425
        ]
      },
      "geometry": {
        "type": "Polygon",
        "coordinates": [
          [
            [
              81.46684169769287,
              19.24377669401635
            ],
            [
              81.46727085113525,
              19.24353358918512
            ],
            [
              81.46761417388916,
              19.24231805962783
            ],
            [
              81.46812915802002,
              19.241750809420534
            ],
            [
              81.46864414215088,
              19.24166977351661
            ],
            [
              81.46915912628174,
              19.24118355725294
            ],
            [
              81.46980285644531,
              19.239765418257996
            ],
            [
              81.47044658660889,
              19.23931971490082
            ],
            [
              81.47121906280518,
              19.238955047617637
            ],
            [
              81.47177696228027,
              19.23842830455634
            ],
            [
              81.4722490310669,
              19.237820522000987
            ],
            [
              81.47297859191895,
              19.236483392459487
            ],
            [
              81.47306442260742,
              19.23607819953948
            ],
            [
              81.47327899932861,
              19.235429888787685
            ],
            [
              81.47456645965576,
              19.232917660448248
            ],
            [
              81.4751672744751,
              19.232674539537108
            ],
            [
              81.47593975067139,
              19.232188296635105
            ],
            [
              81.47654056549072,
              19.23145892958283
            ],
            [
              81.4769697189331,
              19.230526955858036
            ],
            [
              81.4775276184082,
              19.230040706597983
            ],
            [
              81.47787094116211,
              19.22943289299866
            ],
            [
              81.47799968719482,
              19.22866299254412
            ],
            [
              81.47838592529297,
              19.228257780329187
            ],
            [
              81.47907257080078,
              19.227812045738265
            ],
            [
              81.48036003112793,
              19.226555878111498
            ],
            [
              81.48070335388184,
              19.225988573454234
            ],
            [
              81.48078918457031,
              19.225421266838033
            ],
            [
              81.48074626922607,
              19.224975524551084
            ],
            [
              81.48027420043945,
              19.224165080931193
            ],
            [
              81.47877216339111,
              19.224610825416836
            ],
            [
              81.47636890411377,
              19.225542832706413
            ],
            [
              81.47435188293457,
              19.226474834708966
            ],
            [
              81.47310733795166,
              19.226677443140332
            ],
            [
              81.47297859191895,
              19.22663692147405
            ],
            [
              81.4734935760498,
              19.229716539624906
            ],
            [
              81.47272109985352,
              19.230729559291543
            ],
            [
              81.47173404693604,
              19.23153997052637
            ],
            [
              81.47070407867432,
              19.233444421187674
            ],
            [
              81.47074699401855,
              19.23534884976373
            ],
            [
              81.4705753326416,
              19.23607819953948
            ],
            [
              81.46898746490479,
              19.237374813363758
            ],
            [
              81.46782875061035,
              19.237982597569076
            ],
            [
              81.46688461303711,
              19.23879297300955
            ],
            [
              81.4661979675293,
              19.239441270481876
            ],
            [
              81.46585464477539,
              19.24033267532611
            ],
            [
              81.46641254425049,
              19.24069733954909
            ],
            [
              81.46697044372559,
              19.2412645933969
            ],
            [
              81.46705627441406,
              19.241953399005318
            ],
            [
              81.46667003631592,
              19.24296634317861
            ],
            [
              81.46641254425049,
              19.243412036634478
            ],
            [
              81.46645545959473,
              19.24377669401635
            ],
            [
              81.46684169769287,
              19.24377669401635
            ]
          ]
        ]
      }
    },
    {
      "type": "Feature",
      "properties": {
        "v_name": "Tumdiwal",
        "v_code": "448729",
        "d_name": "Kondagaon",
        "d_code": "643",
        "b_name": "Kondagaon",
        "b_code": "3357",
        "gp_name": "Kudhur",
        "gp_code": "122171",
        "s_name": "Chhattisgarh",
        "s_code": "22",
        "impact_data": {
          "v": "TUMDIWAL",
          "d": "KONDAGAON",
          "total_population": 560,
          "affected_population": 560,
          "total_land_ha": 819.464,
          "private_land_ha": 535.973,
          "forest_land_ha": 212.045,
          "revenue_land_ha": 71.446,
          "remarks": "To be displaced fully",
          "status": "Land under submergence",
          "left_bank_right_bank": "Right Bank"
        },
        "centroid": [
          19.303172,
          81.48765
        ]
      },
      "geometry": {
        "type": "Polygon",
        "coordinates": [
          [
            [
              81.48812770843506,
              19.31235837404965
            ],
            [
              81.48894309997559,
              19.312074870427413
            ],
            [
              81.49023056030273,
              19.312439374994284
            ],
            [
              81.49117469787598,
              19.312277373064884
            ],
            [
              81.49181842803955,
              19.31114335506464
            ],
            [
              81.49207592010498,
              19.310900350184173
            ],
            [
              81.49229049682617,
              19.310130832346818
            ],
            [
              81.49302005767822,
              19.309280308418625
            ],
            [
              81.49280548095703,
              19.307903260298712
            ],
            [
              81.49289131164551,
              19.307700752244266
            ],
            [
              81.49271965026855,
              19.306688208210648
            ],
            [
              81.4927625656128,
              19.306404694757866
            ],
            [
              81.49306297302246,
              19.305432644902965
            ],
            [
              81.49319171905518,
              19.305230133789387
            ],
            [
              81.49340629577637,
              19.305027622425072
            ],
            [
              81.49460792541504,
              19.303488527862548
            ],
            [
              81.49495124816895,
              19.303407522484424
            ],
            [
              81.49503707885742,
              19.30332651706618
            ],
            [
              81.49516582489014,
              19.303245511607827
            ],
            [
              81.49606704711914,
              19.302435454818035
            ],
            [
              81.49705410003662,
              19.301787406498093
            ],
            [
              81.49735450744629,
              19.301665897152308
            ],
            [
              81.49799823760986,
              19.301098852345355
            ],
            [
              81.49812698364258,
              19.301058349069645
            ],
            [
              81.49855613708496,
              19.301058349069645
            ],
            [
              81.49902820587158,
              19.30097734248816
            ],
            [
              81.49881362915039,
              19.300207777963532
            ],
            [
              81.49868488311768,
              19.299964756835294
            ],
            [
              81.49842739105225,
              19.29980274254926
            ],
            [
              81.49821281433105,
              19.29951921716266
            ],
            [
              81.49812698364258,
              19.29923569128475
            ],
            [
              81.49868488311768,
              19.298385110703187
            ],
            [
              81.49868488311768,
              19.29830410279814
            ],
            [
              81.4985990524292,
              19.29826359883058
            ],
            [
              81.4985990524292,
              19.29793956672915
            ],
            [
              81.4989423751831,
              19.29708897940994
            ],
            [
              81.4985990524292,
              19.29631939659705
            ],
            [
              81.49808406829834,
              19.29595485610668
            ],
            [
              81.49782657623291,
              19.295428296186973
            ],
            [
              81.49778366088867,
              19.295185267960296
            ],
            [
              81.49765491485596,
              19.294982744162375
            ],
            [
              81.49778366088867,
              19.294699210424245
            ],
            [
              81.49744033813477,
              19.29441567619491
            ],
            [
              81.49675369262695,
              19.29401062644376
            ],
            [
              81.49671077728271,
              19.293848606262618
            ],
            [
              81.49658203125,
              19.293403049937464
            ],
            [
              81.49658203125,
              19.29287648180761
            ],
            [
              81.49671077728271,
              19.292511933648417
            ],
            [
              81.49662494659424,
              19.29234991198371
            ],
            [
              81.49628162384033,
              19.29210687918594
            ],
            [
              81.49538040161133,
              19.292268901091212
            ],
            [
              81.49435043334961,
              19.292511933648417
            ],
            [
              81.49392127990723,
              19.29271446050376
            ],
            [
              81.49332046508789,
              19.292754965844757
            ],
            [
              81.49327754974365,
              19.29287648180761
            ],
            [
              81.49302005767822,
              19.29287648180761
            ],
            [
              81.49237632751465,
              19.293038502951074
            ],
            [
              81.49194717407227,
              19.293038502951074
            ],
            [
              81.49147510528564,
              19.29328153436555
            ],
            [
              81.49096012115479,
              19.292795471175733
            ],
            [
              81.48842811584473,
              19.29332203956621
            ],
            [
              81.48834228515625,
              19.294132141474364
            ],
            [
              81.48864269256592,
              19.295104258471202
            ],
            [
              81.48890018463135,
              19.29648141433211
            ],
            [
              81.48911476135254,
              19.297048475141597
            ],
            [
              81.4890718460083,
              19.297169987916547
            ],
            [
              81.48911476135254,
              19.297332004809448
            ],
            [
              81.48709774017334,
              19.298101582860074
            ],
            [
              81.48709774017334,
              19.29814208686774
            ],
            [
              81.48679733276367,
              19.297980070776912
            ],
            [
              81.48550987243652,
              19.29769654223197
            ],
            [
              81.4852523803711,
              19.29749402154194
            ],
            [
              81.4850378036499,
              19.29721049215481
            ],
            [
              81.484694480896,
              19.29688645796797
            ],
            [
              81.4841365814209,
              19.29664343190676
            ],
            [
              81.48396492004395,
              19.296724440633934
            ],
            [
              81.48370742797852,
              19.29692696227642
            ],
            [
              81.48362159729004,
              19.29721049215481
            ],
            [
              81.4835786819458,
              19.29769654223197
            ],
            [
              81.48319244384766,
              19.298344606755677
            ],
            [
              81.4830207824707,
              19.298871157291227
            ],
            [
              81.48284912109375,
              19.29923569128475
            ],
            [
              81.48220539093018,
              19.299600224466108
            ],
            [
              81.48203372955322,
              19.299883749712333
            ],
            [
              81.48190498352051,
              19.30024828144981
            ],
            [
              81.48181915283203,
              19.30081532920485
            ],
            [
              81.48164749145508,
              19.301017845783914
            ],
            [
              81.48113250732422,
              19.301341871789
            ],
            [
              81.47855758666992,
              19.3039340567252
            ],
            [
              81.4780855178833,
              19.304177071956996
            ],
            [
              81.47619724273682,
              19.305797164275553
            ],
            [
              81.47546768188477,
              19.30608067878147
            ],
            [
              81.47508144378662,
              19.306404694757866
            ],
            [
              81.47422313690186,
              19.30676921196403
            ],
            [
              81.47242069244385,
              19.30766025060328
            ],
            [
              81.4720344543457,
              19.30766025060328
            ],
            [
              81.4714765548706,
              19.307903260298712
            ],
            [
              81.4720344543457,
              19.308348777135812
            ],
            [
              81.47233486175537,
              19.309239807168844
            ],
            [
              81.47276401519775,
              19.308996799459504
            ],
            [
              81.47319316864014,
              19.308875295469416
            ],
            [
              81.47435188293457,
              19.308956298139503
            ],
            [
              81.4751672744751,
              19.309118303359313
            ],
            [
              81.47598266601562,
              19.309158804639186
            ],
            [
              81.47632598876953,
              19.309361310888093
            ],
            [
              81.47701263427734,
              19.309644819215254
            ],
            [
              81.47722721099854,
              19.31000932919935
            ],
            [
              81.4775276184082,
              19.310333337391967
            ],
            [
              81.47787094116211,
              19.310535842186322
            ],
            [
              81.47855758666992,
              19.310414339339804
            ],
            [
              81.47993087768555,
              19.310576343115102
            ],
            [
              81.48096084594727,
              19.31094085102266
            ],
            [
              81.48207664489746,
              19.311062353477944
            ],
            [
              81.48344993591309,
              19.310981351851122
            ],
            [
              81.48409366607666,
              19.31114335506464
            ],
            [
              81.48572444915771,
              19.311912868136844
            ],
            [
              81.4872694015503,
              19.31247987545155
            ],
            [
              81.48782730102539,
              19.312641877180297
            ],
            [
              81.48812770843506,
              19.31235837404965
            ]
          ]
        ]
      }
    },
    {
      "type": "Feature",
      "properties": {
        "v_name": "Udenar",
        "v_code": "450129",
        "d_name": "Dakshin Bastar Dantewada",
        "d_code": "376",
        "b_name": "Gidam",
        "b_code": "3370",
        "gp_name": "Bhatpal",
        "gp_code": "123512",
        "s_name": "Chhattisgarh",
        "s_code": "22",
        "impact_data": {
          "v": "UDENAR",
          "d": "DANTEWADA",
          "total_population": 243,
          "affected_population": 243,
          "total_land_ha": 487.908,
          "private_land_ha": 116.534,
          "forest_land_ha": 121.861,
          "revenue_land_ha": 249.515,
          "remarks": "To be displaced fully",
          "status": "Land under submergence",
          "left_bank_right_bank": "Left Bank"
        },
        "centroid": [
          19.202491,
          81.472831
        ]
      },
      "geometry": {
        "type": "Polygon",
        "coordinates": [
          [
            [
              81.47804260253906,
              19.215776754692808
            ],
            [
              81.47902965545654,
              19.21496626570958
            ],
            [
              81.47958755493164,
              19.214642068997428
            ],
            [
              81.48263454437256,
              19.21164321910282
            ],
            [
              81.484694480896,
              19.210832709742032
            ],
            [
              81.48662567138672,
              19.209900619038113
            ],
            [
              81.48898601531982,
              19.208563262278012
            ],
            [
              81.4890718460083,
              19.20564535523359
            ],
            [
              81.48915767669678,
              19.205280613213137
            ],
            [
              81.48894309997559,
              19.204956397404832
            ],
            [
              81.48864269256592,
              19.204713235129223
            ],
            [
              81.48821353912354,
              19.20382163704323
            ],
            [
              81.48791313171387,
              19.20361900044061
            ],
            [
              81.48662567138672,
              19.203092144105593
            ],
            [
              81.48516654968262,
              19.20228159260301
            ],
            [
              81.48473739624023,
              19.20195737088374
            ],
            [
              81.48409366607666,
              19.201268397608708
            ],
            [
              81.48327827453613,
              19.198877232683024
            ],
            [
              81.48332118988037,
              19.19863406142187
            ],
            [
              81.48272037506104,
              19.198998818178836
            ],
            [
              81.4826774597168,
              19.198877232683024
            ],
            [
              81.48272037506104,
              19.198593532843407
            ],
            [
              81.48254871368408,
              19.198350361162984
            ],
            [
              81.48233413696289,
              19.198309832514642
            ],
            [
              81.4817762374878,
              19.198553004254958
            ],
            [
              81.48164749145508,
              19.198431418429717
            ],
            [
              81.48164749145508,
              19.198188246509723
            ],
            [
              81.48134708404541,
              19.197945074230358
            ],
            [
              81.4806604385376,
              19.197377670847665
            ],
            [
              81.48018836975098,
              19.197296613061855
            ],
            [
              81.48001670837402,
              19.19709396842264
            ],
            [
              81.48031711578369,
              19.19685079452618
            ],
            [
              81.48018836975098,
              19.19656709119281
            ],
            [
              81.47937297821045,
              19.19555386100959
            ],
            [
              81.47924423217773,
              19.195229626033427
            ],
            [
              81.47890090942383,
              19.194945919905276
            ],
            [
              81.47877216339111,
              19.194459565404916
            ],
            [
              81.47838592529297,
              19.193932679740993
            ],
            [
              81.47799968719482,
              19.193730030959596
            ],
            [
              81.47705554962158,
              19.19377056073584
            ],
            [
              81.47654056549072,
              19.19368950117337
            ],
            [
              81.47645473480225,
              19.193567911754826
            ],
            [
              81.475510597229,
              19.193730030959596
            ],
            [
              81.47529602050781,
              19.19348685209256
            ],
            [
              81.47327899932861,
              19.192878903353087
            ],
            [
              81.47332191467285,
              19.19251413303156
            ],
            [
              81.47323608398438,
              19.192473602945935
            ],
            [
              81.47173404693604,
              19.19214936190166
            ],
            [
              81.47083282470703,
              19.191784589963405
            ],
            [
              81.46834373474121,
              19.190568677664608
            ],
            [
              81.46774291992188,
              19.190366024741632
            ],
            [
              81.46761417388916,
              19.190366024741632
            ],
            [
              81.46692752838135,
              19.190082310230355
            ],
            [
              81.46649837493896,
              19.19000124885161
            ],
            [
              81.46546840667725,
              19.189636472153303
            ],
            [
              81.46521091461182,
              19.189636472153303
            ],
            [
              81.46503925323486,
              19.189555410555027
            ],
            [
              81.46495342254639,
              19.189717533711672
            ],
            [
              81.46465301513672,
              19.18975806447588
            ],
            [
              81.4641809463501,
              19.189636472153303
            ],
            [
              81.46375179290771,
              19.189028509193324
            ],
            [
              81.46345138549805,
              19.18886638535815
            ],
            [
              81.46315097808838,
              19.18882585437441
            ],
            [
              81.46267890930176,
              19.188947447295696
            ],
            [
              81.46207809448242,
              19.188663730339673
            ],
            [
              81.46164894104004,
              19.188785323380696
            ],
            [
              81.46096229553223,
              19.189190632868847
            ],
            [
              81.46079063415527,
              19.189150101964927
            ],
            [
              81.46057605743408,
              19.18931222552071
            ],
            [
              81.46079063415527,
              19.18939328723873
            ],
            [
              81.46091938018799,
              19.189636472153303
            ],
            [
              81.46091938018799,
              19.190730799823367
            ],
            [
              81.46083354949951,
              19.190811860842874
            ],
            [
              81.46061897277832,
              19.19202777134539
            ],
            [
              81.46130561828613,
              19.193365262524306
            ],
            [
              81.46134853363037,
              19.19405426889007
            ],
            [
              81.45993232727051,
              19.194662213288066
            ],
            [
              81.4572286605835,
              19.196364445655234
            ],
            [
              81.45765781402588,
              19.196810265508503
            ],
            [
              81.4577865600586,
              19.1967292074432
            ],
            [
              81.4577865600586,
              19.196769736480842
            ],
            [
              81.45851612091064,
              19.19822877518801
            ],
            [
              81.46040439605713,
              19.201592620685787
            ],
            [
              81.46319389343262,
              19.205847989339897
            ],
            [
              81.4659833908081,
              19.211237964921832
            ],
            [
              81.46830081939697,
              19.212088997548264
            ],
            [
              81.47212028503418,
              19.213264225838337
            ],
            [
              81.47804260253906,
              19.215776754692808
            ]
          ]
        ]
      }
    }
  ]
}