<?xml version='1.0' encoding='UTF-8'?>
<kml xmlns="http://www.opengis.net/kml/2.2" xmlns:gx="http://www.google.com/kml/ext/2.2"><Document><name>Police/Military Camps (merged)</name><Placemark id="0206D98914316CBF2DAB">
		<name>STF camp palnar B9</name>
		<gx:mid>/g/11h51cbvxl</gx:mid>
		<gx:fid>0x3a31a976b9c64df5:0xc305c95f334db3d2</gx:fid>
		<LookAt>
			<longitude>81.38768689999999</longitude>
			<latitude>18.6167946</latitude>
			<altitude>0</altitude>
			<heading>0</heading>
			<tilt>0</tilt>
			<gx:fovy>35</gx:fovy>
			<range>994.9778172178876</range>
			<altitudeMode>relativeToGround</altitudeMode>
		</LookAt>
		<styleUrl>#__managed_style_09B531A16F364813C59B</styleUrl>
		<Point>
			<altitudeMode>relativeToGround</altitudeMode>
			<coordinates>81.3877344,18.6167629,0</coordinates>
		</Point>
	</Placemark>
	<Placemark id="0B4266B92B316CC01A5F">
		<name>CRPF CAMP DUBBAMARKA</name>
		<gx:mid>/g/11kbnz8jb8</gx:mid>
		<gx:fid>0x3a3147d56237c101:0xba06cf08100b406f</gx:fid>
		<LookAt>
			<longitude>81.10897799999999</longitude>
			<latitude>18.1131439</latitude>
			<altitude>0</altitude>
			<heading>0</heading>
			<tilt>0</tilt>
			<gx:fovy>35</gx:fovy>
			<range>998.2190331192813</range>
			<altitudeMode>relativeToGround</altitudeMode>
		</LookAt>
		<styleUrl>#__managed_style_35DDE8A55A364813C59B</styleUrl>
		<Point>
			<altitudeMode>relativeToGround</altitudeMode>
			<coordinates>81.10897799999999,18.1131439,0</coordinates>
		</Point>
	</Placemark>
	<Placemark id="0B489BEB7B316CC2A1C4">
		<name>Palem camp</name>
		<gx:mid>/g/11pz8c0697</gx:mid>
		<gx:fid>0x3a3059ad02601897:0x3b52e2e70df28f1f</gx:fid>
		<LookAt>
			<longitude>81.7719939</longitude>
			<latitude>18.6710819</latitude>
			<altitude>0</altitude>
			<heading>0</heading>
			<tilt>0</tilt>
			<gx:fovy>35</gx:fovy>
			<range>994.6234513269195</range>
			<altitudeMode>relativeToGround</altitudeMode>
		</LookAt>
		<styleUrl>#__managed_style_35DDE8A55A364813C59B</styleUrl>
		<Point>
			<altitudeMode>relativeToGround</altitudeMode>
			<coordinates>81.7719939,18.6710819,0</coordinates>
		</Point>
	</Placemark>
	<Placemark id="0D4ACC452D316CC2D63B">
		<name>Kerlapal Crpf camp</name>
		<gx:mid>/g/11ls_3_7_c</gx:mid>
		<gx:fid>0x3a30e17ebee3c393:0x67dd9b8d38ccea57</gx:fid>
		<LookAt>
			<longitude>81.5489431</longitude>
			<latitude>18.2866789</latitude>
			<altitude>0</altitude>
			<heading>0</heading>
			<tilt>0</tilt>
			<gx:fovy>35</gx:fovy>
			<range>997.1117323774064</range>
			<altitudeMode>relativeToGround</altitudeMode>
		</LookAt>
		<styleUrl>#__managed_style_35DDE8A55A364813C59B</styleUrl>
		<Point>
			<altitudeMode>relativeToGround</altitudeMode>
			<coordinates>81.54895909999999,18.2866432,0</coordinates>
		</Point>
	</Placemark>
	<Placemark id="095BDA0E39316CC3D2DF">
		<name>CRPF F/02</name>
		<gx:mid>/g/11pzfl7nt9</gx:mid>
		<gx:fid>0x3a30e762f336f395:0x7d3ad4458e88dd79</gx:fid>
		<LookAt>
			<longitude>81.6080851</longitude>
			<latitude>18.3343782</latitude>
			<altitude>0</altitude>
			<heading>0</heading>
			<tilt>0</tilt>
			<gx:fovy>35</gx:fovy>
			<range>996.8056235393821</range>
			<altitudeMode>relativeToGround</altitudeMode>
		</LookAt>
		<styleUrl>#__managed_style_35DDE8A55A364813C59B</styleUrl>
		<Point>
			<altitudeMode>relativeToGround</altitudeMode>
			<coordinates>81.6080851,18.3343782,0</coordinates>
		</Point>
	</Placemark>
	<Placemark id="099B028B13316CC4355C">
		<name>Chikpal camp ptellpar</name>
		<gx:mid>/g/11pvbbq6pb</gx:mid>
		<gx:fid>0x3a305bacd38a3bcd:0x6520c67b3236176</gx:fid>
		<LookAt>
			<longitude>81.70700699999999</longitude>
			<latitude>18.7520801</latitude>
			<altitude>0</altitude>
			<heading>0</heading>
			<tilt>0</tilt>
			<gx:fovy>35</gx:fovy>
			<range>994.0929210595558</range>
			<altitudeMode>relativeToGround</altitudeMode>
		</LookAt>
		<styleUrl>#__managed_style_35DDE8A55A364813C59B</styleUrl>
		<Point>
			<altitudeMode>relativeToGround</altitudeMode>
			<coordinates>81.70700699999999,18.7520801,0</coordinates>
		</Point>
	</Placemark>
	<Placemark id="00554F30B3316CC4837D">
		<name>Potakpalli CRPF camp</name>
		<visibility>0</visibility>
		<gx:mid>/g/11swg8f879</gx:mid>
		<gx:fid>0x3a31479abbbc9737:0xed904af11fadb696</gx:fid>
		<LookAt>
			<longitude>81.10391899999999</longitude>
			<latitude>18.0717516</latitude>
			<altitude>0</altitude>
			<heading>0</heading>
			<tilt>0</tilt>
			<gx:fovy>35</gx:fovy>
			<range>998.481677340232</range>
			<altitudeMode>relativeToGround</altitudeMode>
		</LookAt>
		<styleUrl>#__managed_style_35DDE8A55A364813C59B</styleUrl>
		<Point>
			<altitudeMode>relativeToGround</altitudeMode>
			<coordinates>81.10391899999999,18.0717516,0</coordinates>
		</Point>
	</Placemark>
	<Placemark id="0920A0E293316CC57C51">
		<name>Kuttacheru CRPF Camp</name>
		<gx:mid>/g/11fv3wjwnl</gx:mid>
		<gx:fid>0x3a31310f657e7dbd:0xc9020a0a20141bc6</gx:fid>
		<LookAt>
			<longitude>81.33561189999999</longitude>
			<latitude>17.9849035</latitude>
			<altitude>0</altitude>
			<heading>0</heading>
			<tilt>0</tilt>
			<gx:fovy>35</gx:fovy>
			<range>999.0309028303133</range>
			<altitudeMode>relativeToGround</altitudeMode>
		</LookAt>
		<styleUrl>#__managed_style_35DDE8A55A364813C59B</styleUrl>
		<Point>
			<altitudeMode>relativeToGround</altitudeMode>
			<coordinates>81.33561189999999,17.9849035,0</coordinates>
		</Point>
	</Placemark>
	<Placemark id="0CACEF8159316CC5F641">
		<name>Dholkal Jungle Camp</name>
		<visibility>0</visibility>
		<gx:mid>/g/11tf41j25s</gx:mid>
		<gx:fid>0x3a31b92df1569907:0xd2d52a6453ef83e3</gx:fid>
		<LookAt>
			<longitude>81.2684019</longitude>
			<latitude>18.9403815</latitude>
			<altitude>0</altitude>
			<heading>0</heading>
			<tilt>0</tilt>
			<gx:fovy>35</gx:fovy>
			<range>992.8512154455282</range>
			<altitudeMode>relativeToGround</altitudeMode>
		</LookAt>
		<styleUrl>#__managed_style_35DDE8A55A364813C59B</styleUrl>
		<Point>
			<altitudeMode>relativeToGround</altitudeMode>
			<coordinates>81.2684019,18.9403815,0</coordinates>
		</Point>
	</Placemark>
	<Placemark id="0635C5D4FF316CC7E0E3">
		<name>CRPF 150 Bn</name>
		<gx:mid>/g/11fl94yqsr</gx:mid>
		<gx:fid>0x3a31219a9b3a8621:0xe5484181b616d5b7</gx:fid>
		<LookAt>
			<longitude>81.51163059999999</longitude>
			<latitude>18.1557361</latitude>
			<altitude>0</altitude>
			<heading>0</heading>
			<tilt>0</tilt>
			<gx:fovy>35</gx:fovy>
			<range>997.948182394112</range>
			<altitudeMode>relativeToGround</altitudeMode>
		</LookAt>
		<styleUrl>#__managed_style_35DDE8A55A364813C59B</styleUrl>
		<Point>
			<altitudeMode>relativeToGround</altitudeMode>
			<coordinates>81.51163059999999,18.1557361,0</coordinates>
		</Point>
	</Placemark>
	<Placemark id="0EF12D1A98316CC7FF3B">
		<name>DRG Camp</name>
		<gx:mid>/g/11fq_bj8xv</gx:mid>
		<gx:fid>0x3a3121f842d8983b:0x6728ef20cf2ed8ab</gx:fid>
		<LookAt>
			<longitude>81.5066168</longitude>
			<latitude>18.1489138</latitude>
			<altitude>0</altitude>
			<heading>0</heading>
			<tilt>0</tilt>
			<gx:fovy>35</gx:fovy>
			<range>997.9916069439771</range>
			<altitudeMode>relativeToGround</altitudeMode>
		</LookAt>
		<styleUrl>#__managed_style_35DDE8A55A364813C59B</styleUrl>
		<Point>
			<altitudeMode>relativeToGround</altitudeMode>
			<coordinates>81.50662199999999,18.148953,0</coordinates>
		</Point>
	</Placemark>
	<Placemark id="0BB09A3105316CCE6AA9">
		<name>CAMP DUDHIRAS</name>
		<gx:mid>/g/11n5jxxkh0</gx:mid>
		<gx:fid>0x3a30553b1f3c205d:0xf3b8c372b7eadf5f</gx:fid>
		<LookAt>
			<longitude>81.55512899999999</longitude>
			<latitude>18.6489596</latitude>
			<altitude>0</altitude>
			<heading>0</heading>
			<tilt>0</tilt>
			<gx:fovy>35</gx:fovy>
			<range>994.7679742283199</range>
			<altitudeMode>relativeToGround</altitudeMode>
		</LookAt>
		<styleUrl>#__managed_style_35DDE8A55A364813C59B</styleUrl>
		<Point>
			<altitudeMode>relativeToGround</altitudeMode>
			<coordinates>81.55512899999999,18.6489596,0</coordinates>
		</Point>
	</Placemark>
	<Placemark id="0801F68B8B316CCFD1B3">
		<name>CRPF CAMP KORRA (SUKMA)</name>
		<gx:mid>/g/11vxwg4bch</gx:mid>
		<gx:fid>0x3a30ff002d5ee72d:0xf1495799fe5b314e</gx:fid>
		<LookAt>
			<longitude>81.54156399999999</longitude>
			<latitude>18.5550165</latitude>
			<altitude>0</altitude>
			<heading>0</heading>
			<tilt>0</tilt>
			<gx:fovy>35</gx:fovy>
			<range>995.3798973918779</range>
			<altitudeMode>relativeToGround</altitudeMode>
		</LookAt>
		<styleUrl>#__managed_style_35DDE8A55A364813C59B</styleUrl>
		<Point>
			<altitudeMode>relativeToGround</altitudeMode>
			<coordinates>81.5416168,18.555023,0</coordinates>
		</Point>
	</Placemark>
	<Placemark id="07FE749A43316CD1E9B3">
		<name>Paidagudem CRPF Camp</name>
		<gx:mid>/g/11sn70ngd0</gx:mid>
		<gx:fid>0x3a314da9dcb4accd:0x7f1495d68beb8182</gx:fid>
		<LookAt>
			<longitude>80.9949543</longitude>
			<latitude>17.9294988</latitude>
			<altitude>0</altitude>
			<heading>0</heading>
			<tilt>0</tilt>
			<gx:fovy>35</gx:fovy>
			<range>999.3799732595464</range>
			<altitudeMode>relativeToGround</altitudeMode>
		</LookAt>
		<styleUrl>#__managed_style_35DDE8A55A364813C59B</styleUrl>
		<Point>
			<altitudeMode>relativeToGround</altitudeMode>
			<coordinates>80.9949543,17.9294988,0</coordinates>
		</Point>
	</Placemark>
	<Placemark id="0F53AE0150316CD2C580">
		<name>Velkanguda CRPF Camp</name>
		<gx:mid>/g/11sn2knznd</gx:mid>
		<gx:fid>0x3a314f3e3301a31b:0xd3e10fcd7d5eecd8</gx:fid>
		<LookAt>
			<longitude>81.039776</longitude>
			<latitude>17.9779613</latitude>
			<altitude>0</altitude>
			<heading>0</heading>
			<tilt>0</tilt>
			<gx:fovy>35</gx:fovy>
			<range>999.0746971364498</range>
			<altitudeMode>relativeToGround</altitudeMode>
		</LookAt>
		<styleUrl>#__managed_style_35DDE8A55A364813C59B</styleUrl>
		<Point>
			<altitudeMode>relativeToGround</altitudeMode>
			<coordinates>81.03974889999999,17.9779173,0</coordinates>
		</Point>
	</Placemark>
	<Placemark id="0302DD9C94316CD4C814">
		<name>Potali camp</name>
		<gx:mid>/g/11khzj0sb9</gx:mid>
		<gx:fid>0x3a3105634e96d535:0xefff027cf3efc0bf</gx:fid>
		<LookAt>
			<longitude>81.368695</longitude>
			<latitude>18.4874323</latitude>
			<altitude>0</altitude>
			<heading>0</heading>
			<tilt>0</tilt>
			<gx:fovy>35</gx:fovy>
			<range>995.8183234107945</range>
			<altitudeMode>relativeToGround</altitudeMode>
		</LookAt>
		<styleUrl>#__managed_style_35DDE8A55A364813C59B</styleUrl>
		<Point>
			<altitudeMode>relativeToGround</altitudeMode>
			<coordinates>81.368695,18.4874323,0</coordinates>
		</Point>
	</Placemark>
	<Placemark id="079FF0A4D9316CD7FFF9">
		<name>STF CAMP SUKMA</name>
		<gx:mid>/g/11l37b4fgj</gx:mid>
		<gx:fid>0x3a30fbfcf715b9cf:0x1b826be2c3201d56</gx:fid>
		<LookAt>
			<longitude>81.6718034</longitude>
			<latitude>18.4360324</latitude>
			<altitude>0</altitude>
			<heading>0</heading>
			<tilt>0</tilt>
			<gx:fovy>35</gx:fovy>
			<range>996.1507501932585</range>
			<altitudeMode>relativeToGround</altitudeMode>
		</LookAt>
		<styleUrl>#__managed_style_35DDE8A55A364813C59B</styleUrl>
		<Point>
			<altitudeMode>relativeToGround</altitudeMode>
			<coordinates>81.6718034,18.4360324,0</coordinates>
		</Point>
	</Placemark>
	<Placemark id="06590B9BAE316CD83038">
		<name>Crpf camp maripara sukma</name>
		<gx:mid>/g/11y1lt50cm</gx:mid>
		<gx:fid>0x3989fd26b7389001:0xf2cc5ea58d714fa9</gx:fid>
		<LookAt>
			<longitude>83.48721429999999</longitude>
			<latitude>22.5579257</latitude>
			<altitude>0</altitude>
			<heading>0</heading>
			<tilt>0</tilt>
			<gx:fovy>35</gx:fovy>
			<range>966.7593584915178</range>
			<altitudeMode>relativeToGround</altitudeMode>
		</LookAt>
		<styleUrl>#__managed_style_35DDE8A55A364813C59B</styleUrl>
		<Point>
			<altitudeMode>relativeToGround</altitudeMode>
			<coordinates>83.48720349999999,22.5579865,0</coordinates>
		</Point>
	</Placemark>
	<Placemark id="0BBACF2E9B316CD86ACF">
		<name>Gurudwara crpf camp</name>
		<gx:mid>/g/11l2041ljr</gx:mid>
		<gx:fid>0x3a30e51a0d0c166b:0x9d1c0a00e93525a3</gx:fid>
		<LookAt>
			<longitude>81.65929589999999</longitude>
			<latitude>18.3837562</latitude>
			<altitude>0</altitude>
			<heading>0</heading>
			<tilt>0</tilt>
			<gx:fovy>35</gx:fovy>
			<range>996.4879489177966</range>
			<altitudeMode>relativeToGround</altitudeMode>
		</LookAt>
		<styleUrl>#__managed_style_35DDE8A55A364813C59B</styleUrl>
		<Point>
			<altitudeMode>relativeToGround</altitudeMode>
			<coordinates>81.6592404,18.3837757,0</coordinates>
		</Point>
	</Placemark>
	<Placemark id="057CF47DBF316CD8A2AD">
		<name>CRPF</name>
		<gx:mid>/g/11fmx_dcd6</gx:mid>
		<gx:fid>0x3a30e1b9de10dc23:0x8543d86f3c2827ef</gx:fid>
		<LookAt>
			<longitude>81.54955989999999</longitude>
			<latitude>18.2864427</latitude>
			<altitude>0</altitude>
			<heading>0</heading>
			<tilt>0</tilt>
			<gx:fovy>35</gx:fovy>
			<range>997.1132463107317</range>
			<altitudeMode>relativeToGround</altitudeMode>
		</LookAt>
		<styleUrl>#__managed_style_35DDE8A55A364813C59B</styleUrl>
		<Point>
			<altitudeMode>relativeToGround</altitudeMode>
			<coordinates>81.54955989999999,18.2864427,0</coordinates>
		</Point>
	</Placemark>
	<Placemark id="0CDC931790316CD8CCA9">
		<name>Gorkha CRPF Camp</name>
		<gx:mid>/g/11gbpgyt95</gx:mid>
		<gx:fid>0x3a312dfe65f7f7fb:0xd43e410d12140b7a</gx:fid>
		<LookAt>
			<longitude>81.3444535</longitude>
			<latitude>17.9473561</latitude>
			<altitude>0</altitude>
			<heading>0</heading>
			<tilt>0</tilt>
			<gx:fovy>35</gx:fovy>
			<range>999.267576850373</range>
			<altitudeMode>relativeToGround</altitudeMode>
		</LookAt>
		<styleUrl>#__managed_style_35DDE8A55A364813C59B</styleUrl>
		<Point>
			<altitudeMode>relativeToGround</altitudeMode>
			<coordinates>81.3444535,17.9473561,0</coordinates>
		</Point>
	</Placemark>
	<Placemark id="0958C96130316CD8F173">
		<name>CRPF CAMP</name>
		<gx:mid>/g/11g90157q3</gx:mid>
		<gx:fid>0x3a36b33607628dd9:0x10f771be85b89a5c</gx:fid>
		<LookAt>
			<longitude>81.0529195</longitude>
			<latitude>17.8365378</latitude>
			<altitude>0</altitude>
			<heading>0</heading>
			<tilt>0</tilt>
			<gx:fovy>35</gx:fovy>
			<range>999.9633724229271</range>
			<altitudeMode>relativeToGround</altitudeMode>
		</LookAt>
		<styleUrl>#__managed_style_35DDE8A55A364813C59B</styleUrl>
		<Point>
			<altitudeMode>relativeToGround</altitudeMode>
			<coordinates>81.0529195,17.8365378,0</coordinates>
		</Point>
	</Placemark>
	<Placemark id="018C676CA2316CD92524">
		<name>HQ 02 BN CRPF SUKMA</name>
		<gx:mid>/g/11vqh748s_</gx:mid>
		<gx:fid>0x3a30e500669230fb:0xaeec9f99e3d51d22</gx:fid>
		<LookAt>
			<longitude>81.6587418</longitude>
			<latitude>18.3838896</latitude>
			<altitude>0</altitude>
			<heading>0</heading>
			<tilt>0</tilt>
			<gx:fovy>35</gx:fovy>
			<range>996.4870895934885</range>
			<altitudeMode>relativeToGround</altitudeMode>
		</LookAt>
		<styleUrl>#__managed_style_35DDE8A55A364813C59B</styleUrl>
		<Point>
			<altitudeMode>relativeToGround</altitudeMode>
			<coordinates>81.6587425,18.3838906,0</coordinates>
		</Point>
	</Placemark>
	<Placemark id="0803C3ED99316CD9E1D3">
		<name>CRPF 226 BN GEEDAM NALA</name>
		<gx:mid>/g/11t4bqtm3q</gx:mid>
		<gx:fid>0x3a30fb9efe842f03:0x516b516c2a588775</gx:fid>
		<LookAt>
			<longitude>81.6856825</longitude>
			<latitude>18.4532662</latitude>
			<altitude>0</altitude>
			<heading>0</heading>
			<tilt>0</tilt>
			<gx:fovy>35</gx:fovy>
			<range>996.0393885516249</range>
			<altitudeMode>relativeToGround</altitudeMode>
		</LookAt>
		<styleUrl>#__managed_style_35DDE8A55A364813C59B</styleUrl>
		<Point>
			<altitudeMode>relativeToGround</altitudeMode>
			<coordinates>81.6856825,18.4532662,0</coordinates>
		</Point>
	</Placemark>
	<Placemark id="01FCBB9818316CDA18F3">
		<name>CRPF 223 BN</name>
		<gx:mid>/g/11h1kk1jyq</gx:mid>
		<gx:fid>0x3a31217778ffa46b:0xcfd12f21e59ac9c6</gx:fid>
		<LookAt>
			<longitude>81.50865</longitude>
			<latitude>18.1459773</latitude>
			<altitude>0</altitude>
			<heading>0</heading>
			<tilt>0</tilt>
			<gx:fovy>35</gx:fovy>
			<range>998.010293281431</range>
			<altitudeMode>relativeToGround</altitudeMode>
		</LookAt>
		<styleUrl>#__managed_style_35DDE8A55A364813C59B</styleUrl>
		<Point>
			<altitudeMode>relativeToGround</altitudeMode>
			<coordinates>81.50865,18.1459773,0</coordinates>
		</Point>
	</Placemark>
	<Placemark id="0D59464C7C316CDBE8F5">
		<name>CRPF Camp chintalnar</name>
		<gx:mid>/g/11vldqr735</gx:mid>
		<gx:fid>0x3a31136f8e785c6b:0x26b505dd449af145</gx:fid>
		<LookAt>
			<longitude>81.1824987</longitude>
			<latitude>18.340186</latitude>
			<altitude>0</altitude>
			<heading>0</heading>
			<tilt>0</tilt>
			<gx:fovy>35</gx:fovy>
			<range>996.76830075341</range>
			<altitudeMode>relativeToGround</altitudeMode>
		</LookAt>
		<styleUrl>#__managed_style_35DDE8A55A364813C59B</styleUrl>
		<Point>
			<altitudeMode>relativeToGround</altitudeMode>
			<coordinates>81.1825023,18.3403724,0</coordinates>
		</Point>
	</Placemark>
	<Placemark id="0947AB884D316CDDFF90">
		<name>Karigundam Camp</name>
		<gx:mid>/g/11jyll1p2x</gx:mid>
		<gx:fid>0x3a313fd608e0b501:0x976aada538399adb</gx:fid>
		<LookAt>
			<longitude>81.2495476</longitude>
			<latitude>18.2013714</latitude>
			<altitude>0</altitude>
			<heading>0</heading>
			<tilt>0</tilt>
			<gx:fovy>35</gx:fovy>
			<range>997.6573130785125</range>
			<altitudeMode>relativeToGround</altitudeMode>
		</LookAt>
		<styleUrl>#__managed_style_35DDE8A55A364813C59B</styleUrl>
		<Point>
			<altitudeMode>relativeToGround</altitudeMode>
			<coordinates>81.2495476,18.2013714,0</coordinates>
		</Point>
	</Placemark>
	<Placemark id="0511406738316CDF8DCB">
		<name>CRPF coy location</name>
		<gx:mid>/g/11vs3qt_d6</gx:mid>
		<gx:fid>0x3a31230038be5fa3:0xe2c039a08a1308ef</gx:fid>
		<LookAt>
			<longitude>81.3551951</longitude>
			<latitude>18.2187368</latitude>
			<altitude>0</altitude>
			<heading>0</heading>
			<tilt>0</tilt>
			<gx:fovy>35</gx:fovy>
			<range>997.5464486725928</range>
			<altitudeMode>relativeToGround</altitudeMode>
		</LookAt>
		<styleUrl>#__managed_style_35DDE8A55A364813C59B</styleUrl>
		<Point>
			<altitudeMode>relativeToGround</altitudeMode>
			<coordinates>81.3551951,18.2187368,0</coordinates>
		</Point>
	</Placemark>
	<Placemark id="09C3066365316CE04E80">
		<name>Dharmapenta CRPF Camp</name>
		<gx:mid>/g/11rnn82vp8</gx:mid>
		<gx:fid>0x3a314fb9fdb58ba9:0xa900c0ba4756a23c</gx:fid>
		<LookAt>
			<longitude>81.0182476</longitude>
			<latitude>17.9497853</latitude>
			<altitude>0</altitude>
			<heading>0</heading>
			<tilt>0</tilt>
			<gx:fovy>35</gx:fovy>
			<range>999.252278936375</range>
			<altitudeMode>relativeToGround</altitudeMode>
		</LookAt>
		<styleUrl>#__managed_style_35DDE8A55A364813C59B</styleUrl>
		<Point>
			<altitudeMode>relativeToGround</altitudeMode>
			<coordinates>81.0182226,17.9498008,0</coordinates>
		</Point>
	</Placemark>
	<Placemark id="0C981F3F8E316CE0D717">
		<name>50 BN CRPF</name>
		<gx:mid>/g/11rb4sq169</gx:mid>
		<gx:fid>0x3a312d936968174d:0x46c0311904d54039</gx:fid>
		<LookAt>
			<longitude>81.38410460000001</longitude>
			<latitude>17.8834891</latitude>
			<altitude>0</altitude>
			<heading>0</heading>
			<tilt>0</tilt>
			<gx:fovy>35</gx:fovy>
			<range>999.6690770187118</range>
			<altitudeMode>relativeToGround</altitudeMode>
		</LookAt>
		<styleUrl>#__managed_style_35DDE8A55A364813C59B</styleUrl>
		<Point>
			<altitudeMode>relativeToGround</altitudeMode>
			<coordinates>81.38404199999999,17.8834715,0</coordinates>
		</Point>
	</Placemark>
	<Placemark id="0BA047F738316CE119AF">
		<name>219 Bn CRPF</name>
		<gx:mid>/g/11qppst07v</gx:mid>
		<gx:fid>0x3a312d75a5b2b9e7:0x246497f07077f78c</gx:fid>
		<LookAt>
			<longitude>81.3878155</longitude>
			<latitude>17.880244</latitude>
			<altitude>0</altitude>
			<heading>0</heading>
			<tilt>0</tilt>
			<gx:fovy>35</gx:fovy>
			<range>999.6894411880222</range>
			<altitudeMode>relativeToGround</altitudeMode>
		</LookAt>
		<styleUrl>#__managed_style_35DDE8A55A364813C59B</styleUrl>
		<Point>
			<altitudeMode>relativeToGround</altitudeMode>
			<coordinates>81.3878144,17.8802388,0</coordinates>
		</Point>
	</Placemark>
	<Placemark id="079843F142316CE498BE">
		<name>Kolaiguda Camp</name>
		<gx:mid>/g/11rz7wq3k2</gx:mid>
		<gx:fid>0x3a313b60afdd516f:0xa75cb4da0a293cdd</gx:fid>
		<LookAt>
			<longitude>81.2993585</longitude>
			<latitude>18.10236039999999</latitude>
			<altitude>0</altitude>
			<heading>0</heading>
			<tilt>0</tilt>
			<gx:fovy>35</gx:fovy>
			<range>998.2875117653489</range>
			<altitudeMode>relativeToGround</altitudeMode>
		</LookAt>
		<styleUrl>#__managed_style_35DDE8A55A364813C59B</styleUrl>
		<Point>
			<altitudeMode>relativeToGround</altitudeMode>
			<coordinates>81.2993585,18.1023604,0</coordinates>
		</Point>
	</Placemark>
	<Placemark id="0AB2F12C47316CE764B1">
		<name>Pidmel Camp</name>
		<gx:mid>/g/11tmd7fjzy</gx:mid>
		<gx:fid>0x3a313df40c363623:0x619501a9d26b8b2e</gx:fid>
		<LookAt>
			<longitude>81.2769074</longitude>
			<latitude>18.1769353</latitude>
			<altitude>0</altitude>
			<heading>0</heading>
			<tilt>0</tilt>
			<gx:fovy>35</gx:fovy>
			<range>997.8131491813421</range>
			<altitudeMode>relativeToGround</altitudeMode>
		</LookAt>
		<styleUrl>#__managed_style_35DDE8A55A364813C59B</styleUrl>
		<Point>
			<altitudeMode>relativeToGround</altitudeMode>
			<coordinates>81.2769074,18.1769353,0</coordinates>
		</Point>
	</Placemark>
	<Placemark id="0B7CDEF04C316CE7BB48">
		<name>HT 180 Ground</name>
		<visibility>0</visibility>
		<gx:mid>/g/11trs9clkr</gx:mid>
		<gx:fid>0x3a313dd89904d247:0x91326261368d0da5</gx:fid>
		<LookAt>
			<longitude>81.2676776</longitude>
			<latitude>18.1547409</latitude>
			<altitude>0</altitude>
			<heading>0</heading>
			<tilt>0</tilt>
			<gx:fovy>35</gx:fovy>
			<range>997.9545178919054</range>
			<altitudeMode>relativeToGround</altitudeMode>
		</LookAt>
		<styleUrl>#__managed_style_35DDE8A55A364813C59B</styleUrl>
		<Point>
			<altitudeMode>relativeToGround</altitudeMode>
			<coordinates>81.2676776,18.1547409,0</coordinates>
		</Point>
	</Placemark>
	<Placemark id="054A65C767316CE8C1EC">
		<name>Tondamarka Camp</name>
		<gx:mid>/g/11vjfybv_0</gx:mid>
		<gx:fid>0x3a31418274a370b5:0x82a359acd149c13e</gx:fid>
		<LookAt>
			<longitude>81.13391</longitude>
			<latitude>18.19301</latitude>
			<altitude>0</altitude>
			<heading>0</heading>
			<tilt>0</tilt>
			<gx:fovy>35</gx:fovy>
			<range>997.7106584130846</range>
			<altitudeMode>relativeToGround</altitudeMode>
		</LookAt>
		<styleUrl>#__managed_style_35DDE8A55A364813C59B</styleUrl>
		<Point>
			<altitudeMode>relativeToGround</altitudeMode>
			<coordinates>81.13421385805937,18.19140879210909,0</coordinates>
		</Point>
	</Placemark>
	<Placemark id="05EA65A275316CEBA08F">
		<name>Crpf camp basaguda</name>
		<gx:mid>/g/11srrvskyp</gx:mid>
		<gx:fid>0x3a31796f30593751:0xfb4c7619509c28ab</gx:fid>
		<LookAt>
			<longitude>80.9186156</longitude>
			<latitude>18.5642852</latitude>
			<altitude>0</altitude>
			<heading>0</heading>
			<tilt>0</tilt>
			<gx:fovy>35</gx:fovy>
			<range>995.3196527501716</range>
			<altitudeMode>relativeToGround</altitudeMode>
		</LookAt>
		<styleUrl>#__managed_style_35DDE8A55A364813C59B</styleUrl>
		<Point>
			<altitudeMode>relativeToGround</altitudeMode>
			<coordinates>80.9186156,18.5642852,0</coordinates>
		</Point>
	</Placemark>
	<Placemark id="081147E629316CF60103">
		<name>Chintagupha Camp</name>
		<gx:mid>/g/11jz4fr7m_</gx:mid>
		<gx:fid>0x3a3115d9a30a99cf:0x1cb9435b4164108e</gx:fid>
		<LookAt>
			<longitude>81.24728859999999</longitude>
			<latitude>18.2491675</latitude>
			<altitude>0</altitude>
			<heading>0</heading>
			<tilt>0</tilt>
			<gx:fovy>35</gx:fovy>
			<range>997.3519318076516</range>
			<altitudeMode>relativeToGround</altitudeMode>
		</LookAt>
		<styleUrl>#__managed_style_35DDE8A55A364813C59B</styleUrl>
		<Point>
			<altitudeMode>relativeToGround</altitudeMode>
			<coordinates>81.2472916,18.2491637,0</coordinates>
		</Point>
	</Placemark>
	<Placemark id="0DA3318DD7316CF6BF4E">
		<name>CRPF CAMP pollampalli</name>
		<gx:mid>/g/11p5hthkvm</gx:mid>
		<gx:fid>0x3a3123813824bcf3:0xcf4684a165631e91</gx:fid>
		<LookAt>
			<longitude>81.39158259999999</longitude>
			<latitude>18.1920491</latitude>
			<altitude>0</altitude>
			<heading>0</heading>
			<tilt>0</tilt>
			<gx:fovy>35</gx:fovy>
			<range>997.7167874259453</range>
			<altitudeMode>relativeToGround</altitudeMode>
		</LookAt>
		<styleUrl>#__managed_style_35DDE8A55A364813C59B</styleUrl>
		<Point>
			<altitudeMode>relativeToGround</altitudeMode>
			<coordinates>81.3915409,18.1920651,0</coordinates>
		</Point>
	</Placemark>
	<Placemark id="05D1D63C4B316CF87288">
		<name>CRPF CAMP ERRABORE</name>
		<gx:mid>/g/11szdffkdn</gx:mid>
		<gx:fid>0x3a31299288a45e73:0xc6b556569e30cbd3</gx:fid>
		<LookAt>
			<longitude>81.43035370000001</longitude>
			<latitude>17.9678121</latitude>
			<altitude>0</altitude>
			<heading>0</heading>
			<tilt>0</tilt>
			<gx:fovy>35</gx:fovy>
			<range>999.1386937562602</range>
			<altitudeMode>relativeToGround</altitudeMode>
		</LookAt>
		<styleUrl>#__managed_style_35DDE8A55A364813C59B</styleUrl>
		<Point>
			<altitudeMode>relativeToGround</altitudeMode>
			<coordinates>81.4303537,17.9678121,0</coordinates>
		</Point>
	</Placemark>
	<Placemark id="05FF31DFF5316CFB0D4B">
		<name>Rajpenta</name>
		<gx:mid>/g/12hmd2cmw</gx:mid>
		<gx:fid>0x3a312c3fa3b0bf1f:0xcaf9560be7460f4a</gx:fid>
		<LookAt>
			<longitude>81.42142079999999</longitude>
			<latitude>17.93199405</latitude>
			<altitude>0</altitude>
			<heading>0</heading>
			<tilt>0</tilt>
			<gx:fovy>35</gx:fovy>
			<range>5373.315746897447</range>
			<altitudeMode>relativeToGround</altitudeMode>
		</LookAt>
		<styleUrl>#__managed_style_35DDE8A55A364813C59B</styleUrl>
		<Point>
			<altitudeMode>relativeToGround</altitudeMode>
			<coordinates>81.42142079999999,17.9319944,0</coordinates>
		</Point>
	</Placemark>
	<Placemark id="066EA6FB49316CFC2EAC">
		<name>Burkapal camp</name>
		<gx:mid>/g/11m_g5j6nq</gx:mid>
		<gx:fid>0x3a3115b606677eeb:0x17a2759ea36f08bc</gx:fid>
		<LookAt>
			<longitude>81.19468599999999</longitude>
			<latitude>18.28078499999999</latitude>
			<altitude>0</altitude>
			<heading>0</heading>
			<tilt>0</tilt>
			<gx:fovy>35</gx:fovy>
			<range>997.1495040470386</range>
			<altitudeMode>relativeToGround</altitudeMode>
		</LookAt>
		<styleUrl>#__managed_style_35DDE8A55A364813C59B</styleUrl>
		<Point>
			<altitudeMode>relativeToGround</altitudeMode>
			<coordinates>81.1946858,18.2807843,0</coordinates>
		</Point>
	</Placemark>
	<Placemark id="0F20A67E84316CFD69D2">
		<name>CRPF CAMP BHEJI</name>
		<gx:mid>/g/11smm8xqqc</gx:mid>
		<gx:fid>0x3a3131febf5bc5b5:0xc0822a0c4cf46cc1</gx:fid>
		<LookAt>
			<longitude>81.31087219999999</longitude>
			<latitude>18.0166162</latitude>
			<altitude>0</altitude>
			<heading>0</heading>
			<tilt>0</tilt>
			<gx:fovy>35</gx:fovy>
			<range>998.8306424360993</range>
			<altitudeMode>relativeToGround</altitudeMode>
		</LookAt>
		<styleUrl>#__managed_style_35DDE8A55A364813C59B</styleUrl>
		<Point>
			<altitudeMode>relativeToGround</altitudeMode>
			<coordinates>81.31087219999999,18.0166162,0</coordinates>
		</Point>
	</Placemark>
	<Placemark id="0BE36AF25A316D036CF9">
		<name>Camp</name>
		<LookAt>
			<longitude>81.33273915544105</longitude>
			<latitude>17.83403376234707</latitude>
			<altitude>102.2391132738587</altitude>
			<heading>0</heading>
			<tilt>0</tilt>
			<gx:fovy>35</gx:fovy>
			<range>860.2769292607263</range>
			<altitudeMode>absolute</altitudeMode>
		</LookAt>
		<styleUrl>#__managed_style_09B531A16F364813C59B</styleUrl>
		<Point>
			<coordinates>81.33339719297662,17.83416610291625,102.8090828881381</coordinates>
		</Point>
	</Placemark>
	<Placemark id="0FDC310D3B316D04EB49">
		<name>217 BN CRPF</name>
		<gx:mid>/g/11sb00d2dl</gx:mid>
		<gx:fid>0x3a36d338ef177357:0x8c098ba04a7e6494</gx:fid>
		<LookAt>
			<longitude>81.37245249999999</longitude>
			<latitude>17.811153</latitude>
			<altitude>0</altitude>
			<heading>0</heading>
			<tilt>0</tilt>
			<gx:fovy>35</gx:fovy>
			<range>1000.122181768694</range>
			<altitudeMode>relativeToGround</altitudeMode>
		</LookAt>
		<styleUrl>#__managed_style_35DDE8A55A364813C59B</styleUrl>
		<Point>
			<altitudeMode>relativeToGround</altitudeMode>
			<coordinates>81.37244989999999,17.8111501,0</coordinates>
		</Point>
	</Placemark>
	<Placemark id="04391CA779316D0715FE">
		<name>Untitled placemark</name>
		<LookAt>
			<longitude>81.35028434268385</longitude>
			<latitude>17.82725855951409</latitude>
			<altitude>99.54306966627108</altitude>
			<heading>0</heading>
			<tilt>0</tilt>
			<gx:fovy>35</gx:fovy>
			<range>891.2647306319559</range>
			<altitudeMode>absolute</altitudeMode>
		</LookAt>
		<styleUrl>#__managed_style_079C6E475A364813C59C</styleUrl>
		<Point>
			<coordinates>81.34979602194082,17.82731628831481,102.605486819824</coordinates>
		</Point>
	</Placemark>
	<Placemark id="054BC431CF316D0AC6AB">
		<name>Minpa camp</name>
		<gx:mid>/g/11t2__vpbr</gx:mid>
		<gx:fid>0x3a3115a7211af5c1:0x69a99cb4cb655fe1</gx:fid>
		<LookAt>
			<longitude>81.1742953</longitude>
			<latitude>18.2563068</latitude>
			<altitude>0</altitude>
			<heading>0</heading>
			<tilt>0</tilt>
			<gx:fovy>35</gx:fovy>
			<range>997.3062521032909</range>
			<altitudeMode>relativeToGround</altitudeMode>
		</LookAt>
		<styleUrl>#__managed_style_35DDE8A55A364813C59B</styleUrl>
		<Point>
			<altitudeMode>relativeToGround</altitudeMode>
			<coordinates>81.1743431,18.256322,0</coordinates>
		</Point>
	</Placemark>
	<Placemark id="09F4144310316D0BFAAC">
		<name>New Elmagunda camp</name>
		<gx:mid>/g/11t4gnl4xw</gx:mid>
		<gx:fid>0x3a313ff13e0e641d:0x2772e6dc266b17c5</gx:fid>
		<LookAt>
			<longitude>81.1658479</longitude>
			<latitude>18.2201772</latitude>
			<altitude>0</altitude>
			<heading>0</heading>
			<tilt>0</tilt>
			<gx:fovy>35</gx:fovy>
			<range>997.5372483675737</range>
			<altitudeMode>relativeToGround</altitudeMode>
		</LookAt>
		<styleUrl>#__managed_style_35DDE8A55A364813C59B</styleUrl>
		<Point>
			<altitudeMode>relativeToGround</altitudeMode>
			<coordinates>81.1658479,18.2201772,0</coordinates>
		</Point>
	</Placemark>
	<Placemark id="07795C8B8C316D0C19FC">
		<name>Gadgadmetta camp</name>
		<gx:mid>/g/11s3qlpcnr</gx:mid>
		<gx:fid>0x3a3115d49ce56959:0xc9c91b24ea9fe915</gx:fid>
		<LookAt>
			<longitude>81.1797363</longitude>
			<latitude>18.3061168</latitude>
			<altitude>0</altitude>
			<heading>0</heading>
			<tilt>0</tilt>
			<gx:fovy>35</gx:fovy>
			<range>996.9870811088597</range>
			<altitudeMode>relativeToGround</altitudeMode>
		</LookAt>
		<styleUrl>#__managed_style_35DDE8A55A364813C59B</styleUrl>
		<Point>
			<altitudeMode>relativeToGround</altitudeMode>
			<coordinates>81.17976759999999,18.3061369,0</coordinates>
		</Point>
	</Placemark>
	<Placemark id="088C93315F316D0FE571">
		<name>tongguda ?</name>
		<visibility>0</visibility>
		<LookAt>
			<longitude>80.91053142440231</longitude>
			<latitude>18.22289849746318</latitude>
			<altitude>120.9231096142168</altitude>
			<heading>0</heading>
			<tilt>0</tilt>
			<gx:fovy>35</gx:fovy>
			<range>603.0925850752828</range>
			<altitudeMode>absolute</altitudeMode>
		</LookAt>
		<styleUrl>#__managed_style_079C6E475A364813C59C</styleUrl>
		<Point>
			<coordinates>80.91094815373127,18.22285849939222,121.6414278013956</coordinates>
		</Point>
	</Placemark>
	<Placemark id="006E5B662E316D1185FF">
		<name>Kondasawli CRPF Campus</name>
		<gx:mid>/g/11jznn5jkk</gx:mid>
		<gx:fid>0x3a310d9b7a1fc3ad:0xa08c8cd9101d8660</gx:fid>
		<LookAt>
			<longitude>81.246174</longitude>
			<latitude>18.490013</latitude>
			<altitude>0</altitude>
			<heading>0</heading>
			<tilt>0</tilt>
			<gx:fovy>35</gx:fovy>
			<range>995.801609828048</range>
			<altitudeMode>relativeToGround</altitudeMode>
		</LookAt>
		<styleUrl>#__managed_style_35DDE8A55A364813C59B</styleUrl>
		<Point>
			<altitudeMode>relativeToGround</altitudeMode>
			<coordinates>81.246174,18.490013,0</coordinates>
		</Point>
	</Placemark>
	<Placemark id="05C42E17DB316D130419">
		<name>Kamal Post</name>
		<gx:mid>/g/11tjw2srbp</gx:mid>
		<gx:fid>0x3a310fbd9d441b21:0xb5d5f6a92eee18e1</gx:fid>
		<LookAt>
			<longitude>81.2611642</longitude>
			<latitude>18.4882126</latitude>
			<altitude>0</altitude>
			<heading>0</heading>
			<tilt>0</tilt>
			<gx:fovy>35</gx:fovy>
			<range>995.8132701268432</range>
			<altitudeMode>relativeToGround</altitudeMode>
		</LookAt>
		<styleUrl>#__managed_style_35DDE8A55A364813C59B</styleUrl>
		<Point>
			<altitudeMode>relativeToGround</altitudeMode>
			<coordinates>81.2611642,18.4882126,0</coordinates>
		</Point>
	</Placemark>
	<Placemark id="0C568B1350316D139A6B">
		<name>Kamargudda CRPF Campus</name>
		<gx:mid>/g/11sd0dd7nz</gx:mid>
		<gx:fid>0x3a310d757602b4b9:0xdd676a610683e86</gx:fid>
		<LookAt>
			<longitude>81.2045052</longitude>
			<latitude>18.4834573</latitude>
			<altitude>0</altitude>
			<heading>0</heading>
			<tilt>0</tilt>
			<gx:fovy>35</gx:fovy>
			<range>995.8440627006728</range>
			<altitudeMode>relativeToGround</altitudeMode>
		</LookAt>
		<styleUrl>#__managed_style_35DDE8A55A364813C59B</styleUrl>
		<Point>
			<altitudeMode>relativeToGround</altitudeMode>
			<coordinates>81.2045052,18.4834573,0</coordinates>
		</Point>
	</Placemark>
	<Placemark id="05BB37539B316D287D54">
		<name>Silger CRPF Camp</name>
		<gx:mid>/g/11vr25xzqc</gx:mid>
		<gx:fid>0x3a3171005533c1c1:0x5f8f3358cea2a16e</gx:fid>
		<LookAt>
			<longitude>81.0557566</longitude>
			<latitude>18.4734005</latitude>
			<altitude>0</altitude>
			<heading>0</heading>
			<tilt>0</tilt>
			<gx:fovy>35</gx:fovy>
			<range>995.9091601221622</range>
			<altitudeMode>relativeToGround</altitudeMode>
		</LookAt>
		<styleUrl>#__managed_style_09B531A16F364813C59B</styleUrl>
		<Point>
			<altitudeMode>relativeToGround</altitudeMode>
			<coordinates>81.0557566,18.4734005,0</coordinates>
		</Point>
	</Placemark>
	<Placemark id="0F67968C3D316D2A2A5B">
		<name>PUVARTI CAMP</name>
		<gx:mid>/g/11vt7ky0hk</gx:mid>
		<gx:fid>0x3a317100140839e7:0xc657df440d12cff0</gx:fid>
		<LookAt>
			<longitude>81.00737749999999</longitude>
			<latitude>18.4111196</latitude>
			<altitude>0</altitude>
			<heading>0</heading>
			<tilt>0</tilt>
			<gx:fovy>35</gx:fovy>
			<range>996.3115586287933</range>
			<altitudeMode>relativeToGround</altitudeMode>
		</LookAt>
		<styleUrl>#__managed_style_35DDE8A55A364813C59B</styleUrl>
		<Point>
			<altitudeMode>relativeToGround</altitudeMode>
			<coordinates>81.00737749999999,18.4111196,0</coordinates>
		</Point>
	</Placemark>
	<Placemark id="06C1454261316D2AEB34">
		<name>Crpf camp galgam</name>
		<gx:mid>/g/11l20dcw67</gx:mid>
		<gx:fid>0x3a33d74ed682988f:0x737237bbb3ecb0d7</gx:fid>
		<LookAt>
			<longitude>80.76626899999999</longitude>
			<latitude>18.445068</latitude>
			<altitude>0</altitude>
			<heading>0</heading>
			<tilt>0</tilt>
			<gx:fovy>35</gx:fovy>
			<range>996.0923760483442</range>
			<altitudeMode>relativeToGround</altitudeMode>
		</LookAt>
		<styleUrl>#__managed_style_35DDE8A55A364813C59B</styleUrl>
		<Point>
			<altitudeMode>relativeToGround</altitudeMode>
			<coordinates>80.76626899999999,18.445068,0</coordinates>
		</Point>
	</Placemark>
	<Placemark id="080AD1C99B316D2B9B92">
		<name>CRPF CAMP Chinnagelur 153Bn</name>
		<gx:mid>/g/11vk2v0pnd</gx:mid>
		<gx:fid>0x3a317b007768b187:0x132e1923ae75a156</gx:fid>
		<LookAt>
			<longitude>80.9756062</longitude>
			<latitude>18.4911462</latitude>
			<altitude>0</altitude>
			<heading>0</heading>
			<tilt>0</tilt>
			<gx:fovy>35</gx:fovy>
			<range>995.7942701041042</range>
			<altitudeMode>relativeToGround</altitudeMode>
		</LookAt>
		<styleUrl>#__managed_style_35DDE8A55A364813C59B</styleUrl>
		<Point>
			<altitudeMode>relativeToGround</altitudeMode>
			<coordinates>80.9756062,18.4911462,0</coordinates>
		</Point>
	</Placemark>
	<Placemark id="0880CAD7EF316D32EA15">
		<name>CRPF CAMP F&amp;G COY CAMP LOC</name>
		<gx:mid>/g/11t1ch696n</gx:mid>
		<gx:fid>0x3a31618f32be65b3:0x2b309e7c5b9b6a65</gx:fid>
		<LookAt>
			<longitude>80.8342311</longitude>
			<latitude>18.2261997</latitude>
			<altitude>0</altitude>
			<heading>0</heading>
			<tilt>0</tilt>
			<gx:fovy>35</gx:fovy>
			<range>997.4987732526592</range>
			<altitudeMode>relativeToGround</altitudeMode>
		</LookAt>
		<styleUrl>#__managed_style_35DDE8A55A364813C59B</styleUrl>
		<Point>
			<altitudeMode>relativeToGround</altitudeMode>
			<coordinates>80.8341617,18.2261956,0</coordinates>
		</Point>
	</Placemark>
	<Placemark id="0E093E11AB316D399885">
		<name>230 bn crpf nerli</name>
		<gx:mid>/g/11t25449c_</gx:mid>
		<gx:fid>0x3a31a5d2bc48f4e3:0x308b40e1f1932e8</gx:fid>
		<LookAt>
			<longitude>81.25856139999999</longitude>
			<latitude>18.7451276</latitude>
			<altitude>0</altitude>
			<heading>0</heading>
			<tilt>0</tilt>
			<gx:fovy>35</gx:fovy>
			<range>994.138544075231</range>
			<altitudeMode>relativeToGround</altitudeMode>
		</LookAt>
		<styleUrl>#__managed_style_35DDE8A55A364813C59B</styleUrl>
		<Point>
			<altitudeMode>relativeToGround</altitudeMode>
			<coordinates>81.2585613,18.7451277,0</coordinates>
		</Point>
	</Placemark>
	<Placemark id="0BB9E82343316D3A679F">
		<name>Camp</name>
		<LookAt>
			<longitude>81.35206611035585</longitude>
			<latitude>18.55909056018843</latitude>
			<altitude>543.9743192433842</altitude>
			<heading>0</heading>
			<tilt>0</tilt>
			<gx:fovy>35</gx:fovy>
			<range>593.1938032303151</range>
			<altitudeMode>absolute</altitudeMode>
		</LookAt>
		<styleUrl>#__managed_style_09B531A16F364813C59B</styleUrl>
		<Point>
			<coordinates>81.35285153640147,18.55897491519501,544.5775569221712</coordinates>
		</Point>
	</Placemark>
	<Placemark id="06A13FFD61316D3D01C0">
		<name>BSF</name>
		<gx:mid>/g/11t803mbps</gx:mid>
		<gx:fid>0x3a2e8bccf2fa4b7d:0x929d669cb327c093</gx:fid>
		<LookAt>
			<longitude>81.1507259</longitude>
			<latitude>20.1430761</latitude>
			<altitude>0</altitude>
			<heading>0</heading>
			<tilt>0</tilt>
			<gx:fovy>35</gx:fovy>
			<range>984.6462319425699</range>
			<altitudeMode>relativeToGround</altitudeMode>
		</LookAt>
		<styleUrl>#__managed_style_35DDE8A55A364813C59B</styleUrl>
		<Point>
			<altitudeMode>relativeToGround</altitudeMode>
			<coordinates>81.1507259,20.1430761,0</coordinates>
		</Point>
	</Placemark>
	<Placemark id="0D2FE565F5316D3D7274">
		<name>BSF Camp, Bhaisakanhar</name>
		<gx:mid>/g/11l751913_</gx:mid>
		<gx:fid>0x3a2e912c6d9753a1:0x909b8a7001605a86</gx:fid>
		<LookAt>
			<longitude>81.0694211</longitude>
			<latitude>20.3648161</latitude>
			<altitude>0</altitude>
			<heading>0</heading>
			<tilt>0</tilt>
			<gx:fovy>35</gx:fovy>
			<range>983.0820149643703</range>
			<altitudeMode>relativeToGround</altitudeMode>
		</LookAt>
		<styleUrl>#__managed_style_35DDE8A55A364813C59B</styleUrl>
		<Point>
			<altitudeMode>relativeToGround</altitudeMode>
			<coordinates>81.06942509999999,20.3648246,0</coordinates>
		</Point>
	</Placemark>
	<Placemark id="04948FC3BF316D3D972A">
		<name>Tac SHQ BSF KANKER</name>
		<gx:mid>/g/11sv6vzy8c</gx:mid>
		<gx:fid>0x3a2efd6620828e91:0xc5a433ddfc1bef8f</gx:fid>
		<LookAt>
			<longitude>81.5151583</longitude>
			<latitude>20.2354608</latitude>
			<altitude>0</altitude>
			<heading>0</heading>
			<tilt>0</tilt>
			<gx:fovy>35</gx:fovy>
			<range>983.9964625890266</range>
			<altitudeMode>relativeToGround</altitudeMode>
		</LookAt>
		<styleUrl>#__managed_style_35DDE8A55A364813C59B</styleUrl>
		<Point>
			<altitudeMode>relativeToGround</altitudeMode>
			<coordinates>81.51515909999999,20.2354527,0</coordinates>
		</Point>
	</Placemark>
	<Placemark id="01A35199D1316D3DB6F1">
		<name>BSF Camp Bhaisakanhar Road ROB</name>
		<gx:mid>/g/11vx4t1s3d</gx:mid>
		<gx:fid>0x3a2e91003f6b6bab:0x7164f84802882fb3</gx:fid>
		<LookAt>
			<longitude>81.0678899</longitude>
			<latitude>20.3653029</latitude>
			<altitude>0</altitude>
			<heading>0</heading>
			<tilt>0</tilt>
			<gx:fovy>35</gx:fovy>
			<range>983.0785633982102</range>
			<altitudeMode>relativeToGround</altitudeMode>
		</LookAt>
		<styleUrl>#__managed_style_35DDE8A55A364813C59B</styleUrl>
		<Point>
			<altitudeMode>relativeToGround</altitudeMode>
			<coordinates>81.0678899,20.3653029,0</coordinates>
		</Point>
	</Placemark>
	<Placemark id="0A5DD995AD316D3DD3C6">
		<name>Surali BSF Campus</name>
		<gx:mid>/g/11n13zgx18</gx:mid>
		<gx:fid>0x3a2e5fc02177efd3:0x68ee4242a7ac3937</gx:fid>
		<LookAt>
			<longitude>81.20728129999999</longitude>
			<latitude>20.0383548</latitude>
			<altitude>0</altitude>
			<heading>0</heading>
			<tilt>0</tilt>
			<gx:fovy>35</gx:fovy>
			<range>985.3794160639383</range>
			<altitudeMode>relativeToGround</altitudeMode>
		</LookAt>
		<styleUrl>#__managed_style_35DDE8A55A364813C59B</styleUrl>
		<Point>
			<altitudeMode>relativeToGround</altitudeMode>
			<coordinates>81.20728129999999,20.0383548,0</coordinates>
		</Point>
	</Placemark>
	<Placemark id="0CCF8E5088316D3DF0D0">
		<name>RAJHARA CISF CAMP</name>
		<gx:mid>/g/11gh2wh6wc</gx:mid>
		<gx:fid>0x3a2eb94f9f53b461:0x36bb14f288f81e73</gx:fid>
		<LookAt>
			<longitude>81.0889329</longitude>
			<latitude>20.5879875</latitude>
			<altitude>0</altitude>
			<heading>0</heading>
			<tilt>0</tilt>
			<gx:fovy>35</gx:fovy>
			<range>981.4916138960928</range>
			<altitudeMode>relativeToGround</altitudeMode>
		</LookAt>
		<styleUrl>#__managed_style_35DDE8A55A364813C59B</styleUrl>
		<Point>
			<altitudeMode>relativeToGround</altitudeMode>
			<coordinates>81.0889329,20.5879875,0</coordinates>
		</Point>
	</Placemark>
	<Placemark id="01518D284C316D40D57C">
		<name>195 Bn CRPF</name>
		<gx:mid>/g/11ty4gb3l7</gx:mid>
		<gx:fid>0x3a31d1781fae85c5:0x917a0de3b4023839</gx:fid>
		<LookAt>
			<longitude>81.39425109999999</longitude>
			<latitude>19.1744301</latitude>
			<altitude>0</altitude>
			<heading>0</heading>
			<tilt>0</tilt>
			<gx:fovy>35</gx:fovy>
			<range>991.2915916505807</range>
			<altitudeMode>relativeToGround</altitudeMode>
		</LookAt>
		<styleUrl>#__managed_style_35DDE8A55A364813C59B</styleUrl>
		<Point>
			<altitudeMode>relativeToGround</altitudeMode>
			<coordinates>81.39425109999999,19.1744301,0</coordinates>
		</Point>
	</Placemark>
	<Placemark id="02609CEC8D316D41B33E">
		<name>CRPF</name>
		<gx:mid>/g/11sg_xkymn</gx:mid>
		<gx:fid>0x3a31b93048b17ad9:0xfc9a9f89a32a2d8b</gx:fid>
		<LookAt>
			<longitude>81.2593205</longitude>
			<latitude>18.9333408</latitude>
			<altitude>0</altitude>
			<heading>0</heading>
			<tilt>0</tilt>
			<gx:fovy>35</gx:fovy>
			<range>992.8978535089194</range>
			<altitudeMode>relativeToGround</altitudeMode>
		</LookAt>
		<styleUrl>#__managed_style_35DDE8A55A364813C59B</styleUrl>
		<Point>
			<altitudeMode>relativeToGround</altitudeMode>
			<coordinates>81.2593205,18.9333408,0</coordinates>
		</Point>
	</Placemark>
	<Placemark id="0C03A336EE316D425BA9">
		<name>CRPF Camp</name>
		<gx:mid>/g/11csqjh_6j</gx:mid>
		<gx:fid>0x3a2fd9243da28ba3:0xee7a3cbe9ba66c7c</gx:fid>
		<LookAt>
			<longitude>81.7637948</longitude>
			<latitude>19.4360067</latitude>
			<altitude>0</altitude>
			<heading>0</heading>
			<tilt>0</tilt>
			<gx:fovy>35</gx:fovy>
			<range>989.5272666356146</range>
			<altitudeMode>relativeToGround</altitudeMode>
		</LookAt>
		<styleUrl>#__managed_style_35DDE8A55A364813C59B</styleUrl>
		<Point>
			<altitudeMode>relativeToGround</altitudeMode>
			<coordinates>81.7637948,19.4360067,0</coordinates>
		</Point>
	</Placemark>
	<Placemark id="01C3B7EC0D316D4358B8">
		<name>DIGP RANGE CRPF CAMP DANTEWADA</name>
		<gx:mid>/g/11s1y_3r29</gx:mid>
		<gx:fid>0x3a31b7ebae37fa01:0x1ea5f46267ff890c</gx:fid>
		<LookAt>
			<longitude>81.35157339999999</longitude>
			<latitude>18.9062276</latitude>
			<altitude>0</altitude>
			<heading>0</heading>
			<tilt>0</tilt>
			<gx:fovy>35</gx:fovy>
			<range>993.0773008707667</range>
			<altitudeMode>relativeToGround</altitudeMode>
		</LookAt>
		<styleUrl>#__managed_style_35DDE8A55A364813C59B</styleUrl>
		<Point>
			<altitudeMode>relativeToGround</altitudeMode>
			<coordinates>81.35157339999999,18.9062275,0</coordinates>
		</Point>
	</Placemark>
	<Placemark id="019A16DA5F316D4393B5">
		<name>CRPF</name>
		<gx:mid>/g/11gf06_10b</gx:mid>
		<gx:fid>0x3a301242d6f99053:0x2d96320bd9f3c520</gx:fid>
		<LookAt>
			<longitude>82.01637869999999</longitude>
			<latitude>19.0749749</latitude>
			<altitude>0</altitude>
			<heading>0</heading>
			<tilt>0</tilt>
			<gx:fovy>35</gx:fovy>
			<range>991.9565269374281</range>
			<altitudeMode>relativeToGround</altitudeMode>
		</LookAt>
		<styleUrl>#__managed_style_35DDE8A55A364813C59B</styleUrl>
		<Point>
			<altitudeMode>relativeToGround</altitudeMode>
			<coordinates>82.01637869999999,19.0749749,0</coordinates>
		</Point>
	</Placemark>
	<Placemark id="00BD1CF446316D43BD2C">
		<name>CRPF Camp, Pushpal</name>
		<gx:mid>/g/11jtdktvkx</gx:mid>
		<gx:fid>0x3a31d1e29af3fa2d:0x9502bd0f83d0bb0a</gx:fid>
		<LookAt>
			<longitude>81.4196527</longitude>
			<latitude>19.2177261</latitude>
			<altitude>0</altitude>
			<heading>0</heading>
			<tilt>0</tilt>
			<gx:fovy>35</gx:fovy>
			<range>991.0011102592043</range>
			<altitudeMode>relativeToGround</altitudeMode>
		</LookAt>
		<styleUrl>#__managed_style_35DDE8A55A364813C59B</styleUrl>
		<Point>
			<altitudeMode>relativeToGround</altitudeMode>
			<coordinates>81.4196527,19.2177261,0</coordinates>
		</Point>
	</Placemark>
	<Placemark id="0E21085B2F316D4425DD">
		<name>karanpur crpf camp</name>
		<gx:mid>/g/11g9q97bz2</gx:mid>
		<gx:fid>0x3a300958805ef4db:0x5c725a11417af473</gx:fid>
		<LookAt>
			<longitude>82.1415403</longitude>
			<latitude>19.1154263</latitude>
			<altitude>0</altitude>
			<heading>0</heading>
			<tilt>0</tilt>
			<gx:fovy>35</gx:fovy>
			<range>991.6864696120543</range>
			<altitudeMode>relativeToGround</altitudeMode>
		</LookAt>
		<styleUrl>#__managed_style_35DDE8A55A364813C59B</styleUrl>
		<Point>
			<altitudeMode>relativeToGround</altitudeMode>
			<coordinates>82.1415403,19.1154263,0</coordinates>
		</Point>
	</Placemark>
	<Placemark id="0C7DA42E11316D445289">
		<name>G/188,CRPF</name>
		<gx:mid>/g/11h1j_mkmp</gx:mid>
		<gx:fid>0x3a2fab20a197f805:0xdc4c1230fd351c98</gx:fid>
		<LookAt>
			<longitude>81.5884437</longitude>
			<latitude>20.0829959</latitude>
			<altitude>0</altitude>
			<heading>0</heading>
			<tilt>0</tilt>
			<gx:fovy>35</gx:fovy>
			<range>985.0673066203494</range>
			<altitudeMode>relativeToGround</altitudeMode>
		</LookAt>
		<styleUrl>#__managed_style_35DDE8A55A364813C59B</styleUrl>
		<Point>
			<altitudeMode>relativeToGround</altitudeMode>
			<coordinates>81.5884437,20.0829959,0</coordinates>
		</Point>
	</Placemark>
	<Placemark id="02FA646153316D4B1F75">
		<name>Kumharpara Police Camp</name>
		<gx:mid>/g/11gr1_tykl</gx:mid>
		<gx:fid>0x3a2e3f7559e511f5:0x7124827bf7dfc69</gx:fid>
		<LookAt>
			<longitude>81.2394678</longitude>
			<latitude>19.7143267</latitude>
			<altitude>0</altitude>
			<heading>0</heading>
			<tilt>0</tilt>
			<gx:fovy>35</gx:fovy>
			<range>987.6254266860569</range>
			<altitudeMode>relativeToGround</altitudeMode>
		</LookAt>
		<styleUrl>#__managed_style_35DDE8A55A364813C59B</styleUrl>
		<Point>
			<altitudeMode>relativeToGround</altitudeMode>
			<coordinates>81.2394678,19.7143267,0</coordinates>
		</Point>
	</Placemark>
	<Placemark id="0E536F527E316D4B53BC">
		<name>ITBP camp</name>
		<gx:mid>/g/11p18gkqnx</gx:mid>
		<gx:fid>0x3a31d736f65fba79:0xb586f9d6d0ce8a1</gx:fid>
		<LookAt>
			<longitude>81.4061497</longitude>
			<latitude>19.35692239999999</latitude>
			<altitude>0</altitude>
			<heading>0</heading>
			<tilt>0</tilt>
			<gx:fovy>35</gx:fovy>
			<range>990.0630512747787</range>
			<altitudeMode>relativeToGround</altitudeMode>
		</LookAt>
		<styleUrl>#__managed_style_35DDE8A55A364813C59B</styleUrl>
		<Point>
			<altitudeMode>relativeToGround</altitudeMode>
			<coordinates>81.4061497,19.3569224,0</coordinates>
		</Point>
	</Placemark>
	<Placemark id="00F4A9B2EE316D4B9E7B">
		<name>Police &amp; ITBP Camp Kademeta</name>
		<gx:mid>/g/11tjl15mj6</gx:mid>
		<gx:fid>0x3a31d7f23fda060d:0xde134806f03a16b6</gx:fid>
		<LookAt>
			<longitude>81.38318749999999</longitude>
			<latitude>19.3120625</latitude>
			<altitude>0</altitude>
			<heading>0</heading>
			<tilt>0</tilt>
			<gx:fovy>35</gx:fovy>
			<range>990.3660603311669</range>
			<altitudeMode>relativeToGround</altitudeMode>
		</LookAt>
		<styleUrl>#__managed_style_35DDE8A55A364813C59B</styleUrl>
		<Point>
			<altitudeMode>relativeToGround</altitudeMode>
			<coordinates>81.38318749999999,19.3120625,0</coordinates>
		</Point>
	</Placemark>
	<Placemark id="070F295DDA316D4BC000">
		<name>ITBP CAMP</name>
		<gx:mid>/g/11s8dtn6cn</gx:mid>
		<gx:fid>0x3a2e2f055d75cfdf:0x5621447af1b6479b</gx:fid>
		<LookAt>
			<longitude>81.3707103</longitude>
			<latitude>19.4926974</latitude>
			<altitude>0</altitude>
			<heading>0</heading>
			<tilt>0</tilt>
			<gx:fovy>35</gx:fovy>
			<range>989.1419360501878</range>
			<altitudeMode>relativeToGround</altitudeMode>
		</LookAt>
		<styleUrl>#__managed_style_35DDE8A55A364813C59B</styleUrl>
		<Point>
			<altitudeMode>relativeToGround</altitudeMode>
			<coordinates>81.370735,19.4927765,0</coordinates>
		</Point>
	</Placemark>
	<Placemark id="0DAB1DE4F7316D4BF243">
		<name>ITBP camp kanhargaon</name>
		<gx:mid>/g/11vq0y_b8z</gx:mid>
		<gx:fid>0x3a2e29005e570b0d:0x225b0d2b59a4c043</gx:fid>
		<LookAt>
			<longitude>81.3838458</longitude>
			<latitude>19.4377614</latitude>
			<altitude>0</altitude>
			<heading>0</heading>
			<tilt>0</tilt>
			<gx:fovy>35</gx:fovy>
			<range>989.5153555860815</range>
			<altitudeMode>relativeToGround</altitudeMode>
		</LookAt>
		<styleUrl>#__managed_style_35DDE8A55A364813C59B</styleUrl>
		<Point>
			<altitudeMode>relativeToGround</altitudeMode>
			<coordinates>81.3838458,19.4377614,0</coordinates>
		</Point>
	</Placemark>
	<Placemark id="02208462F7316D4C3574">
		<name>ITBP force camp, munjmeta</name>
		<gx:mid>/g/11q1vd7s6p</gx:mid>
		<gx:fid>0x3a2e39f97b8d3693:0x8b76f47c7501dc5f</gx:fid>
		<LookAt>
			<longitude>81.3142414</longitude>
			<latitude>19.6643051</latitude>
			<altitude>0</altitude>
			<heading>0</heading>
			<tilt>0</tilt>
			<gx:fovy>35</gx:fovy>
			<range>987.9691035712552</range>
			<altitudeMode>relativeToGround</altitudeMode>
		</LookAt>
		<styleUrl>#__managed_style_35DDE8A55A364813C59B</styleUrl>
		<Point>
			<altitudeMode>relativeToGround</altitudeMode>
			<coordinates>81.314239,19.6642986,0</coordinates>
		</Point>
	</Placemark>
	<Placemark id="04EFC5ED20316D4C51D6">
		<name>Itbp 41 b kokodi</name>
		<gx:mid>/g/11t606vzxl</gx:mid>
		<gx:fid>0x3a2fcdb6829a0423:0xbbf4de90c72f1a9f</gx:fid>
		<LookAt>
			<longitude>81.56269829999999</longitude>
			<latitude>19.646055</latitude>
			<altitude>0</altitude>
			<heading>0</heading>
			<tilt>0</tilt>
			<gx:fovy>35</gx:fovy>
			<range>988.0942888166932</range>
			<altitudeMode>relativeToGround</altitudeMode>
		</LookAt>
		<styleUrl>#__managed_style_35DDE8A55A364813C59B</styleUrl>
		<Point>
			<altitudeMode>relativeToGround</altitudeMode>
			<coordinates>81.56269829999999,19.646055,0</coordinates>
		</Point>
	</Placemark>
	<Placemark id="0AB0CBB192316D4C7284">
		<name>C COY 29BN ITBP CAMP ,FARASGAON, CHHATTISGARH</name>
		<gx:mid>/g/11l38_4g_f</gx:mid>
		<gx:fid>0x3a2e3165eb71cc73:0xedfe66512a8f8ae0</gx:fid>
		<LookAt>
			<longitude>81.35532789999999</longitude>
			<latitude>19.61242069999999</latitude>
			<altitude>0</altitude>
			<heading>0</heading>
			<tilt>0</tilt>
			<gx:fovy>35</gx:fovy>
			<range>988.3247159797961</range>
			<altitudeMode>relativeToGround</altitudeMode>
		</LookAt>
		<styleUrl>#__managed_style_35DDE8A55A364813C59B</styleUrl>
		<Point>
			<altitudeMode>relativeToGround</altitudeMode>
			<coordinates>81.35532789999999,19.6124207,0</coordinates>
		</Point>
	</Placemark>
	<Placemark id="0B2AC972C0316D4C9F4F">
		<name>53 bn itbp camp kasturmeta</name>
		<gx:mid>/g/11y3jftdt5</gx:mid>
		<gx:fid>0x3a2e1700400da5d1:0xc19607e69d4f0ae6</gx:fid>
		<LookAt>
			<longitude>81.1464046</longitude>
			<latitude>19.5659838</latitude>
			<altitude>0</altitude>
			<heading>0</heading>
			<tilt>0</tilt>
			<gx:fovy>35</gx:fovy>
			<range>988.6422459881943</range>
			<altitudeMode>relativeToGround</altitudeMode>
		</LookAt>
		<styleUrl>#__managed_style_35DDE8A55A364813C59B</styleUrl>
		<Point>
			<altitudeMode>relativeToGround</altitudeMode>
			<coordinates>81.1464046,19.5659838,0</coordinates>
		</Point>
	</Placemark>
	<Placemark id="0B13B9F938316D4CC094">
		<name>53bn itbp camp akabeda</name>
		<gx:mid>/g/11vymt_f20</gx:mid>
		<gx:fid>0x3a2e3d0019678ab3:0xd7b35de7dcf518d6</gx:fid>
		<LookAt>
			<longitude>81.1784425</longitude>
			<latitude>19.5926713</latitude>
			<altitude>0</altitude>
			<heading>0</heading>
			<tilt>0</tilt>
			<gx:fovy>35</gx:fovy>
			<range>988.4598461216649</range>
			<altitudeMode>relativeToGround</altitudeMode>
		</LookAt>
		<styleUrl>#__managed_style_35DDE8A55A364813C59B</styleUrl>
		<Point>
			<altitudeMode>relativeToGround</altitudeMode>
			<coordinates>81.1784696,19.5926595,0</coordinates>
		</Point>
	</Placemark>
	<Placemark id="081C4578EC316D4D2BBC">
		<name>BSF AMIT</name>
		<gx:mid>/g/11kk0r94kh</gx:mid>
		<gx:fid>0x3a26ff779b13fcd9:0x5ce0bc789f794cf0</gx:fid>
		<LookAt>
			<longitude>82.9566447</longitude>
			<latitude>21.6626863</latitude>
			<altitude>0</altitude>
			<heading>0</heading>
			<tilt>0</tilt>
			<gx:fovy>35</gx:fovy>
			<range>973.6081830347772</range>
			<altitudeMode>relativeToGround</altitudeMode>
		</LookAt>
		<styleUrl>#__managed_style_35DDE8A55A364813C59B</styleUrl>
		<Point>
			<altitudeMode>relativeToGround</altitudeMode>
			<coordinates>82.9566447,21.6626864,0</coordinates>
		</Point>
	</Placemark>
	<Placemark id="0DFF510927316D4E1BF7">
		<name>C/150 BN CRPF CAMP</name>
		<gx:mid>/g/11y3zw2lhc</gx:mid>
		<gx:fid>0x3a3121000c7af279:0x68181849cb62980b</gx:fid>
		<LookAt>
			<longitude>81.5128272</longitude>
			<latitude>18.2205877</latitude>
			<altitude>0</altitude>
			<heading>0</heading>
			<tilt>0</tilt>
			<gx:fovy>35</gx:fovy>
			<range>997.5346262442683</range>
			<altitudeMode>relativeToGround</altitudeMode>
		</LookAt>
		<styleUrl>#__managed_style_35DDE8A55A364813C59B</styleUrl>
		<Point>
			<altitudeMode>relativeToGround</altitudeMode>
			<coordinates>81.51282719999999,18.2205877,0</coordinates>
		</Point>
	</Placemark>
	<Placemark id="050DE4137A316D4E5500">
		<name>165 BN CRPF HEAD QUARTER</name>
		<gx:mid>/g/11kb93_mm_</gx:mid>
		<gx:fid>0x3a30e12c036353bd:0x8c4017b65506f8a9</gx:fid>
		<LookAt>
			<longitude>81.5239352</longitude>
			<latitude>18.2705993</latitude>
			<altitude>0</altitude>
			<heading>0</heading>
			<tilt>0</tilt>
			<gx:fovy>35</gx:fovy>
			<range>997.2147530605625</range>
			<altitudeMode>relativeToGround</altitudeMode>
		</LookAt>
		<styleUrl>#__managed_style_35DDE8A55A364813C59B</styleUrl>
		<Point>
			<altitudeMode>relativeToGround</altitudeMode>
			<coordinates>81.5239352,18.2705993,0</coordinates>
		</Point>
	</Placemark>
	<Placemark id="0EC5574C91316D4E9168">
		<name>B/228 Bn CRPF</name>
		<gx:mid>/g/11ty45s66z</gx:mid>
		<gx:fid>0x3a3127a7d6fb5ddf:0xffaeb5af6d2de14e</gx:fid>
		<LookAt>
			<longitude>81.4784439</longitude>
			<latitude>18.1126498</latitude>
			<altitude>0</altitude>
			<heading>0</heading>
			<tilt>0</tilt>
			<gx:fovy>35</gx:fovy>
			<range>998.2221716536611</range>
			<altitudeMode>relativeToGround</altitudeMode>
		</LookAt>
		<styleUrl>#__managed_style_35DDE8A55A364813C59B</styleUrl>
		<Point>
			<altitudeMode>relativeToGround</altitudeMode>
			<coordinates>81.4784439,18.1126498,0</coordinates>
		</Point>
	</Placemark>
	<Placemark id="0B4256BFD1316D4ED5A6">
		<name>74 BN CRPF</name>
		<gx:mid>/g/11r2dx0f5m</gx:mid>
		<gx:fid>0x3a31219d7ba05fc1:0x19bcb4cd605c8b0a</gx:fid>
		<LookAt>
			<longitude>81.5028844</longitude>
			<latitude>18.1522711</latitude>
			<altitude>0</altitude>
			<heading>0</heading>
			<tilt>0</tilt>
			<gx:fovy>35</gx:fovy>
			<range>997.9702393564041</range>
			<altitudeMode>relativeToGround</altitudeMode>
		</LookAt>
		<styleUrl>#__managed_style_35DDE8A55A364813C59B</styleUrl>
		<Point>
			<altitudeMode>relativeToGround</altitudeMode>
			<coordinates>81.5028844,18.1522711,0</coordinates>
		</Point>
	</Placemark>
	<Placemark id="089FC04C28316D536EC8">
		<name>CRPF 211 bn</name>
		<gx:mid>/g/11k59t81w4</gx:mid>
		<gx:fid>0x3a28c9ca2dc18f43:0xd121f772304ac77c</gx:fid>
		<LookAt>
			<longitude>81.83088479999999</longitude>
			<latitude>21.0721024</latitude>
			<altitude>0</altitude>
			<heading>0</heading>
			<tilt>0</tilt>
			<gx:fovy>35</gx:fovy>
			<range>977.9863449961215</range>
			<altitudeMode>relativeToGround</altitudeMode>
		</LookAt>
		<styleUrl>#__managed_style_35DDE8A55A364813C59B</styleUrl>
		<Point>
			<altitudeMode>relativeToGround</altitudeMode>
			<coordinates>81.83088479999999,21.0721024,0</coordinates>
		</Point>
	</Placemark>
	<Placemark id="0417B2699C316D53C431">
		<name>HQ/227 BN CRPF</name>
		<gx:mid>/g/11jsng3fz7</gx:mid>
		<gx:fid>0x3a305d92456040b3:0x6ea1423de1989529</gx:fid>
		<LookAt>
			<longitude>81.82062239999999</longitude>
			<latitude>18.728223</latitude>
			<altitude>0</altitude>
			<heading>0</heading>
			<tilt>0</tilt>
			<gx:fovy>35</gx:fovy>
			<range>994.2494073511721</range>
			<altitudeMode>relativeToGround</altitudeMode>
		</LookAt>
		<styleUrl>#__managed_style_35DDE8A55A364813C59B</styleUrl>
		<Point>
			<altitudeMode>relativeToGround</altitudeMode>
			<coordinates>81.82062239999999,18.728223,0</coordinates>
		</Point>
	</Placemark>
	<Placemark id="02F66D8FD7316D541799">
		<name>HQ 222 BN CRPF</name>
		<gx:mid>/g/11srb4_80r</gx:mid>
		<gx:fid>0x3a318b5eb651ddb3:0xfcae3df28b06d40</gx:fid>
		<LookAt>
			<longitude>80.84437369999999</longitude>
			<latitude>18.9093185</latitude>
			<altitude>0</altitude>
			<heading>0</heading>
			<tilt>0</tilt>
			<gx:fovy>35</gx:fovy>
			<range>993.056856114035</range>
			<altitudeMode>relativeToGround</altitudeMode>
		</LookAt>
		<styleUrl>#__managed_style_35DDE8A55A364813C59B</styleUrl>
		<Point>
			<altitudeMode>relativeToGround</altitudeMode>
			<coordinates>80.84437369999999,18.9093185,0</coordinates>
		</Point>
	</Placemark>
	<Placemark id="033D61017C316D544908">
		<name>D/4 Signal Bn Crpf</name>
		<gx:mid>/g/11fmnh2z9_</gx:mid>
		<gx:fid>0x3a28e9f8ee618c93:0x2a7df41c0d46a730</gx:fid>
		<LookAt>
			<longitude>81.7360573</longitude>
			<latitude>21.2887909</latitude>
			<altitude>0</altitude>
			<heading>0</heading>
			<tilt>0</tilt>
			<gx:fovy>35</gx:fovy>
			<range>976.3929588810794</range>
			<altitudeMode>relativeToGround</altitudeMode>
		</LookAt>
		<styleUrl>#__managed_style_35DDE8A55A364813C59B</styleUrl>
		<Point>
			<altitudeMode>relativeToGround</altitudeMode>
			<coordinates>81.7360645,21.2888365,0</coordinates>
		</Point>
	</Placemark>
	<Placemark id="07F31D71CC316D547837">
		<name>85 BATTALION CRPF CAMP H Q</name>
		<gx:mid>/g/11rl9jh2dx</gx:mid>
		<gx:fid>0x3a3189f01f3bfeb1:0x96abd0cb11f63edf</gx:fid>
		<LookAt>
			<longitude>80.8495781</longitude>
			<latitude>18.7819375</latitude>
			<altitude>0</altitude>
			<heading>0</heading>
			<tilt>0</tilt>
			<gx:fovy>35</gx:fovy>
			<range>993.8968127276186</range>
			<altitudeMode>relativeToGround</altitudeMode>
		</LookAt>
		<styleUrl>#__managed_style_35DDE8A55A364813C59B</styleUrl>
		<Point>
			<altitudeMode>relativeToGround</altitudeMode>
			<coordinates>80.8495781,18.7819375,0</coordinates>
		</Point>
	</Placemark>
	<Placemark id="0163873CEF316D55825B">
		<name>CAF 1ST BN</name>
		<gx:mid>/g/11c1x4kp_5</gx:mid>
		<gx:fid>0x3a293ce3c0000001:0xad2b1a472df63275</gx:fid>
		<LookAt>
			<longitude>81.3131259</longitude>
			<latitude>21.1982417</latitude>
			<altitude>0</altitude>
			<heading>0</heading>
			<tilt>0</tilt>
			<gx:fovy>35</gx:fovy>
			<range>977.0606326223696</range>
			<altitudeMode>relativeToGround</altitudeMode>
		</LookAt>
		<styleUrl>#__managed_style_35DDE8A55A364813C59B</styleUrl>
		<Point>
			<altitudeMode>relativeToGround</altitudeMode>
			<coordinates>81.3131291,21.1982339,0</coordinates>
		</Point>
	</Placemark>
	<Placemark id="099C3DDB58316D559C6C">
		<name>8TH BATTALION (I/R) C A F RJN C G</name>
		<gx:mid>/g/11pm2r_k50</gx:mid>
		<gx:fid>0x3a295b420cc11f35:0xf697c0cc1d86e5fb</gx:fid>
		<LookAt>
			<longitude>80.9766252</longitude>
			<latitude>21.0911503</latitude>
			<altitude>0</altitude>
			<heading>0</heading>
			<tilt>0</tilt>
			<gx:fovy>35</gx:fovy>
			<range>977.8468838383732</range>
			<altitudeMode>relativeToGround</altitudeMode>
		</LookAt>
		<styleUrl>#__managed_style_35DDE8A55A364813C59B</styleUrl>
		<Point>
			<altitudeMode>relativeToGround</altitudeMode>
			<coordinates>80.9766549,21.0911516,0</coordinates>
		</Point>
	</Placemark>
	<Placemark id="067F81A0D1316D55DF73">
		<name>Caf Battalion Headquarter</name>
		<gx:mid>/g/1pyqwjwj8</gx:mid>
		<gx:fid>0x3a293ce0ec14ba6f:0xa3e057725ab84934</gx:fid>
		<LookAt>
			<longitude>81.31630000000001</longitude>
			<latitude>21.1999</latitude>
			<altitude>0</altitude>
			<heading>0</heading>
			<tilt>0</tilt>
			<gx:fovy>35</gx:fovy>
			<range>977.0484286351227</range>
			<altitudeMode>relativeToGround</altitudeMode>
		</LookAt>
		<styleUrl>#__managed_style_35DDE8A55A364813C59B</styleUrl>
		<Point>
			<altitudeMode>relativeToGround</altitudeMode>
			<coordinates>81.3163,21.1999,0</coordinates>
		</Point>
	</Placemark>
	<Placemark id="0E3928AA9C316D56412D">
		<name>11 TH BATTALION (I/R) C A F PUTPURA JANJGIR-CHAMPA</name>
		<gx:mid>/g/11ptv4t_ql</gx:mid>
		<gx:fid>0x3a27c17fcfc46849:0x502ee4aa8f02e13b</gx:fid>
		<LookAt>
			<longitude>82.52595549999999</longitude>
			<latitude>21.9894631</latitude>
			<altitude>0</altitude>
			<heading>0</heading>
			<tilt>0</tilt>
			<gx:fovy>35</gx:fovy>
			<range>971.1377763012537</range>
			<altitudeMode>relativeToGround</altitudeMode>
		</LookAt>
		<styleUrl>#__managed_style_35DDE8A55A364813C59B</styleUrl>
		<Point>
			<altitudeMode>relativeToGround</altitudeMode>
			<coordinates>82.52595549999999,21.9894631,0</coordinates>
		</Point>
	</Placemark>
	<Placemark id="0A5B806D93316D56B96B">
		<name>65 Bn CRPF Camp</name>
		<gx:mid>/g/11ddt35p_g</gx:mid>
		<gx:fid>0x3a28c20f7d661df5:0x43a02f47431ab30c</gx:fid>
		<LookAt>
			<longitude>81.76777109999999</longitude>
			<latitude>21.2656994</latitude>
			<altitude>0</altitude>
			<heading>0</heading>
			<tilt>0</tilt>
			<gx:fovy>35</gx:fovy>
			<range>976.5634763302552</range>
			<altitudeMode>relativeToGround</altitudeMode>
		</LookAt>
		<styleUrl>#__managed_style_35DDE8A55A364813C59B</styleUrl>
		<Point>
			<altitudeMode>relativeToGround</altitudeMode>
			<coordinates>81.76777559999999,21.2656975,0</coordinates>
		</Point>
	</Placemark>
	<Placemark id="0B74D33154316D5729DB">
		<name>CRPF Transit Camp TC</name>
		<gx:mid>/g/11nnpm_fvr</gx:mid>
		<gx:fid>0x3a28c3c369232e3b:0x4fef3a8ec9da0850</gx:fid>
		<LookAt>
			<longitude>81.7670607</longitude>
			<latitude>21.2652741</latitude>
			<altitude>0</altitude>
			<heading>0</heading>
			<tilt>0</tilt>
			<gx:fovy>35</gx:fovy>
			<range>976.5666153218838</range>
			<altitudeMode>relativeToGround</altitudeMode>
		</LookAt>
		<styleUrl>#__managed_style_35DDE8A55A364813C59B</styleUrl>
		<Point>
			<altitudeMode>relativeToGround</altitudeMode>
			<coordinates>81.7670607,21.2652741,0</coordinates>
		</Point>
	</Placemark>
	<Placemark id="093CEC0A48316D5BEF54">
		<name>Ps tongpal</name>
		<gx:mid>/g/11l2_860y4</gx:mid>
		<gx:fid>0x3a305fae6ac397a3:0x285a5ac37525dc52</gx:fid>
		<LookAt>
			<longitude>81.82698859999999</longitude>
			<latitude>18.7234229</latitude>
			<altitude>0</altitude>
			<heading>0</heading>
			<tilt>0</tilt>
			<gx:fovy>35</gx:fovy>
			<range>994.2808700684319</range>
			<altitudeMode>relativeToGround</altitudeMode>
		</LookAt>
		<styleUrl>#__managed_style_35DDE8A55A364813C59B</styleUrl>
		<Point>
			<altitudeMode>relativeToGround</altitudeMode>
			<coordinates>81.82698859999999,18.7234229,0</coordinates>
		</Point>
	</Placemark>
	<Placemark id="0FBE275CC0316D5C8475">
		<name>Untitled placemark</name>
		<visibility>0</visibility>
		<LookAt>
			<longitude>81.82804576434262</longitude>
			<latitude>18.72168427166433</latitude>
			<altitude>278.4796438777586</altitude>
			<heading>0</heading>
			<tilt>0</tilt>
			<gx:fovy>35</gx:fovy>
			<range>712.6410912524443</range>
			<altitudeMode>absolute</altitudeMode>
		</LookAt>
		<styleUrl>#__managed_style_079C6E475A364813C59C</styleUrl>
		<Point>
			<coordinates>81.82886031706259,18.72202740795958,279.9147266402552</coordinates>
		</Point>
	</Placemark>
	<Placemark id="090B8D44D8316D5D51D2">
		<name>Police Thana</name>
		<gx:mid>/g/11hbgb9ys1</gx:mid>
		<gx:fid>0x3a3058880641f185:0x9cd0d479fd23e882</gx:fid>
		<LookAt>
			<longitude>81.73560719999999</longitude>
			<latitude>18.6379018</latitude>
			<altitude>0</altitude>
			<heading>0</heading>
			<tilt>0</tilt>
			<gx:fovy>35</gx:fovy>
			<range>994.8401532995907</range>
			<altitudeMode>relativeToGround</altitudeMode>
		</LookAt>
		<styleUrl>#__managed_style_35DDE8A55A364813C59B</styleUrl>
		<Point>
			<altitudeMode>relativeToGround</altitudeMode>
			<coordinates>81.73559899999999,18.6379758,0</coordinates>
		</Point>
	</Placemark>
	<Placemark id="0E6C81CF19316D5DC4DD">
		<name>Police Camp Puspal</name>
		<gx:mid>/g/11gbf6r2fn</gx:mid>
		<gx:fid>0x3a3060164ff88e57:0x6ebd6480ad64a16f</gx:fid>
		<LookAt>
			<longitude>81.8859775</longitude>
			<latitude>18.6479218</latitude>
			<altitude>0</altitude>
			<heading>0</heading>
			<tilt>0</tilt>
			<gx:fovy>35</gx:fovy>
			<range>994.7747501150856</range>
			<altitudeMode>relativeToGround</altitudeMode>
		</LookAt>
		<styleUrl>#__managed_style_35DDE8A55A364813C59B</styleUrl>
		<Point>
			<altitudeMode>relativeToGround</altitudeMode>
			<coordinates>81.8859779,18.6479269,0</coordinates>
		</Point>
	</Placemark>
	<Placemark id="0529DC325D316D5DEE76">
		<name>BSF Camp,Pandripani</name>
		<gx:mid>/g/11sqqbd3qx</gx:mid>
		<gx:fid>0x3a3091e468b7d015:0xe871b95cd3bca77f</gx:fid>
		<LookAt>
			<longitude>82.02124189999999</longitude>
			<latitude>18.4396402</latitude>
			<altitude>0</altitude>
			<heading>0</heading>
			<tilt>0</tilt>
			<gx:fovy>35</gx:fovy>
			<range>996.1274453760566</range>
			<altitudeMode>relativeToGround</altitudeMode>
		</LookAt>
		<styleUrl>#__managed_style_35DDE8A55A364813C59B</styleUrl>
		<Point>
			<altitudeMode>relativeToGround</altitudeMode>
			<coordinates>82.02124189999999,18.4396401,0</coordinates>
		</Point>
	</Placemark>
	<Placemark id="05801B34CC316D5E29A2">
		<name>Police camp Pariya</name>
		<gx:mid>/g/11vm6vgw8z</gx:mid>
		<gx:fid>0x3a3119006a90f703:0xd67bff8a7a7f0f3e</gx:fid>
		<LookAt>
			<longitude>81.4184844</longitude>
			<latitude>18.3261625</latitude>
			<altitude>0</altitude>
			<heading>0</heading>
			<tilt>0</tilt>
			<gx:fovy>35</gx:fovy>
			<range>996.858401208344</range>
			<altitudeMode>relativeToGround</altitudeMode>
		</LookAt>
		<styleUrl>#__managed_style_35DDE8A55A364813C59B</styleUrl>
		<Point>
			<altitudeMode>relativeToGround</altitudeMode>
			<coordinates>81.4184844,18.3261625,0</coordinates>
		</Point>
	</Placemark>
	<Placemark id="049B147968316D5E6537">
		<name>Police Camp</name>
		<gx:mid>/g/11f1srxh30</gx:mid>
		<gx:fid>0x3a2f007fb97c913b:0x732325d0f3f42a0a</gx:fid>
		<LookAt>
			<longitude>81.55794659999999</longitude>
			<latitude>20.1303526</latitude>
			<altitude>0</altitude>
			<heading>0</heading>
			<tilt>0</tilt>
			<gx:fovy>35</gx:fovy>
			<range>984.7355030194157</range>
			<altitudeMode>relativeToGround</altitudeMode>
		</LookAt>
		<styleUrl>#__managed_style_35DDE8A55A364813C59B</styleUrl>
		<Point>
			<altitudeMode>relativeToGround</altitudeMode>
			<coordinates>81.55794659999999,20.1303526,0</coordinates>
		</Point>
	</Placemark>
	<Placemark id="0672F0A05D316D5F5906">
		<name>BSF Camp</name>
		<gx:mid>/g/11rn41qt7d</gx:mid>
		<gx:fid>0x3a30cfde0092a237:0x75d131acd8735651</gx:fid>
		<LookAt>
			<longitude>81.6982134</longitude>
			<latitude>18.0073984</latitude>
			<altitude>0</altitude>
			<heading>0</heading>
			<tilt>0</tilt>
			<gx:fovy>35</gx:fovy>
			<range>998.8888857021554</range>
			<altitudeMode>relativeToGround</altitudeMode>
		</LookAt>
		<styleUrl>#__managed_style_35DDE8A55A364813C59B</styleUrl>
		<Point>
			<altitudeMode>relativeToGround</altitudeMode>
			<coordinates>81.69832629999999,18.0073264,0</coordinates>
		</Point>
	</Placemark>
	<Placemark id="0C0E623A31316D60A39F">
		<name>Police camp jakke</name>
		<gx:mid>/g/11ryzcft5x</gx:mid>
		<gx:fid>0x3a2e9f95f25af757:0xc358fb38eae22bac</gx:fid>
		<LookAt>
			<longitude>80.89286129999999</longitude>
			<latitude>20.4184692</latitude>
			<altitude>0</altitude>
			<heading>0</heading>
			<tilt>0</tilt>
			<gx:fovy>35</gx:fovy>
			<range>982.701135430617</range>
			<altitudeMode>relativeToGround</altitudeMode>
		</LookAt>
		<styleUrl>#__managed_style_35DDE8A55A364813C59B</styleUrl>
		<Point>
			<altitudeMode>relativeToGround</altitudeMode>
			<coordinates>80.89279259999999,20.4185146,0</coordinates>
		</Point>
	</Placemark>
	<Placemark id="07F348C8C3316D610690">
		<name>Karkeli Police Camp</name>
		<gx:mid>/g/11r21j176f</gx:mid>
		<gx:fid>0x3a320590da9e9565:0xa09159a88a909328</gx:fid>
		<LookAt>
			<longitude>80.716262</longitude>
			<latitude>19.1915975</latitude>
			<altitude>0</altitude>
			<heading>0</heading>
			<tilt>0</tilt>
			<gx:fovy>35</gx:fovy>
			<range>991.1764857454958</range>
			<altitudeMode>relativeToGround</altitudeMode>
		</LookAt>
		<styleUrl>#__managed_style_35DDE8A55A364813C59B</styleUrl>
		<Point>
			<altitudeMode>relativeToGround</altitudeMode>
			<coordinates>80.716262,19.1915975,0</coordinates>
		</Point>
	</Placemark>
	<Placemark id="00D97566473170400463">
		<name>NMDC Iron And Steel Plant</name>
		<gx:mid>/m/0j46nrx</gx:mid>
		<gx:fid>0x3a300a30ffffffff:0x2598fa94c1faed20</gx:fid>
		<LookAt>
			<longitude>82.1704264</longitude>
			<latitude>19.0932543</latitude>
			<altitude>0</altitude>
			<heading>0</heading>
			<tilt>0</tilt>
			<gx:fovy>35</gx:fovy>
			<range>991.8345584887393</range>
			<altitudeMode>relativeToGround</altitudeMode>
		</LookAt>
		<styleUrl>#__managed_style_3A67DD7FB0364813C59C</styleUrl>
		<Point>
			<altitudeMode>relativeToGround</altitudeMode>
			<coordinates>82.1704264,19.0932543,0</coordinates>
		</Point>
	</Placemark>
	<Placemark id="0BD09004DB3170411685">
		<name>Bailadila Iron Ore Mines</name>
		<gx:mid>/g/1tm0rkzq</gx:mid>
		<gx:fid>0x3a31a1647408da51:0xd0544ff914cebf0d</gx:fid>
		<LookAt>
			<longitude>81.22349025</longitude>
			<latitude>18.69175985</latitude>
			<altitude>0</altitude>
			<heading>0</heading>
			<tilt>0</tilt>
			<gx:fovy>35</gx:fovy>
			<range>11010.44090566149</range>
			<altitudeMode>relativeToGround</altitudeMode>
		</LookAt>
		<styleUrl>#__managed_style_3A67DD7FB0364813C59C</styleUrl>
		<Point>
			<altitudeMode>relativeToGround</altitudeMode>
			<coordinates>81.22158999999999,18.6937815,0</coordinates>
		</Point>
	</Placemark>
	<Placemark id="064141A1C83170424448">
		<name>Deposit 5, Bailadila Iron Ore Mine, NMDC.Ltd</name>
		<gx:mid>/g/11cs5m9zb8</gx:mid>
		<gx:fid>0x3a31a194be889333:0xf21f833334cc7e40</gx:fid>
		<LookAt>
			<longitude>81.18696489999999</longitude>
			<latitude>18.6762837</latitude>
			<altitude>0</altitude>
			<heading>0</heading>
			<tilt>0</tilt>
			<gx:fovy>35</gx:fovy>
			<range>994.5894450254887</range>
			<altitudeMode>relativeToGround</altitudeMode>
		</LookAt>
		<styleUrl>#__managed_style_3A67DD7FB0364813C59C</styleUrl>
		<Point>
			<altitudeMode>relativeToGround</altitudeMode>
			<coordinates>81.18696489999999,18.6762837,0</coordinates>
		</Point>
	</Placemark>
	<Placemark id="0BC162AA283170426EBB">
		<name>Deposit-11B Mining Project, NMDC Kirandul Complex</name>
		<gx:mid>/g/11lcm30cl1</gx:mid>
		<gx:fid>0x3a31a100524c2e2f:0x17174c1b39a890f9</gx:fid>
		<LookAt>
			<longitude>81.22912119999999</longitude>
			<latitude>18.6594283</latitude>
			<altitude>0</altitude>
			<heading>0</heading>
			<tilt>0</tilt>
			<gx:fovy>35</gx:fovy>
			<range>994.6996033112437</range>
			<altitudeMode>relativeToGround</altitudeMode>
		</LookAt>
		<styleUrl>#__managed_style_3A67DD7FB0364813C59C</styleUrl>
		<Point>
			<altitudeMode>relativeToGround</altitudeMode>
			<coordinates>81.22912119999999,18.6594283,0</coordinates>
		</Point>
	</Placemark>
	<Placemark id="0DD14CFCFA3170430886">
		<name>Deposit-11C Mining Project, NMDC Kirandul</name>
		<gx:mid>/g/11vrdh11h_</gx:mid>
		<gx:fid>0x3a31a1871420d337:0xb7d936c96c8d2be0</gx:fid>
		<LookAt>
			<longitude>81.2381151</longitude>
			<latitude>18.6356891</latitude>
			<altitude>0</altitude>
			<heading>0</heading>
			<tilt>0</tilt>
			<gx:fovy>35</gx:fovy>
			<range>994.8545917130961</range>
			<altitudeMode>relativeToGround</altitudeMode>
		</LookAt>
		<styleUrl>#__managed_style_3A67DD7FB0364813C59C</styleUrl>
		<Point>
			<altitudeMode>relativeToGround</altitudeMode>
			<coordinates>81.2381151,18.6356891,0</coordinates>
		</Point>
	</Placemark>
	<Placemark id="03A68E83FA317043356C">
		<name>Mining Office Deposit-11B, NMDC Kirandul Complex</name>
		<gx:mid>/g/11vrc5f8y0</gx:mid>
		<gx:fid>0x3a31a10062a98d8d:0x938dea647ef9ca1c</gx:fid>
		<LookAt>
			<longitude>81.2334996</longitude>
			<latitude>18.6501973</latitude>
			<altitude>0</altitude>
			<heading>0</heading>
			<tilt>0</tilt>
			<gx:fovy>35</gx:fovy>
			<range>994.7598927126282</range>
			<altitudeMode>relativeToGround</altitudeMode>
		</LookAt>
		<styleUrl>#__managed_style_3A67DD7FB0364813C59C</styleUrl>
		<Point>
			<altitudeMode>relativeToGround</altitudeMode>
			<coordinates>81.233582,18.6501986,0</coordinates>
		</Point>
	</Placemark>
	<Placemark id="0129DA41D7317043575A">
		<name>Screening Plant, Deposit-5, NMDC BIOM Bacheli Complex</name>
		<gx:mid>/g/11csp8spfv</gx:mid>
		<gx:fid>0x3a31a15943752ae3:0xb04cb0e31267fe64</gx:fid>
		<LookAt>
			<longitude>81.2364795</longitude>
			<latitude>18.6924444</latitude>
			<altitude>0</altitude>
			<heading>0</heading>
			<tilt>0</tilt>
			<gx:fovy>35</gx:fovy>
			<range>994.4837389904294</range>
			<altitudeMode>relativeToGround</altitudeMode>
		</LookAt>
		<styleUrl>#__managed_style_3A67DD7FB0364813C59C</styleUrl>
		<Point>
			<altitudeMode>relativeToGround</altitudeMode>
			<coordinates>81.2364795,18.6924444,0</coordinates>
		</Point>
	</Placemark>
	<Placemark id="0E8CC8F3533170437868">
		<name>Crushing Plant Deposit-11B, NMDC Kirandul Complex</name>
		<gx:mid>/g/11f11nkv_t</gx:mid>
		<gx:fid>0x3a31a121236a5577:0xd87f31c508368a3d</gx:fid>
		<LookAt>
			<longitude>81.23425329999999</longitude>
			<latitude>18.6538006</latitude>
			<altitude>0</altitude>
			<heading>0</heading>
			<tilt>0</tilt>
			<gx:fovy>35</gx:fovy>
			<range>994.7363622243927</range>
			<altitudeMode>relativeToGround</altitudeMode>
		</LookAt>
		<styleUrl>#__managed_style_3A67DD7FB0364813C59C</styleUrl>
		<Point>
			<altitudeMode>relativeToGround</altitudeMode>
			<coordinates>81.23444619999999,18.6538204,0</coordinates>
		</Point>
	</Placemark>
	<Placemark id="068BF58C3431704393B1">
		<name>Main Mine Office Deposit-11C, NMDC Kirandul Complex</name>
		<gx:mid>/g/11vmb3l540</gx:mid>
		<gx:fid>0x3a31a100596197a9:0x2a7470d1f456aad4</gx:fid>
		<LookAt>
			<longitude>81.2311878</longitude>
			<latitude>18.6265636</latitude>
			<altitude>0</altitude>
			<heading>0</heading>
			<tilt>0</tilt>
			<gx:fovy>35</gx:fovy>
			<range>994.9141207896309</range>
			<altitudeMode>relativeToGround</altitudeMode>
		</LookAt>
		<styleUrl>#__managed_style_3A67DD7FB0364813C59C</styleUrl>
		<Point>
			<altitudeMode>relativeToGround</altitudeMode>
			<coordinates>81.2311691,18.6265488,0</coordinates>
		</Point>
	</Placemark>
	<Placemark id="00BFD927DC317043B22D">
		<name>Deposit-14 Mining Project, NMDC Kirandul Complex</name>
		<gx:mid>/g/11vk5b7zwp</gx:mid>
		<gx:fid>0x3a31a10079ab4aed:0xbe8303feb9878f3</gx:fid>
		<LookAt>
			<longitude>81.2304704</longitude>
			<latitude>18.6142456</latitude>
			<altitude>0</altitude>
			<heading>0</heading>
			<tilt>0</tilt>
			<gx:fovy>35</gx:fovy>
			<range>994.9944321841218</range>
			<altitudeMode>relativeToGround</altitudeMode>
		</LookAt>
		<styleUrl>#__managed_style_3A67DD7FB0364813C59C</styleUrl>
		<Point>
			<altitudeMode>relativeToGround</altitudeMode>
			<coordinates>81.2304704,18.6142456,0</coordinates>
		</Point>
	</Placemark>
	<Placemark id="00CF7BA0EC317047475B">
		<name>Rowghat Railway Station</name>
		<gx:mid>/g/11fksmf3b_</gx:mid>
		<gx:fid>0x3a2e4356bf09c03b:0x6fc51a7d69fac203</gx:fid>
		<LookAt>
			<longitude>81.17787469999999</longitude>
			<latitude>19.863552</latitude>
			<altitude>0</altitude>
			<heading>0</heading>
			<tilt>0</tilt>
			<gx:fovy>35</gx:fovy>
			<range>986.5953152480893</range>
			<altitudeMode>relativeToGround</altitudeMode>
		</LookAt>
		<styleUrl>#__managed_style_6DFC00EA22364813C59C</styleUrl>
		<Point>
			<altitudeMode>relativeToGround</altitudeMode>
			<coordinates>81.17787469999999,19.863552,0</coordinates>
		</Point>
	</Placemark>
	<Placemark id="0636D74ACA3170479034">
		<name>Rawghat Mandir</name>
		<gx:mid>/g/1jky9qt5r</gx:mid>
		<gx:fid>0x3a2e43b720141bbb:0xb865bedc0862ea14</gx:fid>
		<LookAt>
			<longitude>81.2161272</longitude>
			<latitude>19.8563815</latitude>
			<altitude>0</altitude>
			<heading>0</heading>
			<tilt>0</tilt>
			<gx:fovy>35</gx:fovy>
			<range>986.6449796485911</range>
			<altitudeMode>relativeToGround</altitudeMode>
		</LookAt>
		<styleUrl>#__managed_style_0101131A29364813C59D</styleUrl>
		<Point>
			<altitudeMode>relativeToGround</altitudeMode>
			<coordinates>81.21613529999999,19.8563695,0</coordinates>
		</Point>
	</Placemark>
	<Placemark id="0F01FA2D75317047B37A">
		<name>Rowghat</name>
		<gx:mid>/g/1jmclfpg4</gx:mid>
		<gx:fid>0x3a2e69c60152cb6b:0x1773241d6f2e68b</gx:fid>
		<LookAt>
			<longitude>81.14687554999999</longitude>
			<latitude>19.85989865</latitude>
			<altitude>0</altitude>
			<heading>0</heading>
			<tilt>0</tilt>
			<gx:fovy>35</gx:fovy>
			<range>2197.328595585579</range>
			<altitudeMode>relativeToGround</altitudeMode>
		</LookAt>
		<styleUrl>#__managed_style_6DFC00EA22364813C59C</styleUrl>
		<Point>
			<altitudeMode>relativeToGround</altitudeMode>
			<coordinates>81.14856209999999,19.8588757,0</coordinates>
		</Point>
	</Placemark>
	<Placemark id="036ABD498B31704A91BA">
		<name>Matla</name>
		<gx:mid>/g/12hm98nrw</gx:mid>
		<gx:fid>0x3a2e5983aef3f843:0x406b9dea892aae06</gx:fid>
		<LookAt>
			<longitude>81.3297762</longitude>
			<latitude>20.05115955</latitude>
			<altitude>0</altitude>
			<heading>0</heading>
			<tilt>0</tilt>
			<gx:fovy>35</gx:fovy>
			<range>5282.428638779241</range>
			<altitudeMode>relativeToGround</altitudeMode>
		</LookAt>
		<styleUrl>#__managed_style_6DFC00EA22364813C59C</styleUrl>
		<Point>
			<altitudeMode>relativeToGround</altitudeMode>
			<coordinates>81.3297762,20.0511599,0</coordinates>
		</Point>
	</Placemark>
	<Placemark id="04ECC4616C31704B318E">
		<name>Antagarh</name>
		<gx:mid>/g/11hycx1rmn</gx:mid>
		<gx:fid>0x3a2e5fe282000e17:0x5856829d96d9da6a</gx:fid>
		<LookAt>
			<longitude>81.1605764</longitude>
			<latitude>20.0977501</latitude>
			<altitude>0</altitude>
			<heading>0</heading>
			<tilt>0</tilt>
			<gx:fovy>35</gx:fovy>
			<range>5280.327934345881</range>
			<altitudeMode>relativeToGround</altitudeMode>
		</LookAt>
		<styleUrl>#__managed_style_6DFC00EA22364813C59C</styleUrl>
		<Point>
			<altitudeMode>relativeToGround</altitudeMode>
			<coordinates>81.15958959999999,20.0984762,0</coordinates>
		</Point>
	</Placemark>
	<Placemark id="02DA6CF3C731704B58DD">
		<name>Police Station, Antagarh</name>
		<gx:mid>/g/11f_fp7_n2</gx:mid>
		<gx:fid>0x3a2e6007045f85c3:0x751a84320c08b5f</gx:fid>
		<LookAt>
			<longitude>81.1614263</longitude>
			<latitude>20.1005687</latitude>
			<altitude>0</altitude>
			<heading>0</heading>
			<tilt>0</tilt>
			<gx:fovy>35</gx:fovy>
			<range>984.9442682437272</range>
			<altitudeMode>relativeToGround</altitudeMode>
		</LookAt>
		<styleUrl>#__managed_style_35DDE8A55A364813C59B</styleUrl>
		<Point>
			<altitudeMode>relativeToGround</altitudeMode>
			<coordinates>81.16142909999999,20.1005945,0</coordinates>
		</Point>
	</Placemark>
	<Placemark id="00CC3E6D2231704BD303">
		<name>Antagarh Railway Station</name>
		<gx:mid>/g/11fkpqz49n</gx:mid>
		<gx:fid>0x3a2e61de3b2fa6eb:0x394aae031796cd00</gx:fid>
		<LookAt>
			<longitude>81.13927149999999</longitude>
			<latitude>20.0935646</latitude>
			<altitude>0</altitude>
			<heading>0</heading>
			<tilt>0</tilt>
			<gx:fovy>35</gx:fovy>
			<range>984.9933204412928</range>
			<altitudeMode>relativeToGround</altitudeMode>
		</LookAt>
		<styleUrl>#__managed_style_6DFC00EA22364813C59C</styleUrl>
		<Point>
			<altitudeMode>relativeToGround</altitudeMode>
			<coordinates>81.13917839999999,20.093567,0</coordinates>
		</Point>
	</Placemark>
	<Placemark id="0A34A031A931704C6797">
		<name>Taroki</name>
		<gx:mid>/g/11l346nqhq</gx:mid>
		<gx:fid>0x3a2e67ac6c06fb0d:0xe43843aa54006f60</gx:fid>
		<LookAt>
			<longitude>81.12343</longitude>
			<latitude>19.95833</latitude>
			<altitude>0</altitude>
			<heading>0</heading>
			<tilt>0</tilt>
			<gx:fovy>35</gx:fovy>
			<range>985.9372894476016</range>
			<altitudeMode>relativeToGround</altitudeMode>
		</LookAt>
		<styleUrl>#__managed_style_6DFC00EA22364813C59C</styleUrl>
		<Point>
			<altitudeMode>relativeToGround</altitudeMode>
			<coordinates>81.12343,19.95833,0</coordinates>
		</Point>
	</Placemark>
	<Placemark id="00EA6FD4F931704C900F">
		<name>Keoti</name>
		<gx:mid>/g/11ddzhk1dv</gx:mid>
		<gx:fid>0x3a2e8c23d5b59fbb:0x9fdef6d8edeb0334</gx:fid>
		<LookAt>
			<longitude>81.0825409</longitude>
			<latitude>20.2246241</latitude>
			<altitude>0</altitude>
			<heading>0</heading>
			<tilt>0</tilt>
			<gx:fovy>35</gx:fovy>
			<range>984.0728237813055</range>
			<altitudeMode>relativeToGround</altitudeMode>
		</LookAt>
		<styleUrl>#__managed_style_6DFC00EA22364813C59C</styleUrl>
		<Point>
			<altitudeMode>relativeToGround</altitudeMode>
			<coordinates>81.0825409,20.2246241,0</coordinates>
		</Point>
	</Placemark>
	<Placemark id="0C2EDD52CB31704CADC2">
		<name>Bhanupratappur</name>
		<gx:mid>/g/11f53qtswm</gx:mid>
		<gx:fid>0x3a2e91fcb5aeeb51:0xeaca1b7874c0cc78</gx:fid>
		<LookAt>
			<longitude>81.06462700000002</longitude>
			<latitude>20.297503</latitude>
			<altitude>0</altitude>
			<heading>0</heading>
			<tilt>0</tilt>
			<gx:fovy>35</gx:fovy>
			<range>983.5585465764473</range>
			<altitudeMode>relativeToGround</altitudeMode>
		</LookAt>
		<styleUrl>#__managed_style_6DFC00EA22364813C59C</styleUrl>
		<Point>
			<altitudeMode>relativeToGround</altitudeMode>
			<coordinates>81.064627,20.297503,0</coordinates>
		</Point>
	</Placemark>
	<Placemark id="036990CA8C31704CC98C">
		<name>Gudum</name>
		<gx:mid>/g/11cmcy_7q8</gx:mid>
		<gx:fid>0x3a2e95f9528d943b:0x70345dda0a0ce9a2</gx:fid>
		<LookAt>
			<longitude>81.0854592</longitude>
			<latitude>20.4380118</latitude>
			<altitude>0</altitude>
			<heading>0</heading>
			<tilt>0</tilt>
			<gx:fovy>35</gx:fovy>
			<range>982.5621722593989</range>
			<altitudeMode>relativeToGround</altitudeMode>
		</LookAt>
		<styleUrl>#__managed_style_6DFC00EA22364813C59C</styleUrl>
		<Point>
			<altitudeMode>relativeToGround</altitudeMode>
			<coordinates>81.0854592,20.4380118,0</coordinates>
		</Point>
	</Placemark>
	<Placemark id="03E4077A3C31704D0703">
		<name>Salhaitola</name>
		<gx:mid>/g/11fk2g5j3p</gx:mid>
		<gx:fid>0x3a2ebe0107ea27c7:0xe682bbcca8dbcefe</gx:fid>
		<LookAt>
			<longitude>81.0773581</longitude>
			<latitude>20.49153009999999</latitude>
			<altitude>0</altitude>
			<heading>0</heading>
			<tilt>0</tilt>
			<gx:fovy>35</gx:fovy>
			<range>982.1809823693131</range>
			<altitudeMode>relativeToGround</altitudeMode>
		</LookAt>
		<styleUrl>#__managed_style_6DFC00EA22364813C59C</styleUrl>
		<Point>
			<altitudeMode>relativeToGround</altitudeMode>
			<coordinates>81.0773581,20.4915301,0</coordinates>
		</Point>
	</Placemark>
	<Placemark id="072EC3F58231704D269C">
		<name>Dallirajhara</name>
		<gx:mid>/g/11cm0f62k6</gx:mid>
		<gx:fid>0x3a2ebbfb1a9db835:0x290501e9ec76049f</gx:fid>
		<LookAt>
			<longitude>81.068257</longitude>
			<latitude>20.5878422</latitude>
			<altitude>0</altitude>
			<heading>0</heading>
			<tilt>0</tilt>
			<gx:fovy>35</gx:fovy>
			<range>981.4926545988592</range>
			<altitudeMode>relativeToGround</altitudeMode>
		</LookAt>
		<styleUrl>#__managed_style_6DFC00EA22364813C59C</styleUrl>
		<Point>
			<altitudeMode>relativeToGround</altitudeMode>
			<coordinates>81.068257,20.5878422,0</coordinates>
		</Point>
	</Placemark>
	<Placemark id="087F3B416B31704D42A4">
		<name>Kusumkasa</name>
		<gx:mid>/g/1tj5jkvb</gx:mid>
		<gx:fid>0x3a2eb99393220867:0xc717edb4a8d876a8</gx:fid>
		<LookAt>
			<longitude>81.09121999999999</longitude>
			<latitude>20.6442</latitude>
			<altitude>0</altitude>
			<heading>0</heading>
			<tilt>0</tilt>
			<gx:fovy>35</gx:fovy>
			<range>981.0884832211609</range>
			<altitudeMode>relativeToGround</altitudeMode>
		</LookAt>
		<styleUrl>#__managed_style_6DFC00EA22364813C59C</styleUrl>
		<Point>
			<altitudeMode>relativeToGround</altitudeMode>
			<coordinates>81.09121999999999,20.6442,0</coordinates>
		</Point>
	</Placemark>
	<Placemark id="010B0E02A931704E4124">
		<name>Bhainsbodh</name>
		<gx:mid>/g/11f648s457</gx:mid>
		<gx:fid>0x3a2eb7988e6958ed:0x277f6b5e05190131</gx:fid>
		<LookAt>
			<longitude>81.12729999999999</longitude>
			<latitude>20.6967</latitude>
			<altitude>0</altitude>
			<heading>0</heading>
			<tilt>0</tilt>
			<gx:fovy>35</gx:fovy>
			<range>980.7110550130907</range>
			<altitudeMode>relativeToGround</altitudeMode>
		</LookAt>
		<styleUrl>#__managed_style_6DFC00EA22364813C59C</styleUrl>
		<Point>
			<altitudeMode>relativeToGround</altitudeMode>
			<coordinates>81.12729999999999,20.6967,0</coordinates>
		</Point>
	</Placemark>
	<Placemark id="0038C6558131704E6067">
		<name>Balod</name>
		<gx:mid>/g/1tgxrz1w</gx:mid>
		<gx:fid>0x3a2ec9a702de8785:0xd35a2eea26f7393e</gx:fid>
		<LookAt>
			<longitude>81.20510999999999</longitude>
			<latitude>20.74082</latitude>
			<altitude>0</altitude>
			<heading>0</heading>
			<tilt>0</tilt>
			<gx:fovy>35</gx:fovy>
			<range>980.3931833441929</range>
			<altitudeMode>relativeToGround</altitudeMode>
		</LookAt>
		<styleUrl>#__managed_style_6DFC00EA22364813C59C</styleUrl>
		<Point>
			<altitudeMode>relativeToGround</altitudeMode>
			<coordinates>81.20510999999999,20.74082,0</coordinates>
		</Point>
	</Placemark>
	<Placemark id="0AF517B52B31704E9775">
		<name>Latabor</name>
		<gx:mid>/g/1tddqm3p</gx:mid>
		<gx:fid>0x3a2ecc10587e2863:0x206af167a795efd9</gx:fid>
		<LookAt>
			<longitude>81.2655092</longitude>
			<latitude>20.7899033</latitude>
			<altitude>0</altitude>
			<heading>0</heading>
			<tilt>0</tilt>
			<gx:fovy>35</gx:fovy>
			<range>980.0388144090962</range>
			<altitudeMode>relativeToGround</altitudeMode>
		</LookAt>
		<styleUrl>#__managed_style_6DFC00EA22364813C59C</styleUrl>
		<Point>
			<altitudeMode>relativeToGround</altitudeMode>
			<coordinates>81.2655092,20.7899033,0</coordinates>
		</Point>
	</Placemark>
	<Placemark id="0F7395951A31704EC70D">
		<name>Sikosa</name>
		<gx:mid>/g/1td2s9kr</gx:mid>
		<gx:fid>0x3a2eccd28bdd12b7:0x6613d9f2a254c922</gx:fid>
		<LookAt>
			<longitude>81.28596</longitude>
			<latitude>20.86867</latitude>
			<altitude>0</altitude>
			<heading>0</heading>
			<tilt>0</tilt>
			<gx:fovy>35</gx:fovy>
			<range>979.4685150278048</range>
			<altitudeMode>relativeToGround</altitudeMode>
		</LookAt>
		<styleUrl>#__managed_style_6DFC00EA22364813C59C</styleUrl>
		<Point>
			<altitudeMode>relativeToGround</altitudeMode>
			<coordinates>81.28596,20.86867,0</coordinates>
		</Point>
	</Placemark>
	<Placemark id="0AD8424318317056630D">
		<name>Abujmarh</name>
		<gx:mid>/m/0vsg107</gx:mid>
		<gx:fid>0x3a2e0b82868eddbb:0xe8b9d596a5c2d7c1</gx:fid>
		<LookAt>
			<longitude>80.89006239999999</longitude>
			<latitude>19.6698629</latitude>
			<altitude>0</altitude>
			<heading>0</heading>
			<tilt>0</tilt>
			<gx:fovy>35</gx:fovy>
			<range>987.9309586453859</range>
			<altitudeMode>relativeToGround</altitudeMode>
		</LookAt>
		<styleUrl>#__managed_style_35DDE8A55A364813C59B</styleUrl>
		<Point>
			<altitudeMode>relativeToGround</altitudeMode>
			<coordinates>80.89006239999999,19.6698629,0</coordinates>
		</Point>
	</Placemark>
	<Placemark id="09D41146DC3170590623">
		<name>Aamdai valley</name>
		<gx:mid>/g/11pt_ywg4c</gx:mid>
		<gx:fid>0x3a2e25a49a0a381f:0xc8b66fbc0d6ed522</gx:fid>
		<LookAt>
			<longitude>81.2755073</longitude>
			<latitude>19.4604482</latitude>
			<altitude>0</altitude>
			<heading>0</heading>
			<tilt>0</tilt>
			<gx:fovy>35</gx:fovy>
			<range>989.3612649944722</range>
			<altitudeMode>relativeToGround</altitudeMode>
		</LookAt>
		<styleUrl>#__managed_style_35DDE8A55A364813C59B</styleUrl>
		<Point>
			<altitudeMode>relativeToGround</altitudeMode>
			<coordinates>81.2755073,19.4604482,0</coordinates>
		</Point>
	</Placemark>
	<Placemark id="0AB50E94BC31705F3A49">
		<name>Jayaswal Neco Industries Ltd.</name>
		<gx:mid>/g/1hc3q50sj</gx:mid>
		<gx:fid>0x3a28e60cf779dea9:0x29f492f3abe5374f</gx:fid>
		<LookAt>
			<longitude>81.6719914</longitude>
			<latitude>21.3549419</latitude>
			<altitude>0</altitude>
			<heading>0</heading>
			<tilt>0</tilt>
			<gx:fovy>35</gx:fovy>
			<range>975.9035251628591</range>
			<altitudeMode>relativeToGround</altitudeMode>
		</LookAt>
		<styleUrl>#__managed_style_35DDE8A55A364813C59B</styleUrl>
		<Point>
			<altitudeMode>relativeToGround</altitudeMode>
			<coordinates>81.6719914,21.3549419,0</coordinates>
		</Point>
	</Placemark>
	<Placemark id="076B0D55CD31705F724F">
		<name>Jayaswal Neco Industries Limited (Cast Iron Foundry)</name>
		<gx:mid>/g/124yn0g9d</gx:mid>
		<gx:fid>0x3a293ed3435a8441:0xf5790ad4beaca1fd</gx:fid>
		<LookAt>
			<longitude>81.2141043</longitude>
			<latitude>21.1524526</latitude>
			<altitude>0</altitude>
			<heading>0</heading>
			<tilt>0</tilt>
			<gx:fovy>35</gx:fovy>
			<range>977.3972611633122</range>
			<altitudeMode>relativeToGround</altitudeMode>
		</LookAt>
		<styleUrl>#__managed_style_35DDE8A55A364813C59B</styleUrl>
		<Point>
			<altitudeMode>relativeToGround</altitudeMode>
			<coordinates>81.2141049,21.1524618,0</coordinates>
		</Point>
	</Placemark>
	<Placemark id="09E11760A13171F25830">
		<name>28 BN SSB TRANSIT CAMP</name>
		<gx:mid>/g/11sghs746q</gx:mid>
		<gx:fid>0x3a293dd372843079:0x4d1db3ef60fef5e0</gx:fid>
		<LookAt>
			<longitude>81.313997</longitude>
			<latitude>21.1850953</latitude>
			<altitude>0</altitude>
			<heading>0</heading>
			<tilt>0</tilt>
			<gx:fovy>35</gx:fovy>
			<range>977.1573501531348</range>
			<altitudeMode>relativeToGround</altitudeMode>
		</LookAt>
		<styleUrl>#__managed_style_35DDE8A55A364813C59B</styleUrl>
		<Point>
			<altitudeMode>relativeToGround</altitudeMode>
			<coordinates>81.3140057,21.1850944,0</coordinates>
		</Point>
	</Placemark>
	<Placemark id="0BAD1DB2BE3171F5B428">
		<name>SSB Bhayasalebhat एस एस बी भायासालेभाट</name>
		<gx:mid>/g/11q86dtbmj</gx:mid>
		<gx:fid>0x3a2e691f3c56574d:0xf4e1d9c6ee400d2</gx:fid>
		<LookAt>
			<longitude>81.1496624</longitude>
			<latitude>19.8832883</latitude>
			<altitude>0</altitude>
			<heading>0</heading>
			<tilt>0</tilt>
			<gx:fovy>35</gx:fovy>
			<range>986.458530966945</range>
			<altitudeMode>relativeToGround</altitudeMode>
		</LookAt>
		<styleUrl>#__managed_style_35DDE8A55A364813C59B</styleUrl>
		<Point>
			<altitudeMode>relativeToGround</altitudeMode>
			<coordinates>81.14959979999999,19.883296,0</coordinates>
		</Point>
	</Placemark>
	<Placemark id="054D957D533171F60361">
		<name>Sarv Dharm Sthal. SSB CAMP Padhargaon</name>
		<gx:mid>/g/11kq4rw_lr</gx:mid>
		<gx:fid>0x3a2e69bf20c558f5:0x818993d307599f87</gx:fid>
		<LookAt>
			<longitude>81.1342763</longitude>
			<latitude>19.89514</latitude>
			<altitude>0</altitude>
			<heading>0</heading>
			<tilt>0</tilt>
			<gx:fovy>35</gx:fovy>
			<range>986.3763306811586</range>
			<altitudeMode>relativeToGround</altitudeMode>
		</LookAt>
		<styleUrl>#__managed_style_35DDE8A55A364813C59B</styleUrl>
		<Point>
			<altitudeMode>relativeToGround</altitudeMode>
			<coordinates>81.1342763,19.89514,0</coordinates>
		</Point>
	</Placemark>
	<Placemark id="0FCFFBE96B317203742F">
		<name>Murkarajkonda Camp</name>
		<gx:mid>/g/11y479swyg</gx:mid>
		<gx:fid>0x3a31410011e1be27:0x4904dc6ddec64286</gx:fid>
		<LookAt>
			<longitude>81.1137162</longitude>
			<latitude>18.2152697</latitude>
			<altitude>0</altitude>
			<heading>0</heading>
			<tilt>0</tilt>
			<gx:fovy>35</gx:fovy>
			<range>997.5685913549789</range>
			<altitudeMode>relativeToGround</altitudeMode>
		</LookAt>
		<styleUrl>#__managed_style_35DDE8A55A364813C59B</styleUrl>
		<Point>
			<altitudeMode>relativeToGround</altitudeMode>
			<coordinates>81.1137162,18.2152697,0</coordinates>
		</Point>
	</Placemark>
	<Placemark id="059AED8AAC317206551C">
		<name>Tekalguriam Camp</name>
		<gx:mid>/g/11vsh8rggm</gx:mid>
		<gx:fid>0x3a31710078d6d225:0x196370bc131a272e</gx:fid>
		<LookAt>
			<longitude>81.0263901</longitude>
			<latitude>18.4405846</latitude>
			<altitude>0</altitude>
			<heading>0</heading>
			<tilt>0</tilt>
			<gx:fovy>35</gx:fovy>
			<range>996.1213442529345</range>
			<altitudeMode>relativeToGround</altitudeMode>
		</LookAt>
		<styleUrl>#__managed_style_35DDE8A55A364813C59B</styleUrl>
		<Point>
			<altitudeMode>relativeToGround</altitudeMode>
			<coordinates>81.0263901,18.4405846,0</coordinates>
		</Point>
	</Placemark>
	<Placemark id="0997BAE885317207E87D">
		<name>CRPF Camp Salatong</name>
		<gx:mid>/g/11vst6kgth</gx:mid>
		<gx:fid>0x3a31410019c12d99:0x54bbad1c4f16fa0</gx:fid>
		<LookAt>
			<longitude>81.11405909999999</longitude>
			<latitude>18.1494006</latitude>
			<altitude>0</altitude>
			<heading>0</heading>
			<tilt>0</tilt>
			<gx:fovy>35</gx:fovy>
			<range>997.9885089293881</range>
			<altitudeMode>relativeToGround</altitudeMode>
		</LookAt>
		<styleUrl>#__managed_style_35DDE8A55A364813C59B</styleUrl>
		<Point>
			<altitudeMode>relativeToGround</altitudeMode>
			<coordinates>81.11405909999999,18.1494006,0</coordinates>
		</Point>
	</Placemark>
	<Placemark id="068DBF61A231721302BB">
		<name>dumirpalnar camp?</name>
		<LookAt>
			<longitude>81.05052713281803</longitude>
			<latitude>18.91794839137591</latitude>
			<altitude>527.5261892959059</altitude>
			<heading>0</heading>
			<tilt>0</tilt>
			<gx:fovy>35</gx:fovy>
			<range>26916.69424036984</range>
			<altitudeMode>absolute</altitudeMode>
		</LookAt>
		<styleUrl>#__managed_style_3E0442723D364813C59D</styleUrl>
		<Point>
			<coordinates>81.05409034888973,18.91581943781595,539.0184272126752</coordinates>
		</Point>
	</Placemark>
	<Placemark id="0BDE73C2773172142E3C">
		<name>dharmaram camp?</name>
		<LookAt>
			<longitude>80.92926373491845</longitude>
			<latitude>18.26938375072269</latitude>
			<altitude>144.2973311656656</altitude>
			<heading>0</heading>
			<tilt>0</tilt>
			<gx:fovy>35</gx:fovy>
			<range>4288.386555872276</range>
			<altitudeMode>absolute</altitudeMode>
		</LookAt>
		<styleUrl>#__managed_style_3E0442723D364813C59D</styleUrl>
		<Point>
			<coordinates>80.92926360748626,18.26938430163842,144.4505562089887</coordinates>
		</Point>
	</Placemark>
	<Placemark id="0B593639B53172155AEB">
		<name>chutwahi camp?</name>
		<LookAt>
			<longitude>80.94683112261778</longitude>
			<latitude>18.4287936622368</latitude>
			<altitude>170.6411763271677</altitude>
			<heading>0</heading>
			<tilt>0</tilt>
			<gx:fovy>35</gx:fovy>
			<range>1229.921535075701</range>
			<altitudeMode>absolute</altitudeMode>
		</LookAt>
		<styleUrl>#__managed_style_3E0442723D364813C59D</styleUrl>
		<Point>
			<coordinates>80.94496047214852,18.42811293656191,171.8184741361057</coordinates>
		</Point>
	</Placemark>
	<Placemark id="0A0357775C317218EC68">
		<name>CRPF C D coy 229 Bn putkal camp</name>
		<gx:mid>/g/11y4rgghgw</gx:mid>
		<gx:fid>0x3a317f001b6b0d31:0xddb4b31b4183958c</gx:fid>
		<LookAt>
			<longitude>80.8701786</longitude>
			<latitude>18.5245505</latitude>
			<altitude>0</altitude>
			<heading>0</heading>
			<tilt>0</tilt>
			<gx:fovy>35</gx:fovy>
			<range>995.5777203198495</range>
			<altitudeMode>relativeToGround</altitudeMode>
		</LookAt>
		<styleUrl>#__managed_style_35DDE8A55A364813C59B</styleUrl>
		<Point>
			<altitudeMode>relativeToGround</altitudeMode>
			<coordinates>80.8701786,18.5245505,0</coordinates>
		</Point>
	</Placemark>
	<Placemark id="05A479D62F31721EBF63">
		<name>lakhanpal camp?</name>
		<LookAt>
			<longitude>81.2024891634222</longitude>
			<latitude>18.41116433039706</latitude>
			<altitude>223.6450613512338</altitude>
			<heading>0</heading>
			<tilt>0</tilt>
			<gx:fovy>35</gx:fovy>
			<range>3168.866601695773</range>
			<altitudeMode>absolute</altitudeMode>
		</LookAt>
		<styleUrl>#__managed_style_3E0442723D364813C59D</styleUrl>
		<Point>
			<coordinates>81.19827169900412,18.41605538360776,216.6328822916938</coordinates>
		</Point>
	</Placemark>
	<Placemark id="0FFBE5B94E31721F476C">
		<name>CRPF Camp Kunder</name>
		<gx:mid>/g/11sdn4s031</gx:mid>
		<gx:fid>0x3a3173a54777c715:0xecf601b524f6b7f6</gx:fid>
		<LookAt>
			<longitude>81.13247849999999</longitude>
			<latitude>18.4612029</latitude>
			<altitude>0</altitude>
			<heading>0</heading>
			<tilt>0</tilt>
			<gx:fovy>35</gx:fovy>
			<range>995.9880700551183</range>
			<altitudeMode>relativeToGround</altitudeMode>
		</LookAt>
		<styleUrl>#__managed_style_35DDE8A55A364813C59B</styleUrl>
		<Point>
			<altitudeMode>relativeToGround</altitudeMode>
			<coordinates>81.13247849999999,18.4612029,0</coordinates>
		</Point>
	</Placemark>
	<Placemark id="0827EF0EE9317222BA8C">
		<name>CRPF Camp renganar</name>
		<description>&lt;div&gt;Q9HM+7P CRPF CAMP, Renganar, Chhattisgarh 494552, India&lt;br&gt;&lt;/div&gt;</description>
		<LookAt>
			<longitude>81.38431149997996</longitude>
			<latitude>18.77813869999842</latitude>
			<altitude>441.6008956602016</altitude>
			<heading>0</heading>
			<tilt>0</tilt>
			<gx:fovy>35</gx:fovy>
			<range>795.1425905671204</range>
			<altitudeMode>absolute</altitudeMode>
		</LookAt>
		<styleUrl>#__managed_style_607F46C999364813C59D</styleUrl>
		<Point>
			<coordinates>81.38440564271369,18.77813869989507,442.0947725948418</coordinates>
		</Point>
	</Placemark>
	<Placemark id="0EDA7E31BB3172242B91">
		<name>CRPF CAMP Jaiwaram, chhattisgarh, india</name>
		<gx:mid>/g/11q3qt69t8</gx:mid>
		<gx:fid>0x3a3189c5254a7ced:0xbcd20d4f0c369b14</gx:fid>
		<LookAt>
			<longitude>80.8128593</longitude>
			<latitude>18.7977543</latitude>
			<altitude>0</altitude>
			<heading>0</heading>
			<tilt>0</tilt>
			<gx:fovy>35</gx:fovy>
			<range>993.7928064069673</range>
			<altitudeMode>relativeToGround</altitudeMode>
		</LookAt>
		<styleUrl>#__managed_style_35DDE8A55A364813C59B</styleUrl>
		<Point>
			<altitudeMode>relativeToGround</altitudeMode>
			<coordinates>80.8128593,18.7977543,0</coordinates>
		</Point>
	</Placemark>
	<Placemark id="06875D34873172269503">
		<name>CRPF CAMP NUKANPAL</name>
		<gx:mid>/g/11vhk6mw5q</gx:mid>
		<gx:fid>0x3a32292612bd622f:0x4ac5e39ac92cea12</gx:fid>
		<LookAt>
			<longitude>80.7554785</longitude>
			<latitude>18.6978296</latitude>
			<altitude>0</altitude>
			<heading>0</heading>
			<tilt>0</tilt>
			<gx:fovy>35</gx:fovy>
			<range>994.4484956409219</range>
			<altitudeMode>relativeToGround</altitudeMode>
		</LookAt>
		<styleUrl>#__managed_style_35DDE8A55A364813C59B</styleUrl>
		<Point>
			<altitudeMode>relativeToGround</altitudeMode>
			<coordinates>80.7554937,18.6978339,0</coordinates>
		</Point>
	</Placemark>
	<Placemark id="0E03633C9831758E8922">
		<name>229 BATTALION CRPF CAMP</name>
		<gx:mid>/g/11m49rgcyl</gx:mid>
		<gx:fid>0x3a3189c9bdf891ff:0x3e66fa214f747636</gx:fid>
		<LookAt>
			<longitude>80.8126697</longitude>
			<latitude>18.7814951</latitude>
			<altitude>0</altitude>
			<heading>0</heading>
			<tilt>0</tilt>
			<gx:fovy>35</gx:fovy>
			<range>993.8997206269609</range>
			<altitudeMode>relativeToGround</altitudeMode>
		</LookAt>
		<styleUrl>#__managed_style_35DDE8A55A364813C59B</styleUrl>
		<Point>
			<altitudeMode>relativeToGround</altitudeMode>
			<coordinates>80.8126697,18.7814951,0</coordinates>
		</Point>
	</Placemark>
	<Placemark id="07B569BE0731758EF4BF">
		<name>A N T S CRPF GHATI</name>
		<gx:mid>/g/11j_2jn6dr</gx:mid>
		<gx:fid>0x3a3189f5f03d2047:0x5e050fb4e715e727</gx:fid>
		<LookAt>
			<longitude>80.81343409999999</longitude>
			<latitude>18.779536</latitude>
			<altitude>0</altitude>
			<heading>0</heading>
			<tilt>0</tilt>
			<gx:fovy>35</gx:fovy>
			<range>993.9125970348556</range>
			<altitudeMode>relativeToGround</altitudeMode>
		</LookAt>
		<styleUrl>#__managed_style_35DDE8A55A364813C59B</styleUrl>
		<Point>
			<altitudeMode>relativeToGround</altitudeMode>
			<coordinates>80.81343409999999,18.779536,0</coordinates>
		</Point>
	</Placemark>
	<Placemark id="0C4B3C147D317591978D">
		<name>CRPF camp, Bedre</name>
		<gx:mid>/g/11tt62wmlw</gx:mid>
		<gx:fid>0x3a3173cb836b2307:0x735e2125b5eb4dd3</gx:fid>
		<LookAt>
			<longitude>81.092642</longitude>
			<latitude>18.4558394</latitude>
			<altitude>0</altitude>
			<heading>0</heading>
			<tilt>0</tilt>
			<gx:fovy>35</gx:fovy>
			<range>996.0227525870012</range>
			<altitudeMode>relativeToGround</altitudeMode>
		</LookAt>
		<styleUrl>#__managed_style_35DDE8A55A364813C59B</styleUrl>
		<Point>
			<altitudeMode>relativeToGround</altitudeMode>
			<coordinates>81.092642,18.4558394,0</coordinates>
		</Point>
	</Placemark>
	<Placemark id="0BD357B1A4317593328B">
		<name>PALODI CRPF CAMP</name>
		<gx:mid>/g/11rd010fv5</gx:mid>
		<gx:fid>0x3a31456885099757:0x9c0ea22fe10b20bb</gx:fid>
		<LookAt>
			<longitude>81.0738947</longitude>
			<latitude>18.0465492</latitude>
			<altitude>0</altitude>
			<heading>0</heading>
			<tilt>0</tilt>
			<gx:fovy>35</gx:fovy>
			<range>998.6413144485739</range>
			<altitudeMode>relativeToGround</altitudeMode>
		</LookAt>
		<styleUrl>#__managed_style_35DDE8A55A364813C59B</styleUrl>
		<Point>
			<altitudeMode>relativeToGround</altitudeMode>
			<coordinates>81.0738947,18.0465492,0</coordinates>
		</Point>
	</Placemark>
	<Placemark id="0F6CE51CA5317593C10E">
		<name>HQ 111 CRPF</name>
		<gx:mid>/g/11fmn3tjqf</gx:mid>
		<gx:fid>0x3a31b7e2ebca047f:0x47abc0511044c0ac</gx:fid>
		<LookAt>
			<longitude>81.3403682</longitude>
			<latitude>18.9342294</latitude>
			<altitude>0</altitude>
			<heading>0</heading>
			<tilt>0</tilt>
			<gx:fovy>35</gx:fovy>
			<range>992.8919682624828</range>
			<altitudeMode>relativeToGround</altitudeMode>
		</LookAt>
		<styleUrl>#__managed_style_35DDE8A55A364813C59B</styleUrl>
		<Point>
			<altitudeMode>relativeToGround</altitudeMode>
			<coordinates>81.3403682,18.9342294,0</coordinates>
		</Point>
	</Placemark>
	<Placemark id="04DB1102733175951CA8">
		<name>Central Reserve Police Force Camp</name>
		<gx:mid>/g/11g4j4n5p9</gx:mid>
		<gx:fid>0x3a304be0e33c85cf:0xbf58df0046a92601</gx:fid>
		<LookAt>
			<longitude>81.570031</longitude>
			<latitude>18.9744734</latitude>
			<altitude>0</altitude>
			<heading>0</heading>
			<tilt>0</tilt>
			<gx:fovy>35</gx:fovy>
			<range>992.6251579051645</range>
			<altitudeMode>relativeToGround</altitudeMode>
		</LookAt>
		<styleUrl>#__managed_style_35DDE8A55A364813C59B</styleUrl>
		<Point>
			<altitudeMode>relativeToGround</altitudeMode>
			<coordinates>81.570031,18.9744734,0</coordinates>
		</Point>
	</Placemark>
	<Placemark id="09628E4DE5317595A606">
		<name>A/195-CRPF camp Matwada</name>
		<gx:mid>/g/11vs98x31f</gx:mid>
		<gx:fid>0x3a31f3004a7fcc1d:0x3c694a2f30d218ea</gx:fid>
		<LookAt>
			<longitude>80.95868729999999</longitude>
			<latitude>19.0184004</latitude>
			<altitude>0</altitude>
			<heading>0</heading>
			<tilt>0</tilt>
			<gx:fovy>35</gx:fovy>
			<range>992.3333222430983</range>
			<altitudeMode>relativeToGround</altitudeMode>
		</LookAt>
		<styleUrl>#__managed_style_35DDE8A55A364813C59B</styleUrl>
		<Point>
			<altitudeMode>relativeToGround</altitudeMode>
			<coordinates>80.95868729999999,19.0184004,0</coordinates>
		</Point>
	</Placemark>
	<Placemark id="06A8C9DE8C3175976251">
		<name>CRPF CAMP</name>
		<gx:mid>/g/11shfnp8d9</gx:mid>
		<gx:fid>0x3a310f5a4dd5ef51:0x37aee7e289d2fe02</gx:fid>
		<LookAt>
			<longitude>81.2844954</longitude>
			<latitude>18.4848361</latitude>
			<altitude>0</altitude>
			<heading>0</heading>
			<tilt>0</tilt>
			<gx:fovy>35</gx:fovy>
			<range>995.8351351577827</range>
			<altitudeMode>relativeToGround</altitudeMode>
		</LookAt>
		<styleUrl>#__managed_style_35DDE8A55A364813C59B</styleUrl>
		<Point>
			<altitudeMode>relativeToGround</altitudeMode>
			<coordinates>81.2844954,18.4848361,0</coordinates>
		</Point>
	</Placemark>
	<Placemark id="0B3D851BF0317597A27B">
		<name>CRPF CAMP ARANPUR</name>
		<gx:mid>/g/11tgd8gb7d</gx:mid>
		<gx:fid>0x3a310fa454800fd3:0x9581dcf402d82549</gx:fid>
		<LookAt>
			<longitude>81.3010718</longitude>
			<latitude>18.5014197</latitude>
			<altitude>0</altitude>
			<heading>0</heading>
			<tilt>0</tilt>
			<gx:fovy>35</gx:fovy>
			<range>995.7277094060931</range>
			<altitudeMode>relativeToGround</altitudeMode>
		</LookAt>
		<styleUrl>#__managed_style_35DDE8A55A364813C59B</styleUrl>
		<Point>
			<altitudeMode>relativeToGround</altitudeMode>
			<coordinates>81.3010718,18.5014197,0</coordinates>
		</Point>
	</Placemark>
	<Placemark id="0532B4FEDD3175999554">
		<name>CRPF camp Keshkal</name>
		<gx:mid>/g/11ghysn025</gx:mid>
		<gx:fid>0x3a2fabcc72f6a521:0x26314adb735bed0c</gx:fid>
		<LookAt>
			<longitude>81.5870832</longitude>
			<latitude>20.1017482</latitude>
			<altitude>0</altitude>
			<heading>0</heading>
			<tilt>0</tilt>
			<gx:fovy>35</gx:fovy>
			<range>984.9360062184053</range>
			<altitudeMode>relativeToGround</altitudeMode>
		</LookAt>
		<styleUrl>#__managed_style_35DDE8A55A364813C59B</styleUrl>
		<Point>
			<altitudeMode>relativeToGround</altitudeMode>
			<coordinates>81.58708209999999,20.1017465,0</coordinates>
		</Point>
	</Placemark>
	<Placemark id="04A90E26F431759B782F">
		<name>DIG CRPF RANGE JAGDALPUR</name>
		<gx:mid>/g/11fhj_wvmp</gx:mid>
		<gx:fid>0x3a301301ecf8d565:0x9f4196789b60c611</gx:fid>
		<LookAt>
			<longitude>82.0294011</longitude>
			<latitude>19.0875784</latitude>
			<altitude>0</altitude>
			<heading>0</heading>
			<tilt>0</tilt>
			<gx:fovy>35</gx:fovy>
			<range>991.8724424128566</range>
			<altitudeMode>relativeToGround</altitudeMode>
		</LookAt>
		<styleUrl>#__managed_style_35DDE8A55A364813C59B</styleUrl>
		<Point>
			<altitudeMode>relativeToGround</altitudeMode>
			<coordinates>82.02942709999999,19.0876411,0</coordinates>
		</Point>
	</Placemark>
	<Placemark id="0201D270CB3175A2AFB7">
		<name>Kondagaon CRPF camp</name>
		<gx:mid>/g/11ghzl39qr</gx:mid>
		<gx:fid>0x3a2fcfda433fb8c3:0x9e15a76bd6e78f52</gx:fid>
		<LookAt>
			<longitude>81.6713046</longitude>
			<latitude>19.5680796</latitude>
			<altitude>0</altitude>
			<heading>0</heading>
			<tilt>0</tilt>
			<gx:fovy>35</gx:fovy>
			<range>988.6279303370058</range>
			<altitudeMode>relativeToGround</altitudeMode>
		</LookAt>
		<styleUrl>#__managed_style_35DDE8A55A364813C59B</styleUrl>
		<Point>
			<altitudeMode>relativeToGround</altitudeMode>
			<coordinates>81.6712586,19.5680694,0</coordinates>
		</Point>
	</Placemark>
	<Placemark id="0F5940E3D53175A42CF6">
		<name>CRPF Camp</name>
		<gx:mid>/g/11rcfw9fyc</gx:mid>
		<gx:fid>0x3a312d733f779afb:0x895b9e71fce125d7</gx:fid>
		<LookAt>
			<longitude>81.3648383</longitude>
			<latitude>17.9181451</latitude>
			<altitude>0</altitude>
			<heading>0</heading>
			<tilt>0</tilt>
			<gx:fovy>35</gx:fovy>
			<range>999.4513800165938</range>
			<altitudeMode>relativeToGround</altitudeMode>
		</LookAt>
		<styleUrl>#__managed_style_35DDE8A55A364813C59B</styleUrl>
		<Point>
			<altitudeMode>relativeToGround</altitudeMode>
			<coordinates>81.3648383,17.9181451,0</coordinates>
		</Point>
	</Placemark>
	<Placemark id="0C3DD19B383175A51746">
		<name>D&amp;E-223BN CRPF CAMP</name>
		<gx:mid>/g/11y5ghn5ws</gx:mid>
		<gx:fid>0x3a316d006877998d:0x384818ded18a5f36</gx:fid>
		<LookAt>
			<longitude>81.14125270000001</longitude>
			<latitude>18.375198</latitude>
			<altitude>0</altitude>
			<heading>0</heading>
			<tilt>0</tilt>
			<gx:fovy>35</gx:fovy>
			<range>996.5430660760248</range>
			<altitudeMode>relativeToGround</altitudeMode>
		</LookAt>
		<styleUrl>#__managed_style_35DDE8A55A364813C59B</styleUrl>
		<Point>
			<altitudeMode>relativeToGround</altitudeMode>
			<coordinates>81.1412527,18.375198,0</coordinates>
		</Point>
	</Placemark>
	<Placemark id="0B4EE6483C3175A553B4">
		<name>Pulamphar Camp D&amp;E 223 CRPF</name>
		<gx:mid>/g/11vytj9l3b</gx:mid>
		<gx:fid>0x3a316d005849a345:0x7315933a54a656e9</gx:fid>
		<LookAt>
			<longitude>81.1378976</longitude>
			<latitude>18.3757332</latitude>
			<altitude>0</altitude>
			<heading>0</heading>
			<tilt>0</tilt>
			<gx:fovy>35</gx:fovy>
			<range>996.5396199509091</range>
			<altitudeMode>relativeToGround</altitudeMode>
		</LookAt>
		<styleUrl>#__managed_style_35DDE8A55A364813C59B</styleUrl>
		<Point>
			<altitudeMode>relativeToGround</altitudeMode>
			<coordinates>81.1378976,18.3757332,0</coordinates>
		</Point>
	</Placemark>
	<Placemark id="04F43847873175A63C3F">
		<name>ANT school CRPF K.P. Gav (Kepi Gav)</name>
		<gx:mid>/g/11qprv16j7</gx:mid>
		<gx:fid>0x39899f2c0c7d8fa7:0x6bf3f2fff399d6d4</gx:fid>
		<LookAt>
			<longitude>83.27344429999999</longitude>
			<latitude>23.178743</latitude>
			<altitude>0</altitude>
			<heading>0</heading>
			<tilt>0</tilt>
			<gx:fovy>35</gx:fovy>
			<range>961.8610493465748</range>
			<altitudeMode>relativeToGround</altitudeMode>
		</LookAt>
		<styleUrl>#__managed_style_35DDE8A55A364813C59B</styleUrl>
		<Point>
			<altitudeMode>relativeToGround</altitudeMode>
			<coordinates>83.27344429999999,23.178743,0</coordinates>
		</Point>
	</Placemark>
	<Placemark id="0283EDD7F13175A68CCF">
		<name>AMBIKAPUR PI TRG CENTRE</name>
		<gx:mid>/g/11j0j1lp51</gx:mid>
		<gx:fid>0x39899fe0435ce68b:0xdc4e7f5ca6689ac1</gx:fid>
		<LookAt>
			<longitude>83.27524</longitude>
			<latitude>23.182484</latitude>
			<altitude>0</altitude>
			<heading>0</heading>
			<tilt>0</tilt>
			<gx:fovy>35</gx:fovy>
			<range>961.8311651422503</range>
			<altitudeMode>relativeToGround</altitudeMode>
		</LookAt>
		<styleUrl>#__managed_style_35DDE8A55A364813C59B</styleUrl>
		<Point>
			<altitudeMode>relativeToGround</altitudeMode>
			<coordinates>83.2752435,23.18250399999999,0</coordinates>
		</Point>
	</Placemark>
	<Placemark id="050E1F81CE3175A7F4AD">
		<name>POLICE STATION PAYLIKHAND (JUGAD) CRPF CAMP D/211</name>
		<gx:mid>/g/11l6vlf5s3</gx:mid>
		<gx:fid>0x3a257f419bd3923d:0xbf833f0f8c8e3002</gx:fid>
		<LookAt>
			<longitude>82.2790833</longitude>
			<latitude>20.1437538</latitude>
			<altitude>0</altitude>
			<heading>0</heading>
			<tilt>0</tilt>
			<gx:fovy>35</gx:fovy>
			<range>984.6414755645677</range>
			<altitudeMode>relativeToGround</altitudeMode>
		</LookAt>
		<styleUrl>#__managed_style_35DDE8A55A364813C59B</styleUrl>
		<Point>
			<altitudeMode>relativeToGround</altitudeMode>
			<coordinates>82.2790833,20.1437538,0</coordinates>
		</Point>
	</Placemark>
	<Placemark id="0518C209DB3175A8F240">
		<name>Crpf camp (RADHA -KRISHNA TEMPLE)</name>
		<gx:mid>/g/11pv3pgw0v</gx:mid>
		<gx:fid>0x3a3129d2ce7980bd:0x6835bbea07be679b</gx:fid>
		<LookAt>
			<longitude>81.4391006</longitude>
			<latitude>17.9866982</latitude>
			<altitude>0</altitude>
			<heading>0</heading>
			<tilt>0</tilt>
			<gx:fovy>35</gx:fovy>
			<range>999.0195785088727</range>
			<altitudeMode>relativeToGround</altitudeMode>
		</LookAt>
		<styleUrl>#__managed_style_35DDE8A55A364813C59B</styleUrl>
		<Point>
			<altitudeMode>relativeToGround</altitudeMode>
			<coordinates>81.4391006,17.9866982,0</coordinates>
		</Point>
	</Placemark>
	<Placemark id="0DCD2617A63175A91B38">
		<name>Crpf Camp Radha- krishna temple</name>
		<gx:mid>/g/11sy405mn8</gx:mid>
		<gx:fid>0x3a31291ba877411f:0x91194488de1bb992</gx:fid>
		<LookAt>
			<longitude>81.4497523</longitude>
			<latitude>18.0059856</latitude>
			<altitude>0</altitude>
			<heading>0</heading>
			<tilt>0</tilt>
			<gx:fovy>35</gx:fovy>
			<range>998.8978100788399</range>
			<altitudeMode>relativeToGround</altitudeMode>
		</LookAt>
		<styleUrl>#__managed_style_35DDE8A55A364813C59B</styleUrl>
		<Point>
			<altitudeMode>relativeToGround</altitudeMode>
			<coordinates>81.4497523,18.0059856,0</coordinates>
		</Point>
	</Placemark>
	<Placemark id="02D8BD78E23175AA2DE5">
		<name>199 Bn CRPF</name>
		<gx:mid>/g/11ssx03d6m</gx:mid>
		<gx:fid>0x3a31eb6e75690cff:0x209b2a2c919d1f9a</gx:fid>
		<LookAt>
			<longitude>81.0977846</longitude>
			<latitude>18.99694239999999</latitude>
			<altitude>0</altitude>
			<heading>0</heading>
			<tilt>0</tilt>
			<gx:fovy>35</gx:fovy>
			<range>992.4759609348812</range>
			<altitudeMode>relativeToGround</altitudeMode>
		</LookAt>
		<styleUrl>#__managed_style_35DDE8A55A364813C59B</styleUrl>
		<Point>
			<altitudeMode>relativeToGround</altitudeMode>
			<coordinates>81.0977846,18.9969599,0</coordinates>
		</Point>
	</Placemark>
	<Placemark id="05A22C7DBB3175AB4755">
		<name>170 Bn crpf HQ</name>
		<gx:mid>/g/11n07lt7_y</gx:mid>
		<gx:fid>0x3a322757e584e3d3:0x4f0a409135616183</gx:fid>
		<LookAt>
			<longitude>80.80480279999999</longitude>
			<latitude>18.8011956</latitude>
			<altitude>0</altitude>
			<heading>0</heading>
			<tilt>0</tilt>
			<gx:fovy>35</gx:fovy>
			<range>993.7701665844951</range>
			<altitudeMode>relativeToGround</altitudeMode>
		</LookAt>
		<styleUrl>#__managed_style_35DDE8A55A364813C59B</styleUrl>
		<Point>
			<altitudeMode>relativeToGround</altitudeMode>
			<coordinates>80.80480279999999,18.8011956,0</coordinates>
		</Point>
	</Placemark>
	<Placemark id="01AA3C7F4B3175ABBE7B">
		<name>CRPF 170 BN HQ MEENA</name>
		<gx:mid>/g/11gxms2523</gx:mid>
		<gx:fid>0x3a3227ed04148363:0xa7b5a52f2195123</gx:fid>
		<LookAt>
			<longitude>80.80497339999999</longitude>
			<latitude>18.8004566</latitude>
			<altitude>0</altitude>
			<heading>0</heading>
			<tilt>0</tilt>
			<gx:fovy>35</gx:fovy>
			<range>993.7750286890123</range>
			<altitudeMode>relativeToGround</altitudeMode>
		</LookAt>
		<styleUrl>#__managed_style_35DDE8A55A364813C59B</styleUrl>
		<Point>
			<altitudeMode>relativeToGround</altitudeMode>
			<coordinates>80.80497339999999,18.8004566,0</coordinates>
		</Point>
	</Placemark>
	<Placemark id="001A2B8C053176072ADC">
		<name>Bsf camp gokulnagar</name>
		<gx:mid>/g/11rqxm77xs</gx:mid>
		<gx:fid>0x3a293de545ad4933:0xf2feef80ae723056</gx:fid>
		<LookAt>
			<longitude>81.267017</longitude>
			<latitude>21.1554393</latitude>
			<altitude>0</altitude>
			<heading>0</heading>
			<tilt>0</tilt>
			<gx:fovy>35</gx:fovy>
			<range>977.3753243176026</range>
			<altitudeMode>relativeToGround</altitudeMode>
		</LookAt>
		<styleUrl>#__managed_style_35DDE8A55A364813C59B</styleUrl>
		<Point>
			<altitudeMode>relativeToGround</altitudeMode>
			<coordinates>81.2670651,21.1554395,0</coordinates>
		</Point>
	</Placemark>
	<Placemark id="037D80A9DB31760A5964">
		<name>ITBP FORCE TRAGEDY CAMP</name>
		<gx:mid>/g/11p49zcfqv</gx:mid>
		<gx:fid>0x3a28e904921777c7:0xfc22a3f36697bd0b</gx:fid>
		<LookAt>
			<longitude>81.72788129999999</longitude>
			<latitude>21.2834565</latitude>
			<altitude>0</altitude>
			<heading>0</heading>
			<tilt>0</tilt>
			<gx:fovy>35</gx:fovy>
			<range>976.4323655506115</range>
			<altitudeMode>relativeToGround</altitudeMode>
		</LookAt>
		<styleUrl>#__managed_style_35DDE8A55A364813C59B</styleUrl>
		<Point>
			<altitudeMode>relativeToGround</altitudeMode>
			<coordinates>81.72788159999999,21.2834618,0</coordinates>
		</Point>
	</Placemark>
	<Placemark id="0F7EA427A031760C9EB3">
		<name>53bn itbp camp kukrajhor c coy</name>
		<gx:mid>/g/11y3l012lg</gx:mid>
		<gx:fid>0x3a2e3f001e274d9b:0x5a407cebd8abdaf7</gx:fid>
		<LookAt>
			<longitude>81.23786989999999</longitude>
			<latitude>19.64724439999999</latitude>
			<altitude>0</altitude>
			<heading>0</heading>
			<tilt>0</tilt>
			<gx:fovy>35</gx:fovy>
			<range>988.0861335254749</range>
			<altitudeMode>relativeToGround</altitudeMode>
		</LookAt>
		<styleUrl>#__managed_style_35DDE8A55A364813C59B</styleUrl>
		<Point>
			<altitudeMode>relativeToGround</altitudeMode>
			<coordinates>81.2378665,19.6472359,0</coordinates>
		</Point>
	</Placemark>
	<Placemark id="03CB1D5FF731760E0D08">
		<name>S.T.F camp potkpalli</name>
		<gx:mid>/g/11t61t5x9z</gx:mid>
		<gx:fid>0x3a3147e970888ff5:0x4c7f4a8afaed2e2a</gx:fid>
		<LookAt>
			<longitude>81.10372989999999</longitude>
			<latitude>18.0710122</latitude>
			<altitude>0</altitude>
			<heading>0</heading>
			<tilt>0</tilt>
			<gx:fovy>35</gx:fovy>
			<range>998.486363848879</range>
			<altitudeMode>relativeToGround</altitudeMode>
		</LookAt>
		<styleUrl>#__managed_style_35DDE8A55A364813C59B</styleUrl>
		<Point>
			<altitudeMode>relativeToGround</altitudeMode>
			<coordinates>81.10372989999999,18.0710122,0</coordinates>
		</Point>
	</Placemark>
	<Placemark id="0F0365B1DC31760E6A89">
		<name>Helipad, Police Line Sukma</name>
		<gx:mid>/g/11h89gg19w</gx:mid>
		<gx:fid>0x3a30fb80ad7c7fd7:0x65052052406875a0</gx:fid>
		<LookAt>
			<longitude>81.67481049999999</longitude>
			<latitude>18.4373372</latitude>
			<altitude>0</altitude>
			<heading>0</heading>
			<tilt>0</tilt>
			<gx:fovy>35</gx:fovy>
			<range>996.1423222498433</range>
			<altitudeMode>relativeToGround</altitudeMode>
		</LookAt>
		<styleUrl>#__managed_style_35DDE8A55A364813C59B</styleUrl>
		<Point>
			<altitudeMode>relativeToGround</altitudeMode>
			<coordinates>81.67481049999999,18.4373372,0</coordinates>
		</Point>
	</Placemark>
	<Placemark id="01510F680831760F1534">
		<name>STF Camp</name>
		<gx:mid>/g/11fn9d3190</gx:mid>
		<gx:fid>0x3a293dee97872cc1:0xe99e9363f2dc52d2</gx:fid>
		<LookAt>
			<longitude>81.2540047</longitude>
			<latitude>21.201617</latitude>
			<altitude>0</altitude>
			<heading>0</heading>
			<tilt>0</tilt>
			<gx:fovy>35</gx:fovy>
			<range>977.0357917244701</range>
			<altitudeMode>relativeToGround</altitudeMode>
		</LookAt>
		<styleUrl>#__managed_style_35DDE8A55A364813C59B</styleUrl>
		<Point>
			<altitudeMode>relativeToGround</altitudeMode>
			<coordinates>81.2540047,21.201617,0</coordinates>
		</Point>
	</Placemark>
	<Placemark id="0E48D1E0EA3176100F34">
		<name>C.A.F. CAMP 22BN E COMPANY</name>
		<gx:mid>/g/11rkm8v88l</gx:mid>
		<gx:fid>0x3a310f87d1f91a71:0x870073f4507659e3</gx:fid>
		<LookAt>
			<longitude>81.3364682</longitude>
			<latitude>18.4497639</latitude>
			<altitude>0</altitude>
			<heading>0</heading>
			<tilt>0</tilt>
			<gx:fovy>35</gx:fovy>
			<range>996.0620277144327</range>
			<altitudeMode>relativeToGround</altitudeMode>
		</LookAt>
		<styleUrl>#__managed_style_35DDE8A55A364813C59B</styleUrl>
		<Point>
			<altitudeMode>relativeToGround</altitudeMode>
			<coordinates>81.3364682,18.4497639,0</coordinates>
		</Point>
	</Placemark>
	<Placemark id="094A5B80213176104801">
		<name>C.A.F. Camp</name>
		<gx:mid>/g/11hzskhw0h</gx:mid>
		<gx:fid>0x3a2e85f193678ae1:0x52f75477053bdd17</gx:fid>
		<LookAt>
			<longitude>80.89905159999999</longitude>
			<latitude>20.275664</latitude>
			<altitude>0</altitude>
			<heading>0</heading>
			<tilt>0</tilt>
			<gx:fovy>35</gx:fovy>
			<range>983.712836434426</range>
			<altitudeMode>relativeToGround</altitudeMode>
		</LookAt>
		<styleUrl>#__managed_style_35DDE8A55A364813C59B</styleUrl>
		<Point>
			<altitudeMode>relativeToGround</altitudeMode>
			<coordinates>80.89905159999999,20.275664,0</coordinates>
		</Point>
	</Placemark>
	<Placemark id="013F38FB2B317610A4C0">
		<name>F COY CAF Camp Muler</name>
		<gx:mid>/g/11l723g3z6</gx:mid>
		<gx:fid>0x3a311bd19a88724b:0x5273d6b7f4e7fdda</gx:fid>
		<LookAt>
			<longitude>81.421964</longitude>
			<latitude>18.408892</latitude>
			<altitude>0</altitude>
			<heading>0</heading>
			<tilt>0</tilt>
			<gx:fovy>35</gx:fovy>
			<range>996.325927466095</range>
			<altitudeMode>relativeToGround</altitudeMode>
		</LookAt>
		<styleUrl>#__managed_style_35DDE8A55A364813C59B</styleUrl>
		<Point>
			<altitudeMode>relativeToGround</altitudeMode>
			<coordinates>81.421964,18.408892,0</coordinates>
		</Point>
	</Placemark>
	<Placemark id="015599F204317610F952">
		<name>Bechapaal CAF CAMP</name>
		<gx:mid>/g/11vj5h48tp</gx:mid>
		<gx:fid>0x3a31970b525117fd:0x458cbe8e7a5d95df</gx:fid>
		<LookAt>
			<longitude>81.1479739</longitude>
			<latitude>18.8392916</latitude>
			<altitude>0</altitude>
			<heading>0</heading>
			<tilt>0</tilt>
			<gx:fovy>35</gx:fovy>
			<range>993.5192779295861</range>
			<altitudeMode>relativeToGround</altitudeMode>
		</LookAt>
		<styleUrl>#__managed_style_35DDE8A55A364813C59B</styleUrl>
		<Point>
			<altitudeMode>relativeToGround</altitudeMode>
			<coordinates>81.1479739,18.8392916,0</coordinates>
		</Point>
	</Placemark>
	<Placemark id="09C08083903176114AE4">
		<name>CAF</name>
		<gx:mid>/g/11rkxdgb3g</gx:mid>
		<gx:fid>0x3a31b9c8c30ae2a3:0x5255ae92c58df8a7</gx:fid>
		<LookAt>
			<longitude>81.3147584</longitude>
			<latitude>18.9042267</latitude>
			<altitude>0</altitude>
			<heading>0</heading>
			<tilt>0</tilt>
			<gx:fovy>35</gx:fovy>
			<range>993.0905341473215</range>
			<altitudeMode>relativeToGround</altitudeMode>
		</LookAt>
		<styleUrl>#__managed_style_35DDE8A55A364813C59B</styleUrl>
		<Point>
			<altitudeMode>relativeToGround</altitudeMode>
			<coordinates>81.3147584,18.9042267,0</coordinates>
		</Point>
	</Placemark>
	<Placemark id="01B9C8282D317611FCB0">
		<name>CISF camp</name>
		<gx:mid>/g/11q26mrc0q</gx:mid>
		<gx:fid>0x3988fb6962276ff3:0xaa410bcc34da07a0</gx:fid>
		<LookAt>
			<longitude>82.7356171</longitude>
			<latitude>23.3411735</latitude>
			<altitude>0</altitude>
			<heading>0</heading>
			<tilt>0</tilt>
			<gx:fovy>35</gx:fovy>
			<range>960.5594673620842</range>
			<altitudeMode>relativeToGround</altitudeMode>
		</LookAt>
		<styleUrl>#__managed_style_35DDE8A55A364813C59B</styleUrl>
		<Point>
			<altitudeMode>relativeToGround</altitudeMode>
			<coordinates>82.73561839999999,23.3411996,0</coordinates>
		</Point>
	</Placemark>
	<Placemark id="043DEB02A73176124699">
		<name>KATKONA CISF CAMP</name>
		<gx:mid>/g/11r7dtlts1</gx:mid>
		<gx:fid>0x3988f1b9c9c94fd5:0x6058ebf2ebe5d3eb</gx:fid>
		<LookAt>
			<longitude>82.676599</longitude>
			<latitude>23.354312</latitude>
			<altitude>0</altitude>
			<heading>0</heading>
			<tilt>0</tilt>
			<gx:fovy>35</gx:fovy>
			<range>960.4538251832313</range>
			<altitudeMode>relativeToGround</altitudeMode>
		</LookAt>
		<styleUrl>#__managed_style_35DDE8A55A364813C59B</styleUrl>
		<Point>
			<altitudeMode>relativeToGround</altitudeMode>
			<coordinates>82.676599,23.354312,0</coordinates>
		</Point>
	</Placemark>
	<Placemark id="0A034A3EEC3176128E51">
		<name>CISF CAMP Hasdeo area</name>
		<gx:mid>/g/11smv9p3dm</gx:mid>
		<gx:fid>0x3987d591fadfcce1:0xf875c5aa0ff21832</gx:fid>
		<LookAt>
			<longitude>82.15676990000001</longitude>
			<latitude>23.1798661</latitude>
			<altitude>0</altitude>
			<heading>0</heading>
			<tilt>0</tilt>
			<gx:fovy>35</gx:fovy>
			<range>961.8520781557258</range>
			<altitudeMode>relativeToGround</altitudeMode>
		</LookAt>
		<styleUrl>#__managed_style_35DDE8A55A364813C59B</styleUrl>
		<Point>
			<altitudeMode>relativeToGround</altitudeMode>
			<coordinates>82.1567699,23.1798661,0</coordinates>
		</Point>
	</Placemark>
	<Placemark id="0507B90CC6317625AEEE">
		<name>Camp</name>
		<LookAt>
			<longitude>81.1725576621045</longitude>
			<latitude>18.75299909956901</latitude>
			<altitude>539.0241953646869</altitude>
			<heading>358.5818884608078</heading>
			<tilt>0</tilt>
			<gx:fovy>35</gx:fovy>
			<range>1364.049746308301</range>
			<altitudeMode>absolute</altitudeMode>
		</LookAt>
		<styleUrl>#__managed_style_09B531A16F364813C59B</styleUrl>
		<Point>
			<coordinates>81.17160339604052,18.75329046511045,544.6377510312883</coordinates>
		</Point>
	</Placemark>
	<Placemark id="0B85D53780317626675F">
		<name>Kawdagaon</name>
		<visibility>0</visibility>
		<gx:mid>/g/12hk4g626</gx:mid>
		<gx:fid>0x3a3192f7bdb9a8e5:0xd2c87cbc90e1752c</gx:fid>
		<LookAt>
			<longitude>81.1716593</longitude>
			<latitude>18.75957245</latitude>
			<altitude>0</altitude>
			<heading>0</heading>
			<tilt>0</tilt>
			<gx:fovy>35</gx:fovy>
			<range>5338.916394006</range>
			<altitudeMode>relativeToGround</altitudeMode>
		</LookAt>
		<styleUrl>#__managed_style_35DDE8A55A364813C59B</styleUrl>
		<Point>
			<altitudeMode>relativeToGround</altitudeMode>
			<coordinates>81.1716593,18.7595728,0</coordinates>
		</Point>
	</Placemark>
	<Placemark id="00F28D31DE31762EFAAB">
		<name>Helipad jagargonda Cricket Stadium</name>
		<gx:mid>/g/11h1kc920y</gx:mid>
		<gx:fid>0x3a310dd5a643075b:0x85b26b04adba96f3</gx:fid>
		<LookAt>
			<longitude>81.16940219999999</longitude>
			<latitude>18.4503278</latitude>
			<altitude>0</altitude>
			<heading>0</heading>
			<tilt>0</tilt>
			<gx:fovy>35</gx:fovy>
			<range>996.0583828909711</range>
			<altitudeMode>relativeToGround</altitudeMode>
		</LookAt>
		<styleUrl>#__managed_style_35DDE8A55A364813C59B</styleUrl>
		<Point>
			<altitudeMode>relativeToGround</altitudeMode>
			<coordinates>81.16940219999999,18.4503278,0</coordinates>
		</Point>
	</Placemark>
	<Placemark id="0EBFD4983931762F6B5B">
		<name>Police Station Jagargunda</name>
		<gx:mid>/g/11fd6k_x6x</gx:mid>
		<gx:fid>0x3a310ded157bf57b:0x7d0841627b50210a</gx:fid>
		<LookAt>
			<longitude>81.16867529999999</longitude>
			<latitude>18.4487532</latitude>
			<altitude>0</altitude>
			<heading>0</heading>
			<tilt>0</tilt>
			<gx:fovy>35</gx:fovy>
			<range>996.068560211002</range>
			<altitudeMode>relativeToGround</altitudeMode>
		</LookAt>
		<styleUrl>#__managed_style_35DDE8A55A364813C59B</styleUrl>
		<Point>
			<altitudeMode>relativeToGround</altitudeMode>
			<coordinates>81.1687153,18.4486849,0</coordinates>
		</Point>
	</Placemark>
	<Placemark id="071C1FE612317632AB66">
		<name>Police Station Aranpur</name>
		<gx:mid>/g/12hq_q08r</gx:mid>
		<gx:fid>0x3a31058672606091:0xac57502f212d4301</gx:fid>
		<LookAt>
			<longitude>81.34483505000001</longitude>
			<latitude>18.477105</latitude>
			<altitude>0</altitude>
			<heading>0</heading>
			<tilt>0</tilt>
			<gx:fovy>35</gx:fovy>
			<range>22048.63861676434</range>
			<altitudeMode>relativeToGround</altitudeMode>
		</LookAt>
		<styleUrl>#__managed_style_35DDE8A55A364813C59B</styleUrl>
		<Point>
			<altitudeMode>relativeToGround</altitudeMode>
			<coordinates>81.34544169999999,18.4729136,0</coordinates>
		</Point>
	</Placemark>
	<Placemark id="0799D9817C31763A0335">
		<name>p.s jhurhatola</name>
		<gx:mid>/g/11c6zydvzv</gx:mid>
		<gx:fid>0x3a2e95aee6061c29:0x1be0a05694f251d8</gx:fid>
		<LookAt>
			<longitude>81.1123515</longitude>
			<latitude>20.4452602</latitude>
			<altitude>0</altitude>
			<heading>0</heading>
			<tilt>0</tilt>
			<gx:fovy>35</gx:fovy>
			<range>982.5105990274661</range>
			<altitudeMode>relativeToGround</altitudeMode>
		</LookAt>
		<styleUrl>#__managed_style_35DDE8A55A364813C59B</styleUrl>
		<Point>
			<altitudeMode>relativeToGround</altitudeMode>
			<coordinates>81.11229539999999,20.4451851,0</coordinates>
		</Point>
	</Placemark>
	<Placemark id="0A196E54B731763F9859">
		<name>Gundam Ground</name>
		<visibility>0</visibility>
		<gx:mid>/g/11vt8vqqkb</gx:mid>
		<gx:fid>0x3a317b0065e84b3f:0x9384e682b4adfac2</gx:fid>
		<LookAt>
			<longitude>80.96433449999999</longitude>
			<latitude>18.4565686</latitude>
			<altitude>0</altitude>
			<heading>0</heading>
			<tilt>0</tilt>
			<gx:fovy>35</gx:fovy>
			<range>996.0180378469712</range>
			<altitudeMode>relativeToGround</altitudeMode>
		</LookAt>
		<styleUrl>#__managed_style_35DDE8A55A364813C59B</styleUrl>
		<Point>
			<altitudeMode>relativeToGround</altitudeMode>
			<coordinates>80.96433449999999,18.4565686,0</coordinates>
		</Point>
	</Placemark>
	<Placemark id="0D8F9BBE1231763FC97E">
		<name>gundam camp?</name>
		<visibility>0</visibility>
		<LookAt>
			<longitude>80.97465057735087</longitude>
			<latitude>18.44976427951296</latitude>
			<altitude>177.2783742182949</altitude>
			<heading>0</heading>
			<tilt>0</tilt>
			<gx:fovy>35</gx:fovy>
			<range>5214.164771579673</range>
			<altitudeMode>absolute</altitudeMode>
		</LookAt>
		<styleUrl>#__managed_style_079C6E475A364813C59C</styleUrl>
		<Point>
			<coordinates>80.96543918468964,18.45695363691751,175.0020432278167</coordinates>
		</Point>
	</Placemark>
	<Placemark id="0C06D7DC803176448E7E">
		<name>Maspur</name>
		<visibility>0</visibility>
		<gx:mid>/g/12hlgyryw</gx:mid>
		<gx:fid>0x3a2e733bad7ce81d:0x56163e9c3da1fb84</gx:fid>
		<LookAt>
			<longitude>80.9275931</longitude>
			<latitude>19.73206555</latitude>
			<altitude>0</altitude>
			<heading>0</heading>
			<tilt>0</tilt>
			<gx:fovy>35</gx:fovy>
			<range>2199.454268119463</range>
			<altitudeMode>relativeToGround</altitudeMode>
		</LookAt>
		<styleUrl>#__managed_style_35DDE8A55A364813C59B</styleUrl>
		<Point>
			<altitudeMode>relativeToGround</altitudeMode>
			<coordinates>80.92837729999999,19.7320378,0</coordinates>
		</Point>
	</Placemark>
	<Placemark id="01EA3D4C32317644AD36">
		<name>Maspur camp?</name>
		<visibility>0</visibility>
		<LookAt>
			<longitude>80.92728369695932</longitude>
			<latitude>19.73367065906408</latitude>
			<altitude>558.5040064592798</altitude>
			<heading>0</heading>
			<tilt>0</tilt>
			<gx:fovy>35</gx:fovy>
			<range>1023.549581032276</range>
			<altitudeMode>absolute</altitudeMode>
		</LookAt>
		<styleUrl>#__managed_style_079C6E475A364813C59C</styleUrl>
		<Point>
			<coordinates>80.92703930062471,19.73248660260372,556.5430741762237</coordinates>
		</Point>
	</Placemark>
	<Placemark id="056390CD683176460A6A">
		<name>Kasturmeta</name>
		<visibility>0</visibility>
		<gx:mid>/g/12hkfhtmr</gx:mid>
		<gx:fid>0x3a2e05453610f31d:0xad6fa108ef568afe</gx:fid>
		<LookAt>
			<longitude>80.97462499999999</longitude>
			<latitude>19.52093065</latitude>
			<altitude>0</altitude>
			<heading>0</heading>
			<tilt>0</tilt>
			<gx:fovy>35</gx:fovy>
			<range>5306.027906979394</range>
			<altitudeMode>relativeToGround</altitudeMode>
		</LookAt>
		<styleUrl>#__managed_style_35DDE8A55A364813C59B</styleUrl>
		<Point>
			<altitudeMode>relativeToGround</altitudeMode>
			<coordinates>80.974625,19.520931,0</coordinates>
		</Point>
	</Placemark>
	<Placemark id="0D1B9D41D031764631ED">
		<name>Kasturmeta camp?</name>
		<visibility>0</visibility>
		<LookAt>
			<longitude>80.97543082413246</longitude>
			<latitude>19.5207128504419</latitude>
			<altitude>630.2579209471595</altitude>
			<heading>0</heading>
			<tilt>0</tilt>
			<gx:fovy>35</gx:fovy>
			<range>921.7259369457317</range>
			<altitudeMode>absolute</altitudeMode>
		</LookAt>
		<styleUrl>#__managed_style_079C6E475A364813C59C</styleUrl>
		<Point>
			<coordinates>80.97450630298314,19.52091393564656,628.5299207699958</coordinates>
		</Point>
	</Placemark>
	<Placemark id="0AA12E0F56317649AFE6">
		<name>Camp</name>
		<LookAt>
			<longitude>80.98086739319325</longitude>
			<latitude>19.88861232280201</latitude>
			<altitude>386.6170370920174</altitude>
			<heading>6.313547019977397</heading>
			<tilt>0</tilt>
			<gx:fovy>35</gx:fovy>
			<range>248.8122476327044</range>
			<altitudeMode>absolute</altitudeMode>
		</LookAt>
		<styleUrl>#__managed_style_079C6E475A364813C59C</styleUrl>
		<Point>
			<coordinates>80.98048414630887,19.88872680678822,385.9377254503516</coordinates>
		</Point>
	</Placemark>
	<Placemark id="081621B74431764FFA72">
		<name>TALABEDA CAMP</name>
		<gx:mid>/g/11r3lzzjpj</gx:mid>
		<gx:fid>0x3a2e5d6ac72c60a5:0x16ac9cc83ca6bf88</gx:fid>
		<LookAt>
			<longitude>81.17955689999999</longitude>
			<latitude>19.9331632</latitude>
			<altitude>0</altitude>
			<heading>0</heading>
			<tilt>0</tilt>
			<gx:fovy>35</gx:fovy>
			<range>986.1123029785623</range>
			<altitudeMode>relativeToGround</altitudeMode>
		</LookAt>
		<styleUrl>#__managed_style_35DDE8A55A364813C59B</styleUrl>
		<Point>
			<altitudeMode>relativeToGround</altitudeMode>
			<coordinates>81.17962729999999,19.9331652,0</coordinates>
		</Point>
	</Placemark>
	<Placemark id="0E88B32A17317650CB17">
		<name>D COY Jhara camp</name>
		<gx:mid>/g/11p_45_lvx</gx:mid>
		<gx:fid>0x3a2e31873301bee1:0x67bb351a6702e33e</gx:fid>
		<LookAt>
			<longitude>81.3702876</longitude>
			<latitude>19.5620336</latitude>
			<altitude>0</altitude>
			<heading>0</heading>
			<tilt>0</tilt>
			<gx:fovy>35</gx:fovy>
			<range>988.6692244725439</range>
			<altitudeMode>relativeToGround</altitudeMode>
		</LookAt>
		<styleUrl>#__managed_style_35DDE8A55A364813C59B</styleUrl>
		<Point>
			<altitudeMode>relativeToGround</altitudeMode>
			<coordinates>81.37027759999999,19.5619771,0</coordinates>
		</Point>
	</Placemark>
	<Placemark id="00831767BD317650F74F">
		<name>Police Station Jhara Thana</name>
		<gx:mid>/g/11kq2ygh1y</gx:mid>
		<gx:fid>0x3a2e31ca4bcdaa41:0x1b206328ece210ea</gx:fid>
		<LookAt>
			<longitude>81.3691005</longitude>
			<latitude>19.5630865</latitude>
			<altitude>0</altitude>
			<heading>0</heading>
			<tilt>0</tilt>
			<gx:fovy>35</gx:fovy>
			<range>988.6620340322261</range>
			<altitudeMode>relativeToGround</altitudeMode>
		</LookAt>
		<styleUrl>#__managed_style_35DDE8A55A364813C59B</styleUrl>
		<Point>
			<altitudeMode>relativeToGround</altitudeMode>
			<coordinates>81.3691005,19.5630865,0</coordinates>
		</Point>
	</Placemark>
	<Placemark id="0431DA98143176517082">
		<name>Police camp kohkameta</name>
		<gx:mid>/g/11vy66vjlv</gx:mid>
		<gx:fid>0x3a2e134a72cb3f89:0x5bba2a71376f6648</gx:fid>
		<LookAt>
			<longitude>81.0724601</longitude>
			<latitude>19.6398906</latitude>
			<altitude>0</altitude>
			<heading>0</heading>
			<tilt>0</tilt>
			<gx:fovy>35</gx:fovy>
			<range>988.1365485066638</range>
			<altitudeMode>relativeToGround</altitudeMode>
		</LookAt>
		<styleUrl>#__managed_style_35DDE8A55A364813C59B</styleUrl>
		<Point>
			<altitudeMode>relativeToGround</altitudeMode>
			<coordinates>81.0724601,19.6398906,0</coordinates>
		</Point>
	</Placemark>
	<Placemark id="0F68C396F4317652BEC4">
		<name>पुलिस कैंप हेलीपैड Police Camp Helipad</name>
		<gx:mid>/g/11t2fgl9lv</gx:mid>
		<gx:fid>0x3a2e3dad31fd46d5:0xec00afb02b44b4e7</gx:fid>
		<LookAt>
			<longitude>81.1790048</longitude>
			<latitude>19.5902244</latitude>
			<altitude>0</altitude>
			<heading>0</heading>
			<tilt>0</tilt>
			<gx:fovy>35</gx:fovy>
			<range>988.4765795290773</range>
			<altitudeMode>relativeToGround</altitudeMode>
		</LookAt>
		<styleUrl>#__managed_style_35DDE8A55A364813C59B</styleUrl>
		<Point>
			<altitudeMode>relativeToGround</altitudeMode>
			<coordinates>81.1790048,19.5902244,0</coordinates>
		</Point>
	</Placemark>
	<Placemark id="07ED26655C3176581D0D">
		<name>Gouraram CRPF Camp</name>
		<gx:mid>/g/11sn70q2l9</gx:mid>
		<gx:fid>0x3a3153e72dd11925:0x36a7c0f8064c7438</gx:fid>
		<LookAt>
			<longitude>80.95435739999999</longitude>
			<latitude>17.9124927</latitude>
			<altitude>0</altitude>
			<heading>0</heading>
			<tilt>0</tilt>
			<gx:fovy>35</gx:fovy>
			<range>999.4869136616398</range>
			<altitudeMode>relativeToGround</altitudeMode>
		</LookAt>
		<styleUrl>#__managed_style_35DDE8A55A364813C59B</styleUrl>
		<Point>
			<altitudeMode>relativeToGround</altitudeMode>
			<coordinates>80.95435739999999,17.9124927,0</coordinates>
		</Point>
	</Placemark>
	<Placemark id="0CF6320B2131765A5D1E">
		<name>Naxcel training camps</name>
		<gx:mid>/g/11k44rq3c6</gx:mid>
		<gx:fid>0x3a31697fd3181313:0xfc6dde594fd89784</gx:fid>
		<LookAt>
			<longitude>81.04938299999999</longitude>
			<latitude>18.2725875</latitude>
			<altitude>0</altitude>
			<heading>0</heading>
			<tilt>0</tilt>
			<gx:fovy>35</gx:fovy>
			<range>997.2020194617697</range>
			<altitudeMode>relativeToGround</altitudeMode>
		</LookAt>
		<styleUrl>#__managed_style_35DDE8A55A364813C59B</styleUrl>
		<Point>
			<altitudeMode>relativeToGround</altitudeMode>
			<coordinates>81.04938299999999,18.2725875,0</coordinates>
		</Point>
	</Placemark>
	<Placemark id="0A5964CC5831765B19B8">
		<name>DULER CAMP</name>
		<gx:mid>/g/11y2t96vqp</gx:mid>
		<gx:fid>0x3a316b004b492721:0x621b0b77bd3131f4</gx:fid>
		<LookAt>
			<longitude>81.08391809999999</longitude>
			<latitude>18.2294669</latitude>
			<altitude>0</altitude>
			<heading>0</heading>
			<tilt>0</tilt>
			<gx:fovy>35</gx:fovy>
			<range>997.4778955178059</range>
			<altitudeMode>relativeToGround</altitudeMode>
		</LookAt>
		<styleUrl>#__managed_style_35DDE8A55A364813C59B</styleUrl>
		<Point>
			<altitudeMode>relativeToGround</altitudeMode>
			<coordinates>81.08391809999999,18.2294669,0</coordinates>
		</Point>
	</Placemark>
	<Placemark id="0490AB414231765CA28E">
		<name>Cobra camp Pottakpalli</name>
		<gx:mid>/g/11vl5v2tvd</gx:mid>
		<gx:fid>0x3a3147c07d29bc6b:0xd5843688a07ada33</gx:fid>
		<LookAt>
			<longitude>81.10969300000001</longitude>
			<latitude>18.1149786</latitude>
			<altitude>0</altitude>
			<heading>0</heading>
			<tilt>0</tilt>
			<gx:fovy>35</gx:fovy>
			<range>998.2073783552428</range>
			<altitudeMode>relativeToGround</altitudeMode>
		</LookAt>
		<styleUrl>#__managed_style_35DDE8A55A364813C59B</styleUrl>
		<Point>
			<altitudeMode>relativeToGround</altitudeMode>
			<coordinates>81.1096761,18.1149786,0</coordinates>
		</Point>
	</Placemark>
	<Placemark id="04B314B0B431765DFA9C">
		<name>Elarmurgu camp</name>
		<gx:mid>/g/11nxv63yq9</gx:mid>
		<gx:fid>0x3a313b8e26409d53:0xf725c48098cfd5b0</gx:fid>
		<LookAt>
			<longitude>81.29911799999999</longitude>
			<latitude>18.0622681</latitude>
			<altitude>0</altitude>
			<heading>0</heading>
			<tilt>0</tilt>
			<gx:fovy>35</gx:fovy>
			<range>998.5417724693776</range>
			<altitudeMode>relativeToGround</altitudeMode>
		</LookAt>
		<styleUrl>#__managed_style_35DDE8A55A364813C59B</styleUrl>
		<Point>
			<altitudeMode>relativeToGround</altitudeMode>
			<coordinates>81.29917789999999,18.0622681,0</coordinates>
		</Point>
	</Placemark>
	<Placemark id="097BBDEF9931765E235D">
		<name>Elarmargu Helipad</name>
		<gx:mid>/g/11pvgc5js4</gx:mid>
		<gx:fid>0x3a313b63bb34355f:0xb6f8caa8920af1a9</gx:fid>
		<LookAt>
			<longitude>81.29730429999999</longitude>
			<latitude>18.0603242</latitude>
			<altitude>0</altitude>
			<heading>0</heading>
			<tilt>0</tilt>
			<gx:fovy>35</gx:fovy>
			<range>998.5540869093218</range>
			<altitudeMode>relativeToGround</altitudeMode>
		</LookAt>
		<styleUrl>#__managed_style_35DDE8A55A364813C59B</styleUrl>
		<Point>
			<altitudeMode>relativeToGround</altitudeMode>
			<coordinates>81.29730429999999,18.0603242,0</coordinates>
		</Point>
	</Placemark>
	<Placemark id="0CBC91B7AD317660C576">
		<name>Purvati TAC Headquarter Camp</name>
		<gx:mid>/g/11ldp96v2q</gx:mid>
		<gx:fid>0x3a31710024a6680d:0x9f124e5571e29cb</gx:fid>
		<LookAt>
			<longitude>81.0066806</longitude>
			<latitude>18.410405</latitude>
			<altitude>0</altitude>
			<heading>0</heading>
			<tilt>0</tilt>
			<gx:fovy>35</gx:fovy>
			<range>996.3161682396635</range>
			<altitudeMode>relativeToGround</altitudeMode>
		</LookAt>
		<styleUrl>#__managed_style_35DDE8A55A364813C59B</styleUrl>
		<Point>
			<altitudeMode>relativeToGround</altitudeMode>
			<coordinates>81.0066806,18.410405,0</coordinates>
		</Point>
	</Placemark>
	<Placemark id="06515EDCF73176623845">
		<name>Sarkigura camp</name>
		<gx:mid>/g/11p77t8_ky</gx:mid>
		<gx:fid>0x3a3177f498c6534b:0x91a689021ac26f5a</gx:fid>
		<LookAt>
			<longitude>81.0072713</longitude>
			<latitude>18.5470897</latitude>
			<altitude>0</altitude>
			<heading>0</heading>
			<tilt>0</tilt>
			<gx:fovy>35</gx:fovy>
			<range>995.4313974646474</range>
			<altitudeMode>relativeToGround</altitudeMode>
		</LookAt>
		<styleUrl>#__managed_style_35DDE8A55A364813C59B</styleUrl>
		<Point>
			<altitudeMode>relativeToGround</altitudeMode>
			<coordinates>81.0072713,18.5470897,0</coordinates>
		</Point>
	</Placemark>
	<Placemark id="065EF205A131766C2A66">
		<name>Dalli Iron Ore Mine (Manual)</name>
		<gx:mid>/g/11p12m60qt</gx:mid>
		<gx:fid>0x3a2ebd2d4ebfd91f:0x82e5f35a0bfd2002</gx:fid>
		<LookAt>
			<longitude>81.02309009999999</longitude>
			<latitude>20.57015</latitude>
			<altitude>0</altitude>
			<heading>0</heading>
			<tilt>0</tilt>
			<gx:fovy>35</gx:fovy>
			<range>981.6193229387183</range>
			<altitudeMode>relativeToGround</altitudeMode>
		</LookAt>
		<styleUrl>#__managed_style_3A67DD7FB0364813C59C</styleUrl>
		<Point>
			<altitudeMode>relativeToGround</altitudeMode>
			<coordinates>81.02309009999999,20.57015,0</coordinates>
		</Point>
	</Placemark>
	<Placemark id="008409A4A631766CA2BA">
		<name>Jharan Dalli Mines</name>
		<gx:mid>/g/11f03tlxfy</gx:mid>
		<gx:fid>0x3a2ebc05f0bedef1:0x481c3b3a28c23d4e</gx:fid>
		<LookAt>
			<longitude>81.0648406</longitude>
			<latitude>20.5696489</latitude>
			<altitude>0</altitude>
			<heading>0</heading>
			<tilt>0</tilt>
			<gx:fovy>35</gx:fovy>
			<range>981.6229091197798</range>
			<altitudeMode>relativeToGround</altitudeMode>
		</LookAt>
		<styleUrl>#__managed_style_3A67DD7FB0364813C59C</styleUrl>
		<Point>
			<altitudeMode>relativeToGround</altitudeMode>
			<coordinates>81.0648406,20.5696489,0</coordinates>
		</Point>
	</Placemark>
	<Placemark id="0110A8149031766D2DB8">
		<name>Jharan Dalli and Dalli Mines</name>
		<gx:mid>/g/11bvtf8xhg</gx:mid>
		<gx:fid>0x3a2ebc7a437b1fb9:0xafc9fc1ff6dc2711</gx:fid>
		<LookAt>
			<longitude>81.04064939999999</longitude>
			<latitude>20.5671442</latitude>
			<altitude>0</altitude>
			<heading>0</heading>
			<tilt>0</tilt>
			<gx:fovy>35</gx:fovy>
			<range>10882.6377147414</range>
			<altitudeMode>relativeToGround</altitudeMode>
		</LookAt>
		<styleUrl>#__managed_style_3A67DD7FB0364813C59C</styleUrl>
		<Point>
			<altitudeMode>relativeToGround</altitudeMode>
			<coordinates>81.0451037,20.5664922,0</coordinates>
		</Point>
	</Placemark>
	<Placemark id="00E216FEFA31766FF005">
		<name>Aari Dongri Iron Ore Mines</name>
		<gx:mid>/g/11g0kbxr04</gx:mid>
		<gx:fid>0x3a2e9790ac442579:0xeaf795ffa293bb17</gx:fid>
		<LookAt>
			<longitude>81.0631518</longitude>
			<latitude>20.4073585</latitude>
			<altitude>0</altitude>
			<heading>0</heading>
			<tilt>0</tilt>
			<gx:fovy>35</gx:fovy>
			<range>982.7800860523502</range>
			<altitudeMode>relativeToGround</altitudeMode>
		</LookAt>
		<styleUrl>#__managed_style_3A67DD7FB0364813C59C</styleUrl>
		<Point>
			<altitudeMode>relativeToGround</altitudeMode>
			<coordinates>81.0631518,20.4073585,0</coordinates>
		</Point>
	</Placemark>
	<Placemark id="06DB043DCE31767098FD">
		<name>Hira mines HR</name>
		<gx:mid>/g/11s___nsp7</gx:mid>
		<gx:fid>0x3a2e9735db62ceb9:0xf96a7d156bb95d2c</gx:fid>
		<LookAt>
			<longitude>81.06781839999999</longitude>
			<latitude>20.4124897</latitude>
			<altitude>0</altitude>
			<heading>0</heading>
			<tilt>0</tilt>
			<gx:fovy>35</gx:fovy>
			<range>982.7436296429388</range>
			<altitudeMode>relativeToGround</altitudeMode>
		</LookAt>
		<styleUrl>#__managed_style_35DDE8A55A364813C59B</styleUrl>
		<Point>
			<altitudeMode>relativeToGround</altitudeMode>
			<coordinates>81.0678164,20.4124885,0</coordinates>
		</Point>
	</Placemark>
	<Placemark id="0A51D08F0A317670D894">
		<name>Aaridongri CMDC Mines</name>
		<gx:mid>/g/11q7ft4h0c</gx:mid>
		<gx:fid>0x3a2e979cf21a5af1:0xdb2e0f37782bc463</gx:fid>
		<LookAt>
			<longitude>81.0684517</longitude>
			<latitude>20.3966883</latitude>
			<altitude>0</altitude>
			<heading>0</heading>
			<tilt>0</tilt>
			<gx:fovy>35</gx:fovy>
			<range>982.8558689248173</range>
			<altitudeMode>relativeToGround</altitudeMode>
		</LookAt>
		<styleUrl>#__managed_style_35DDE8A55A364813C59B</styleUrl>
		<Point>
			<altitudeMode>relativeToGround</altitudeMode>
			<coordinates>81.0684517,20.3966883,0</coordinates>
		</Point>
	</Placemark>
	<Placemark id="0122E26AD531767627C7">
		<name>Keoti Railway Station</name>
		<gx:mid>/g/11n2c_5thr</gx:mid>
		<gx:fid>0x3a2e8dc453b40e95:0xb9c1a40ae6895d74</gx:fid>
		<LookAt>
			<longitude>81.0807576</longitude>
			<latitude>20.2275965</latitude>
			<altitude>0</altitude>
			<heading>0</heading>
			<tilt>0</tilt>
			<gx:fovy>35</gx:fovy>
			<range>984.0518824516342</range>
			<altitudeMode>relativeToGround</altitudeMode>
		</LookAt>
		<styleUrl>#__managed_style_6DFC00EA22364813C59C</styleUrl>
		<Point>
			<altitudeMode>relativeToGround</altitudeMode>
			<coordinates>81.0807576,20.2275965,0</coordinates>
		</Point>
	</Placemark>
	<Placemark id="065A6CFAA8317677A63C">
		<name>SSB Masbras</name>
		<gx:mid>/g/11q8dwsd_7</gx:mid>
		<gx:fid>0x3a2e8bb23fe2084b:0x64a855c88f87b572</gx:fid>
		<LookAt>
			<longitude>81.1360368</longitude>
			<latitude>20.1488592</latitude>
			<altitude>0</altitude>
			<heading>0</heading>
			<tilt>0</tilt>
			<gx:fovy>35</gx:fovy>
			<range>984.6056389677989</range>
			<altitudeMode>relativeToGround</altitudeMode>
		</LookAt>
		<styleUrl>#__managed_style_35DDE8A55A364813C59B</styleUrl>
		<Point>
			<altitudeMode>relativeToGround</altitudeMode>
			<coordinates>81.1360368,20.1488592,0</coordinates>
		</Point>
	</Placemark>
	<Placemark id="0C76475C5B3176783520">
		<name>SSB 28 Bn. Antagarh</name>
		<gx:mid>/g/11rrgnqmnf</gx:mid>
		<gx:fid>0x3a2e619b228dca4f:0x451619f4d29e9043</gx:fid>
		<LookAt>
			<longitude>81.136354</longitude>
			<latitude>20.0890906</latitude>
			<altitude>0</altitude>
			<heading>0</heading>
			<tilt>0</tilt>
			<gx:fovy>35</gx:fovy>
			<range>985.0246451068441</range>
			<altitudeMode>relativeToGround</altitudeMode>
		</LookAt>
		<styleUrl>#__managed_style_35DDE8A55A364813C59B</styleUrl>
		<Point>
			<altitudeMode>relativeToGround</altitudeMode>
			<coordinates>81.1364524,20.0890972,0</coordinates>
		</Point>
	</Placemark>
	<Placemark id="000BB4552E31768208A8">
		<name>RPSF CORAS CAMP</name>
		<gx:mid>/g/11txybkyh4</gx:mid>
		<gx:fid>0x3a31bb3a7a84ea45:0xfab513638df747f3</gx:fid>
		<LookAt>
			<longitude>81.27661689999999</longitude>
			<latitude>18.8550615</latitude>
			<altitude>0</altitude>
			<heading>0</heading>
			<tilt>0</tilt>
			<gx:fovy>35</gx:fovy>
			<range>993.4152823574296</range>
			<altitudeMode>relativeToGround</altitudeMode>
		</LookAt>
		<styleUrl>#__managed_style_35DDE8A55A364813C59B</styleUrl>
		<Point>
			<altitudeMode>relativeToGround</altitudeMode>
			<coordinates>81.27661689999999,18.8550615,0</coordinates>
		</Point>
	</Placemark>
	<Placemark id="026F2865EA31768298D2">
		<name>RPSF KAMLOOR DANTEWADA</name>
		<gx:mid>/g/11lc_tzgpg</gx:mid>
		<gx:fid>0x3a31bb00777fb3b5:0xa6ae43b38b696fb3</gx:fid>
		<LookAt>
			<longitude>81.27719239999999</longitude>
			<latitude>18.8554458</latitude>
			<altitude>0</altitude>
			<heading>0</heading>
			<tilt>0</tilt>
			<gx:fovy>35</gx:fovy>
			<range>993.4127470459183</range>
			<altitudeMode>relativeToGround</altitudeMode>
		</LookAt>
		<styleUrl>#__managed_style_35DDE8A55A364813C59B</styleUrl>
		<Point>
			<altitudeMode>relativeToGround</altitudeMode>
			<coordinates>81.27719239999999,18.8554458,0</coordinates>
		</Point>
	</Placemark>
	<Placemark id="021559BE9C31768A9BCD">
		<name>basanpur camp?</name>
		<LookAt>
			<longitude>81.26109008676487</longitude>
			<latitude>18.81158791485107</latitude>
			<altitude>509.5129141658023</altitude>
			<heading>0</heading>
			<tilt>0</tilt>
			<gx:fovy>35</gx:fovy>
			<range>1978.607687169279</range>
			<altitudeMode>absolute</altitudeMode>
		</LookAt>
		<styleUrl>#__managed_style_079C6E475A364813C59C</styleUrl>
		<Point>
			<coordinates>81.26162106728319,18.81174457370021,508.7907282616029</coordinates>
		</Point>
	</Placemark>
	<Placemark id="08F22EAF3931768C764C">
		<name>Kondapalli Proposed camp</name>
		<LookAt>
			<longitude>80.93461117249527</longitude>
			<latitude>18.35125891236668</latitude>
			<altitude>163.8566271069915</altitude>
			<heading>0</heading>
			<tilt>0</tilt>
			<gx:fovy>35</gx:fovy>
			<range>2463.531089761528</range>
			<altitudeMode>absolute</altitudeMode>
		</LookAt>
		<styleUrl>#__managed_style_095DE2F551364813C59E</styleUrl>
		<Point>
			<coordinates>80.93383300608561,18.35137254028031,165.8680888956561</coordinates>
		</Point>
	</Placemark>
	<Placemark id="0EFA1DA5C93181582813">
		<name>Dilip Post</name>
		<gx:mid>/g/11r9lsyxgl</gx:mid>
		<gx:fid>0x3a3177a9840d5447:0x7258de0d8592c9b6</gx:fid>
		<LookAt>
			<longitude>81.0031778</longitude>
			<latitude>18.5091737</latitude>
			<altitude>0</altitude>
			<heading>0</heading>
			<tilt>0</tilt>
			<gx:fovy>35</gx:fovy>
			<range>995.6774491459025</range>
			<altitudeMode>relativeToGround</altitudeMode>
		</LookAt>
		<styleUrl>#__managed_style_35DDE8A55A364813C59B</styleUrl>
		<Point>
			<altitudeMode>relativeToGround</altitudeMode>
			<coordinates>81.0031778,18.5091737,0</coordinates>
		</Point>
	</Placemark>
	<Placemark id="073D68E24931815B5F49">
		<name>??</name>
		<visibility>0</visibility>
		<LookAt>
			<longitude>81.03341582267977</longitude>
			<latitude>18.48353639449821</latitude>
			<altitude>238.4554888563177</altitude>
			<heading>0</heading>
			<tilt>0</tilt>
			<gx:fovy>35</gx:fovy>
			<range>878.6258002802788</range>
			<altitudeMode>absolute</altitudeMode>
		</LookAt>
		<styleUrl>#__managed_style_079C6E475A364813C59C</styleUrl>
		<Point>
			<coordinates>81.03416328986246,18.48336718830085,232.5067476680304</coordinates>
		</Point>
	</Placemark>
	<Placemark id="09758703C431815C7C82">
		<name>camp</name>
		<LookAt>
			<longitude>80.98805284788317</longitude>
			<latitude>18.52036563794897</latitude>
			<altitude>198.0671443052596</altitude>
			<heading>0</heading>
			<tilt>0</tilt>
			<gx:fovy>35</gx:fovy>
			<range>470.153291979441</range>
			<altitudeMode>absolute</altitudeMode>
		</LookAt>
		<styleUrl>#__managed_style_09B531A16F364813C59B</styleUrl>
		<Point>
			<coordinates>80.98854040228588,18.52031553120182,199.2381751231466</coordinates>
		</Point>
	</Placemark>
	<Placemark id="01B400D8B031815D89ED">
		<name>B/C paghrapali</name>
		<gx:mid>/g/11v3gmyh8_</gx:mid>
		<gx:fid>0x3a317938f0c731b5:0xce4ad1aa877c218a</gx:fid>
		<LookAt>
			<longitude>80.97013009999999</longitude>
			<latitude>18.5345454</latitude>
			<altitude>0</altitude>
			<heading>0</heading>
			<tilt>0</tilt>
			<gx:fovy>35</gx:fovy>
			<range>995.5128548484115</range>
			<altitudeMode>relativeToGround</altitudeMode>
		</LookAt>
		<styleUrl>#__managed_style_35DDE8A55A364813C59B</styleUrl>
		<Point>
			<altitudeMode>relativeToGround</altitudeMode>
			<coordinates>80.97013009999999,18.5345454,0</coordinates>
		</Point>
	</Placemark>
	<Placemark id="0A16625DAB31815DA3F2">
		<name>camp</name>
		<LookAt>
			<longitude>80.96913695266105</longitude>
			<latitude>18.53502512392443</latitude>
			<altitude>209.3961927083397</altitude>
			<heading>0</heading>
			<tilt>0</tilt>
			<gx:fovy>35</gx:fovy>
			<range>971.1681137687992</range>
			<altitudeMode>absolute</altitudeMode>
		</LookAt>
		<styleUrl>#__managed_style_09B531A16F364813C59B</styleUrl>
		<Point>
			<coordinates>80.97031477313583,18.53456434951145,210.2938267549299</coordinates>
		</Point>
	</Placemark>
	<Placemark id="0E9E708D4E31815F5D1D">
		<name>camp</name>
		<LookAt>
			<longitude>80.94117815891211</longitude>
			<latitude>18.54876304477493</latitude>
			<altitude>196.3453419280271</altitude>
			<heading>0</heading>
			<tilt>0</tilt>
			<gx:fovy>35</gx:fovy>
			<range>738.7165395049669</range>
			<altitudeMode>absolute</altitudeMode>
		</LookAt>
		<styleUrl>#__managed_style_09B531A16F364813C59B</styleUrl>
		<Point>
			<coordinates>80.94208017139076,18.54876304263668,200.5257043103623</coordinates>
		</Point>
	</Placemark>
	<Placemark id="0791EFD858318160014A">
		<name>?</name>
		<visibility>0</visibility>
		<LookAt>
			<longitude>80.92544128660788</longitude>
			<latitude>18.55815126869352</latitude>
			<altitude>190.6202630383224</altitude>
			<heading>0</heading>
			<tilt>0</tilt>
			<gx:fovy>35</gx:fovy>
			<range>1178.932763402554</range>
			<altitudeMode>absolute</altitudeMode>
		</LookAt>
		<styleUrl>#__managed_style_079C6E475A364813C59C</styleUrl>
		<Point>
			<coordinates>80.92645337722287,18.55776281859385,191.6004338220716</coordinates>
		</Point>
	</Placemark>
	<Placemark id="018D7F9FDA31816108E6">
		<name>??</name>
		<visibility>0</visibility>
		<LookAt>
			<longitude>80.90004043668031</longitude>
			<latitude>18.5622803926624</latitude>
			<altitude>191.3419951952258</altitude>
			<heading>0</heading>
			<tilt>0</tilt>
			<gx:fovy>35</gx:fovy>
			<range>1401.132514627971</range>
			<altitudeMode>absolute</altitudeMode>
		</LookAt>
		<styleUrl>#__managed_style_079C6E475A364813C59C</styleUrl>
		<Point>
			<coordinates>80.90084594731985,18.56158620020186,189.0261855402185</coordinates>
		</Point>
	</Placemark>
	<Placemark id="01D87B3FC1318161CF9C">
		<name>????</name>
		<visibility>0</visibility>
		<LookAt>
			<longitude>80.88164840500538</longitude>
			<latitude>18.56334331963548</latitude>
			<altitude>201.5708387784244</altitude>
			<heading>0</heading>
			<tilt>0</tilt>
			<gx:fovy>35</gx:fovy>
			<range>995.352918886347</range>
			<altitudeMode>absolute</altitudeMode>
		</LookAt>
		<styleUrl>#__managed_style_079C6E475A364813C59C</styleUrl>
		<Point>
			<coordinates>80.88260891873976,18.56370691471967,206.9067131655372</coordinates>
		</Point>
	</Placemark>
	<Placemark id="079164495B318162187B">
		<name>33/11 substation timapur (Basaguda)</name>
		<gx:mid>/g/11n5ktd07q</gx:mid>
		<gx:fid>0x3a317fb8593762b3:0x3d80d96fb29e8c1d</gx:fid>
		<LookAt>
			<longitude>80.87040379999999</longitude>
			<latitude>18.5639029</latitude>
			<altitude>0</altitude>
			<heading>0</heading>
			<tilt>0</tilt>
			<gx:fovy>35</gx:fovy>
			<range>995.3221381821013</range>
			<altitudeMode>relativeToGround</altitudeMode>
		</LookAt>
		<styleUrl>#__managed_style_35DDE8A55A364813C59B</styleUrl>
		<Point>
			<altitudeMode>relativeToGround</altitudeMode>
			<coordinates>80.87040379999999,18.5639026,0</coordinates>
		</Point>
	</Placemark>
	<Placemark id="033164C2F7318162B605">
		<name>???</name>
		<visibility>0</visibility>
		<LookAt>
			<longitude>80.84739040714736</longitude>
			<latitude>18.56513397707294</latitude>
			<altitude>212.2291599703115</altitude>
			<heading>0</heading>
			<tilt>0</tilt>
			<gx:fovy>35</gx:fovy>
			<range>630.2526986226441</range>
			<altitudeMode>absolute</altitudeMode>
		</LookAt>
		<styleUrl>#__managed_style_079C6E475A364813C59C</styleUrl>
		<Point>
			<coordinates>80.84846258300901,18.56549001767081,214.8799883626584</coordinates>
		</Point>
	</Placemark>
	<Placemark id="0037491E4C3181634322">
		<name>??</name>
		<visibility>0</visibility>
		<LookAt>
			<longitude>80.82306647128031</longitude>
			<latitude>18.56799911283672</latitude>
			<altitude>201.5303304559271</altitude>
			<heading>0</heading>
			<tilt>0</tilt>
			<gx:fovy>35</gx:fovy>
			<range>552.083231693905</range>
			<altitudeMode>absolute</altitudeMode>
		</LookAt>
		<styleUrl>#__managed_style_079C6E475A364813C59C</styleUrl>
		<Point>
			<coordinates>80.82392499604858,18.56855141989277,199.1467686018608</coordinates>
		</Point>
	</Placemark>
	<Placemark id="01BCEBBF7E3181637FAE">
		<name>Camp</name>
		<LookAt>
			<longitude>80.8165701826123</longitude>
			<latitude>18.57037140034691</latitude>
			<altitude>206.9997572261735</altitude>
			<heading>0</heading>
			<tilt>0</tilt>
			<gx:fovy>35</gx:fovy>
			<range>1288.237209458457</range>
			<altitudeMode>absolute</altitudeMode>
		</LookAt>
		<styleUrl>#__managed_style_09B531A16F364813C59B</styleUrl>
		<Point>
			<coordinates>80.81774726205225,18.57099080771891,208.6980475881687</coordinates>
		</Point>
	</Placemark>
	<Placemark id="0957E7D194318164CF8E">
		<name>???</name>
		<visibility>0</visibility>
		<LookAt>
			<longitude>80.80797893499548</longitude>
			<latitude>18.57110504848778</latitude>
			<altitude>204.4362543866677</altitude>
			<heading>0</heading>
			<tilt>0</tilt>
			<gx:fovy>35</gx:fovy>
			<range>744.1721291974682</range>
			<altitudeMode>absolute</altitudeMode>
		</LookAt>
		<styleUrl>#__managed_style_079C6E475A364813C59C</styleUrl>
		<Point>
			<coordinates>80.80880448383492,18.5709284180273,204.8156113761174</coordinates>
		</Point>
	</Placemark>
	<Placemark id="0BF6EA5CD8318165536B">
		<name>Awapalli stone mine</name>
		<gx:mid>/g/11t2mlh1zd</gx:mid>
		<gx:fid>0x3a33d51b422e7f85:0xa1d288e399d7b96</gx:fid>
		<LookAt>
			<longitude>80.7826846</longitude>
			<latitude>18.5776599</latitude>
			<altitude>0</altitude>
			<heading>0</heading>
			<tilt>0</tilt>
			<gx:fovy>35</gx:fovy>
			<range>995.2326699779776</range>
			<altitudeMode>relativeToGround</altitudeMode>
		</LookAt>
		<styleUrl>#__managed_style_35DDE8A55A364813C59B</styleUrl>
		<Point>
			<altitudeMode>relativeToGround</altitudeMode>
			<coordinates>80.7826846,18.5776599,0</coordinates>
		</Point>
	</Placemark>
	<Placemark id="0C7F7E9A88318165C735">
		<name>helipad</name>
		<LookAt>
			<longitude>80.77219180896466</longitude>
			<latitude>18.57988714331464</latitude>
			<altitude>221.751862106458</altitude>
			<heading>0</heading>
			<tilt>0</tilt>
			<gx:fovy>35</gx:fovy>
			<range>1326.913576799707</range>
			<altitudeMode>absolute</altitudeMode>
		</LookAt>
		<styleUrl>#__managed_style_079C6E475A364813C59C</styleUrl>
		<Point>
			<coordinates>80.77377907964379,18.5794423143052,226.2134991810998</coordinates>
		</Point>
	</Placemark>
	<Placemark id="03F99C36A8318168DE49">
		<name>????</name>
		<visibility>0</visibility>
		<LookAt>
			<longitude>80.76615805198458</longitude>
			<latitude>18.59906141055026</latitude>
			<altitude>221.6020978639778</altitude>
			<heading>0</heading>
			<tilt>0</tilt>
			<gx:fovy>35</gx:fovy>
			<range>793.4139124964713</range>
			<altitudeMode>absolute</altitudeMode>
		</LookAt>
		<styleUrl>#__managed_style_079C6E475A364813C59C</styleUrl>
		<Point>
			<coordinates>80.76749410301899,18.59854137394732,226.6338020272285</coordinates>
		</Point>
	</Placemark>
	<Placemark id="04B45B978F31816981AF">
		<name>??</name>
		<visibility>0</visibility>
		<LookAt>
			<longitude>80.76647111825061</longitude>
			<latitude>18.61043410956518</latitude>
			<altitude>224.5652686077036</altitude>
			<heading>0</heading>
			<tilt>0</tilt>
			<gx:fovy>35</gx:fovy>
			<range>454.2134079269455</range>
			<altitudeMode>absolute</altitudeMode>
		</LookAt>
		<styleUrl>#__managed_style_079C6E475A364813C59C</styleUrl>
		<Point>
			<coordinates>80.76656782257712,18.6107526224338,223.339803985859</coordinates>
		</Point>
	</Placemark>
	<Placemark id="0C1FA4650331816A0DDA">
		<name>????</name>
		<visibility>0</visibility>
		<LookAt>
			<longitude>80.76684033849267</longitude>
			<latitude>18.6245172410475</latitude>
			<altitude>218.2019070745516</altitude>
			<heading>0</heading>
			<tilt>0</tilt>
			<gx:fovy>35</gx:fovy>
			<range>820.249307876802</range>
			<altitudeMode>absolute</altitudeMode>
		</LookAt>
		<styleUrl>#__managed_style_079C6E475A364813C59C</styleUrl>
		<Point>
			<coordinates>80.76808519062244,18.62540130045262,216.1825219243843</coordinates>
		</Point>
	</Placemark>
	<Placemark id="0523E5375A31816B8A9B">
		<name>camp?</name>
		<LookAt>
			<longitude>80.7663433122365</longitude>
			<latitude>18.65418523074803</latitude>
			<altitude>210.5489341873143</altitude>
			<heading>352.5810136037691</heading>
			<tilt>0</tilt>
			<gx:fovy>35</gx:fovy>
			<range>498.3266838156123</range>
			<altitudeMode>absolute</altitudeMode>
		</LookAt>
		<styleUrl>#__managed_style_079C6E475A364813C59C</styleUrl>
		<Point>
			<coordinates>80.76704321149637,18.65417998082946,217.1674956251808</coordinates>
		</Point>
	</Placemark>
	<Placemark id="0FD987A90131816E42D3">
		<name>Camp</name>
		<LookAt>
			<longitude>80.74571318976416</longitude>
			<latitude>18.737728872888</latitude>
			<altitude>198.5964403381688</altitude>
			<heading>352.5744713224421</heading>
			<tilt>0</tilt>
			<gx:fovy>35</gx:fovy>
			<range>685.0526093137161</range>
			<altitudeMode>absolute</altitudeMode>
		</LookAt>
		<styleUrl>#__managed_style_09B531A16F364813C59B</styleUrl>
		<Point>
			<coordinates>80.74572399267363,18.73780763219149,198.9740459255277</coordinates>
		</Point>
	</Placemark>
	<Placemark id="0A9136A6E83181709D63">
		<name>CRPF 153 bn HQ</name>
		<gx:mid>/g/11tjqvwvx2</gx:mid>
		<gx:fid>0x3a3227c0fc2767d3:0x61ae5680811d62a7</gx:fid>
		<LookAt>
			<longitude>80.74972219999999</longitude>
			<latitude>18.7728197</latitude>
			<altitude>0</altitude>
			<heading>0</heading>
			<tilt>0</tilt>
			<gx:fovy>35</gx:fovy>
			<range>993.9567310863901</range>
			<altitudeMode>relativeToGround</altitudeMode>
		</LookAt>
		<styleUrl>#__managed_style_35DDE8A55A364813C59B</styleUrl>
		<Point>
			<altitudeMode>relativeToGround</altitudeMode>
			<coordinates>80.74972219999999,18.7728197,0</coordinates>
		</Point>
	</Placemark>
	<Placemark id="002F2723A53181710057">
		<name>153 HQ CHINNAKODEPAL</name>
		<visibility>0</visibility>
		<gx:mid>/g/11l6ymz0j_</gx:mid>
		<gx:fid>0x3a322759fe389881:0x2d93404dba997eb4</gx:fid>
		<LookAt>
			<longitude>80.749611</longitude>
			<latitude>18.7748932</latitude>
			<altitude>0</altitude>
			<heading>0</heading>
			<tilt>0</tilt>
			<gx:fovy>35</gx:fovy>
			<range>993.9431073191238</range>
			<altitudeMode>relativeToGround</altitudeMode>
		</LookAt>
		<styleUrl>#__managed_style_35DDE8A55A364813C59B</styleUrl>
		<Point>
			<altitudeMode>relativeToGround</altitudeMode>
			<coordinates>80.749611,18.7748932,0</coordinates>
		</Point>
	</Placemark>
	<Placemark id="0D9293CC7F318171F872">
		<name>???</name>
		<visibility>0</visibility>
		<LookAt>
			<longitude>80.74510739876166</longitude>
			<latitude>18.74470851343915</latitude>
			<altitude>197.0717476220635</altitude>
			<heading>3.885901749821535</heading>
			<tilt>32.74727834087503</tilt>
			<gx:fovy>35</gx:fovy>
			<range>1063.713486700435</range>
			<altitudeMode>absolute</altitudeMode>
		</LookAt>
		<styleUrl>#__managed_style_079C6E475A364813C59C</styleUrl>
		<Point>
			<coordinates>80.74574150615192,18.743541827492,200.2464946257352</coordinates>
		</Point>
	</Placemark>
	<Placemark id="0A58440C63318172C9BD">
		<name>Camp</name>
		<visibility>0</visibility>
		<LookAt>
			<longitude>80.78434280853938</longitude>
			<latitude>18.78050165041533</latitude>
			<altitude>257.0227144465445</altitude>
			<heading>3.885923320570311</heading>
			<tilt>32.74820405268209</tilt>
			<gx:fovy>35</gx:fovy>
			<range>1254.048303484451</range>
			<altitudeMode>absolute</altitudeMode>
		</LookAt>
		<styleUrl>#__managed_style_09B531A16F364813C59B</styleUrl>
		<Point>
			<coordinates>80.78550538767809,18.77868821134089,244.041296504699</coordinates>
		</Point>
	</Placemark>
	<Placemark id="04D5ABEB9A318173C4D3">
		<name>???</name>
		<visibility>0</visibility>
		<LookAt>
			<longitude>80.80624091057808</longitude>
			<latitude>18.77925932175268</latitude>
			<altitude>299.9456208639774</altitude>
			<heading>3.885823847730866</heading>
			<tilt>32.74388671275089</tilt>
			<gx:fovy>35</gx:fovy>
			<range>366.4130922018376</range>
			<altitudeMode>absolute</altitudeMode>
		</LookAt>
		<styleUrl>#__managed_style_079C6E475A364813C59C</styleUrl>
		<Point>
			<coordinates>80.80660699580152,18.77920040030023,296.9253676480204</coordinates>
		</Point>
	</Placemark>
	<Placemark id="0908854A473181769B9A">
		<name>Camp</name>
		<LookAt>
			<longitude>80.71164288877995</longitude>
			<latitude>18.75212111740255</latitude>
			<altitude>184.9831026523656</altitude>
			<heading>-124.9269245855524</heading>
			<tilt>5.141021269945254</tilt>
			<gx:fovy>35</gx:fovy>
			<range>781.4919116481906</range>
			<altitudeMode>absolute</altitudeMode>
		</LookAt>
		<styleUrl>#__managed_style_09B531A16F364813C59B</styleUrl>
		<Point>
			<coordinates>80.71096304106764,18.75259662707545,184.1234102582642</coordinates>
		</Point>
	</Placemark>
	<Placemark id="0ED5A0FE5B318176C126">
		<name>helipad</name>
		<LookAt>
			<longitude>80.7114822580818</longitude>
			<latitude>18.75214738004726</latitude>
			<altitude>185.193859041808</altitude>
			<heading>-124.9269141904358</heading>
			<tilt>5.140983898331994</tilt>
			<gx:fovy>35</gx:fovy>
			<range>735.1100123341894</range>
			<altitudeMode>absolute</altitudeMode>
		</LookAt>
		<styleUrl>#__managed_style_079C6E475A364813C59C</styleUrl>
		<Point>
			<coordinates>80.71122188434346,18.75188299366213,184.2992887304322</coordinates>
		</Point>
	</Placemark>
	<Placemark id="03BB35A7E0318179C797">
		<name>Camp</name>
		<LookAt>
			<longitude>80.65790604883446</longitude>
			<latitude>18.73597669492756</latitude>
			<altitude>191.3084126758206</altitude>
			<heading>-96.65826562587971</heading>
			<tilt>0.2148480956234703</tilt>
			<gx:fovy>35</gx:fovy>
			<range>749.3449521777802</range>
			<altitudeMode>absolute</altitudeMode>
		</LookAt>
		<styleUrl>#__managed_style_09B531A16F364813C59B</styleUrl>
		<Point>
			<coordinates>80.65792035571687,18.73654051263434,194.6835160750622</coordinates>
		</Point>
	</Placemark>
	<Placemark id="075F4D52CA31817AA8F3">
		<name>camp</name>
		<LookAt>
			<longitude>80.61831109415199</longitude>
			<latitude>18.74569256265987</latitude>
			<altitude>164.7189141283257</altitude>
			<heading>-96.6701623653378</heading>
			<tilt>0.2148610793521504</tilt>
			<gx:fovy>35</gx:fovy>
			<range>1134.593366854533</range>
			<altitudeMode>absolute</altitudeMode>
		</LookAt>
		<styleUrl>#__managed_style_0C8B3DD2F9364813C59F</styleUrl>
		<Point>
			<coordinates>80.61774576550214,18.74737502277416,159.7868345054058</coordinates>
		</Point>
	</Placemark>
	<Placemark id="0AA49D262D31817D2C58">
		<name>Camp</name>
		<LookAt>
			<longitude>80.56629732679072</longitude>
			<latitude>18.76511952676914</latitude>
			<altitude>146.8064089984197</altitude>
			<heading>-96.68628115433262</heading>
			<tilt>0.2148317338592779</tilt>
			<gx:fovy>35</gx:fovy>
			<range>264.6790990696173</range>
			<altitudeMode>absolute</altitudeMode>
		</LookAt>
		<styleUrl>#__managed_style_09B531A16F364813C59B</styleUrl>
		<Point>
			<coordinates>80.56623828506025,18.7653863795694,146.8365502622043</coordinates>
		</Point>
	</Placemark>
	<Placemark id="0381C94888318186BC29">
		<name>BRAVO</name>
		<gx:mid>/g/11vl2qf0nd</gx:mid>
		<gx:fid>0x3a3247df049f784b:0x564be8cbd8ad5746</gx:fid>
		<LookAt>
			<longitude>80.4374826</longitude>
			<latitude>18.8321772</latitude>
			<altitude>0</altitude>
			<heading>0</heading>
			<tilt>0</tilt>
			<gx:fovy>35</gx:fovy>
			<range>993.5661674825191</range>
			<altitudeMode>relativeToGround</altitudeMode>
		</LookAt>
		<styleUrl>#__managed_style_35DDE8A55A364813C59B</styleUrl>
		<Point>
			<altitudeMode>relativeToGround</altitudeMode>
			<coordinates>80.4374826,18.8321772,0</coordinates>
		</Point>
	</Placemark>
	<Placemark id="07D115EB3E31818A857B">
		<name>D / E 223 BN CRPF PARK SAHEED SMARAK</name>
		<gx:mid>/g/11sx3wtglx</gx:mid>
		<gx:fid>0x3a31137c2d495359:0x95ae4fc23a748d34</gx:fid>
		<LookAt>
			<longitude>81.17338459999999</longitude>
			<latitude>18.39124319999999</latitude>
			<altitude>0</altitude>
			<heading>0</heading>
			<tilt>0</tilt>
			<gx:fovy>35</gx:fovy>
			<range>996.4397107230359</range>
			<altitudeMode>relativeToGround</altitudeMode>
		</LookAt>
		<styleUrl>#__managed_style_35DDE8A55A364813C59B</styleUrl>
		<Point>
			<altitudeMode>relativeToGround</altitudeMode>
			<coordinates>81.17338459999999,18.3912432,0</coordinates>
		</Point>
	</Placemark>
	<Placemark id="08B3579E3131818A98CD">
		<name>camp</name>
		<LookAt>
			<longitude>81.17359275965879</longitude>
			<latitude>18.39049812271648</latitude>
			<altitude>225.4120172611771</altitude>
			<heading>359.9993575132922</heading>
			<tilt>0</tilt>
			<gx:fovy>35</gx:fovy>
			<range>1120.243280697323</range>
			<altitudeMode>absolute</altitudeMode>
		</LookAt>
		<styleUrl>#__managed_style_09B531A16F364813C59B</styleUrl>
		<Point>
			<coordinates>81.17485963901872,18.39119664683621,230.8518614017764</coordinates>
		</Point>
	</Placemark>
	<Placemark id="0029EC2EC931818F8284">
		<name>helipad</name>
		<LookAt>
			<longitude>81.30122990903867</longitude>
			<latitude>18.50331811726689</latitude>
			<altitude>590.4809378660347</altitude>
			<heading>359.9993376948879</heading>
			<tilt>0</tilt>
			<gx:fovy>35</gx:fovy>
			<range>885.619872663083</range>
			<altitudeMode>absolute</altitudeMode>
		</LookAt>
		<styleUrl>#__managed_style_079C6E475A364813C59C</styleUrl>
		<Point>
			<coordinates>81.30290570860481,18.50275621244935,589.0500598420938</coordinates>
		</Point>
	</Placemark>
	<Placemark id="06488C5691318191D620">
		<name>camp</name>
		<LookAt>
			<longitude>81.38821321301123</longitude>
			<latitude>18.60838739465315</latitude>
			<altitude>525.2390960131286</altitude>
			<heading>0</heading>
			<tilt>0</tilt>
			<gx:fovy>35</gx:fovy>
			<range>803.5458609909983</range>
			<altitudeMode>absolute</altitudeMode>
		</LookAt>
		<styleUrl>#__managed_style_09B531A16F364813C59B</styleUrl>
		<Point>
			<coordinates>81.38950140875104,18.60791070075069,526.1062776407508</coordinates>
		</Point>
	</Placemark>
	<Placemark id="09526F9A6C3181920397">
		<name>Helipad</name>
		<LookAt>
			<longitude>81.38821321301123</longitude>
			<latitude>18.60838739465315</latitude>
			<altitude>525.2390960131286</altitude>
			<heading>0</heading>
			<tilt>0</tilt>
			<gx:fovy>35</gx:fovy>
			<range>803.5458609909983</range>
			<altitudeMode>absolute</altitudeMode>
		</LookAt>
		<styleUrl>#__managed_style_09B531A16F364813C59B</styleUrl>
		<Point>
			<coordinates>81.38854069467961,18.60877468205975,524.7744325971306</coordinates>
		</Point>
	</Placemark>
	<Placemark id="0E6C2091F9318196E65F">
		<name>Camp</name>
		<LookAt>
			<longitude>80.30508730481833</longitude>
			<latitude>18.72253497400854</latitude>
			<altitude>132.4282756273755</altitude>
			<heading>0</heading>
			<tilt>0</tilt>
			<gx:fovy>35</gx:fovy>
			<range>760.3641855309979</range>
			<altitudeMode>absolute</altitudeMode>
		</LookAt>
		<styleUrl>#__managed_style_09B531A16F364813C59B</styleUrl>
		<Point>
			<coordinates>80.30553873551955,18.7225749774299,134.6197886354518</coordinates>
		</Point>
	</Placemark>
	<Placemark id="099762EF71318197179C">
		<name>helipad</name>
		<LookAt>
			<longitude>80.3050532660753</longitude>
			<latitude>18.7225933090733</latitude>
			<altitude>132.4441854422954</altitude>
			<heading>0</heading>
			<tilt>0</tilt>
			<gx:fovy>35</gx:fovy>
			<range>853.4683703831981</range>
			<altitudeMode>absolute</altitudeMode>
		</LookAt>
		<styleUrl>#__managed_style_079C6E475A364813C59C</styleUrl>
		<Point>
			<coordinates>80.30580990559818,18.72125564149545,133.7265392794009</coordinates>
		</Point>
	</Placemark>
	<Placemark id="096EE8908F318199A139">
		<name>camp</name>
		<LookAt>
			<longitude>80.32447740230393</longitude>
			<latitude>18.6873029739914</latitude>
			<altitude>134.2783345651865</altitude>
			<heading>0</heading>
			<tilt>0</tilt>
			<gx:fovy>35</gx:fovy>
			<range>514.7595090512914</range>
			<altitudeMode>absolute</altitudeMode>
		</LookAt>
		<styleUrl>#__managed_style_079C6E475A364813C59C</styleUrl>
		<Point>
			<coordinates>80.32456902373467,18.68755824204091,133.0363899667013</coordinates>
		</Point>
	</Placemark>
	<Placemark id="0B8B086C2B31819D94F2">
		<name>camp?</name>
		<visibility>0</visibility>
		<LookAt>
			<longitude>81.14974663658465</longitude>
			<latitude>18.99009173310743</latitude>
			<altitude>342.4658355308724</altitude>
			<heading>0</heading>
			<tilt>0</tilt>
			<gx:fovy>35</gx:fovy>
			<range>941.0705176337797</range>
			<altitudeMode>absolute</altitudeMode>
		</LookAt>
		<styleUrl>#__managed_style_079C6E475A364813C59C</styleUrl>
		<Point>
			<coordinates>81.14980907769461,18.99030304337663,341.3838739606887</coordinates>
		</Point>
	</Placemark>
	<Placemark id="0F5F8D327D3181A1D060">
		<name>Camp</name>
		<LookAt>
			<longitude>81.39171497321789</longitude>
			<latitude>19.26264255547175</latitude>
			<altitude>452.5127494378032</altitude>
			<heading>0</heading>
			<tilt>0</tilt>
			<gx:fovy>35</gx:fovy>
			<range>1111.477049067471</range>
			<altitudeMode>absolute</altitudeMode>
		</LookAt>
		<styleUrl>#__managed_style_09B531A16F364813C59B</styleUrl>
		<Point>
			<coordinates>81.39199388023097,19.26354944743198,455.3327281936213</coordinates>
		</Point>
	</Placemark>
	<Placemark id="0CC164BF333181A8CFA8">
		<name>Camp</name>
		<LookAt>
			<longitude>81.03653533524852</longitude>
			<latitude>18.7595771672713</latitude>
			<altitude>354.0817413679396</altitude>
			<heading>0</heading>
			<tilt>0</tilt>
			<gx:fovy>35</gx:fovy>
			<range>614.5903895000811</range>
			<altitudeMode>absolute</altitudeMode>
		</LookAt>
		<styleUrl>#__managed_style_09B531A16F364813C59B</styleUrl>
		<Point>
			<coordinates>81.03684035513598,18.75982123670396,352.1607016636527</coordinates>
		</Point>
	</Placemark>
	<Placemark id="051142B0903181AA190E">
		<name>Camp</name>
		<LookAt>
			<longitude>80.90711567155203</longitude>
			<latitude>18.7754560554399</latitude>
			<altitude>325.9882790095659</altitude>
			<heading>0</heading>
			<tilt>0</tilt>
			<gx:fovy>35</gx:fovy>
			<range>644.4160196842133</range>
			<altitudeMode>absolute</altitudeMode>
		</LookAt>
		<styleUrl>#__managed_style_09B531A16F364813C59B</styleUrl>
		<Point>
			<coordinates>80.90772064428742,18.77545181157479,327.3296875997108</coordinates>
		</Point>
	</Placemark>
	<Placemark id="0AA9BE2E173181AAD03A">
		<name>D R G OFFICE NAYA POLICE LINE BIJAPUR CHHATTISGARH</name>
		<gx:mid>/g/11y5pm1bxx</gx:mid>
		<gx:fid>0x3a31890049bedeef:0x4590c82eed4dfb2b</gx:fid>
		<LookAt>
			<longitude>80.8430781</longitude>
			<latitude>18.7844375</latitude>
			<altitude>0</altitude>
			<heading>0</heading>
			<tilt>0</tilt>
			<gx:fovy>35</gx:fovy>
			<range>993.8803789928958</range>
			<altitudeMode>relativeToGround</altitudeMode>
		</LookAt>
		<styleUrl>#__managed_style_35DDE8A55A364813C59B</styleUrl>
		<Point>
			<altitudeMode>relativeToGround</altitudeMode>
			<coordinates>80.8430781,18.7844375,0</coordinates>
		</Point>
	</Placemark>
	<Placemark id="0FB87320B93181AAEAC2">
		<name>Helipad</name>
		<LookAt>
			<longitude>80.84159031959426</longitude>
			<latitude>18.78380191176059</latitude>
			<altitude>357.903006342905</altitude>
			<heading>0</heading>
			<tilt>0</tilt>
			<gx:fovy>35</gx:fovy>
			<range>803.4260791575073</range>
			<altitudeMode>absolute</altitudeMode>
		</LookAt>
		<styleUrl>#__managed_style_079C6E475A364813C59C</styleUrl>
		<Point>
			<coordinates>80.84212321383748,18.78288316221809,356.3373951171382</coordinates>
		</Point>
	</Placemark>
	<Placemark id="0086C77D403181AE3385">
		<name>camp?</name>
		<visibility>0</visibility>
		<LookAt>
			<longitude>81.06934421645718</longitude>
			<latitude>18.99943267727659</latitude>
			<altitude>358.6056977383697</altitude>
			<heading>0</heading>
			<tilt>0</tilt>
			<gx:fovy>35</gx:fovy>
			<range>894.8733901418746</range>
			<altitudeMode>absolute</altitudeMode>
		</LookAt>
		<styleUrl>#__managed_style_079C6E475A364813C59C</styleUrl>
		<Point>
			<coordinates>81.06965683061568,18.99975781845528,357.3469396750426</coordinates>
		</Point>
	</Placemark>
	<Placemark id="0CE52369713181B26775">
		<name>helipad</name>
		<LookAt>
			<longitude>80.78010851463759</longitude>
			<latitude>18.40958276276995</latitude>
			<altitude>182.0414321367592</altitude>
			<heading>0</heading>
			<tilt>0</tilt>
			<gx:fovy>35</gx:fovy>
			<range>1304.404790247063</range>
			<altitudeMode>absolute</altitudeMode>
		</LookAt>
		<styleUrl>#__managed_style_079C6E475A364813C59C</styleUrl>
		<Point>
			<coordinates>80.78104378368948,18.40979814977868,180.0919579451663</coordinates>
		</Point>
	</Placemark>
	<Placemark id="069EE6D33F3181B2D6FC">
		<name>Nambi Waterfalls</name>
		<gx:mid>/g/11fzff3_5b</gx:mid>
		<gx:fid>0x3a33d764ebac5a13:0xbd447aa78937a66f</gx:fid>
		<LookAt>
			<longitude>80.75312699999999</longitude>
			<latitude>18.3995661</latitude>
			<altitude>0</altitude>
			<heading>0</heading>
			<tilt>0</tilt>
			<gx:fovy>35</gx:fovy>
			<range>996.3860651351305</range>
			<altitudeMode>relativeToGround</altitudeMode>
		</LookAt>
		<styleUrl>#__managed_style_3B68293648364813C59F</styleUrl>
		<Point>
			<altitudeMode>relativeToGround</altitudeMode>
			<coordinates>80.75312699999999,18.3995661,0</coordinates>
		</Point>
	</Placemark>
	<Placemark id="023F8FBCF03181B3441A">
		<name>नम्बी जल धारा, टिकट काउंटर</name>
		<gx:mid>/g/11l29sbkxd</gx:mid>
		<gx:fid>0x3a33d76f3c863d51:0xff85b039be24298f</gx:fid>
		<LookAt>
			<longitude>80.77452599999999</longitude>
			<latitude>18.4019073</latitude>
			<altitude>0</altitude>
			<heading>0</heading>
			<tilt>0</tilt>
			<gx:fovy>35</gx:fovy>
			<range>996.3709707093401</range>
			<altitudeMode>relativeToGround</altitudeMode>
		</LookAt>
		<styleUrl>#__managed_style_35DDE8A55A364813C59B</styleUrl>
		<Point>
			<altitudeMode>relativeToGround</altitudeMode>
			<coordinates>80.77452599999999,18.4019073,0</coordinates>
		</Point>
	</Placemark>
	<Placemark id="0EEE64151D3181B48EEA">
		<name>Gonderas</name>
		<gx:mid>/g/11j067cc_b</gx:mid>
		<gx:fid>0x3a3104379f1dda93:0x86343ef400e40487</gx:fid>
		<LookAt>
			<longitude>81.39371630000001</longitude>
			<latitude>18.49546385</latitude>
			<altitude>0</altitude>
			<heading>0</heading>
			<tilt>0</tilt>
			<gx:fovy>35</gx:fovy>
			<range>5350.047974120392</range>
			<altitudeMode>relativeToGround</altitudeMode>
		</LookAt>
		<styleUrl>#__managed_style_6925A25D5D364813C59F</styleUrl>
		<Point>
			<altitudeMode>relativeToGround</altitudeMode>
			<coordinates>81.39371629999999,18.4954642,0</coordinates>
		</Point>
	</Placemark>
	<Placemark id="0B321306AD3181B6DA07">
		<name>nahadi camp</name>
		<visibility>0</visibility>
		<LookAt>
			<longitude>81.33651701662752</longitude>
			<latitude>18.45141014620472</latitude>
			<altitude>618.6322057923888</altitude>
			<heading>0</heading>
			<tilt>0</tilt>
			<gx:fovy>35</gx:fovy>
			<range>4183.339742108365</range>
			<altitudeMode>absolute</altitudeMode>
		</LookAt>
		<styleUrl>#__managed_style_09B531A16F364813C59B</styleUrl>
		<Point>
			<coordinates>81.3364682,18.4497639,640.5687123880363</coordinates>
		</Point>
	</Placemark>
	<Placemark id="09B31978603181B919FF">
		<name>Gaadiras Police Station</name>
		<gx:mid>/g/11fkr2v5ft</gx:mid>
		<gx:fid>0x3a30fd7769116423:0x7d958290e7f102b1</gx:fid>
		<LookAt>
			<longitude>81.54490170000001</longitude>
			<latitude>18.4867609</latitude>
			<altitude>0</altitude>
			<heading>0</heading>
			<tilt>0</tilt>
			<gx:fovy>35</gx:fovy>
			<range>995.8226712888503</range>
			<altitudeMode>relativeToGround</altitudeMode>
		</LookAt>
		<styleUrl>#__managed_style_35DDE8A55A364813C59B</styleUrl>
		<Point>
			<altitudeMode>relativeToGround</altitudeMode>
			<coordinates>81.5448547,18.486743,0</coordinates>
		</Point>
	</Placemark>
	<Placemark id="029D5E05073181BB00DD">
		<name>Gadiras CRPF?</name>
		<LookAt>
			<longitude>81.5449016994782</longitude>
			<latitude>18.48676089966634</latitude>
			<altitude>293.2393392322707</altitude>
			<heading>0</heading>
			<tilt>0</tilt>
			<gx:fovy>35</gx:fovy>
			<range>797.2890216886301</range>
			<altitudeMode>absolute</altitudeMode>
		</LookAt>
		<styleUrl>#__managed_style_09B531A16F364813C59B</styleUrl>
		<Point>
			<coordinates>81.54476846583593,18.48736636757802,291.7793730644033</coordinates>
		</Point>
	</Placemark>
	<Placemark id="06FC8287553181BF1A47">
		<name>Badesatti</name>
		<gx:mid>/g/12hs8xcvx</gx:mid>
		<gx:fid>0x3a311d5c83c4b793:0x900f84408057eade</gx:fid>
		<LookAt>
			<longitude>81.48522169999998</longitude>
			<latitude>18.44422385</latitude>
			<altitude>0</altitude>
			<heading>0</heading>
			<tilt>0</tilt>
			<gx:fovy>35</gx:fovy>
			<range>996.097830789268</range>
			<altitudeMode>relativeToGround</altitudeMode>
		</LookAt>
		<styleUrl>#__managed_style_3B68293648364813C59F</styleUrl>
		<Point>
			<altitudeMode>relativeToGround</altitudeMode>
			<coordinates>81.4872304,18.4432882,0</coordinates>
		</Point>
	</Placemark>
	<Placemark id="010CFBB80E3181C0ABF6">
		<name>Bangoli</name>
		<gx:mid>/g/12hpb90th</gx:mid>
		<gx:fid>0x3a31ea923598028f:0x38802cb4c53134c9</gx:fid>
		<LookAt>
			<longitude>81.1231037</longitude>
			<latitude>19.00357045</latitude>
			<altitude>0</altitude>
			<heading>0</heading>
			<tilt>0</tilt>
			<gx:fovy>35</gx:fovy>
			<range>5328.505209464136</range>
			<altitudeMode>relativeToGround</altitudeMode>
		</LookAt>
		<styleUrl>#__managed_style_35DDE8A55A364813C59B</styleUrl>
		<Point>
			<altitudeMode>relativeToGround</altitudeMode>
			<coordinates>81.1231037,19.0035708,0</coordinates>
		</Point>
	</Placemark>
	<Placemark id="08305D22F73181C0CC16">
		<name>165 Bn CRPF</name>
		<gx:mid>/g/11rzfjl34z</gx:mid>
		<gx:fid>0x3a31eb2c4aa4d6e3:0x7d620b21b0b39015</gx:fid>
		<LookAt>
			<longitude>81.1303884</longitude>
			<latitude>19.0075583</latitude>
			<altitude>0</altitude>
			<heading>0</heading>
			<tilt>0</tilt>
			<gx:fovy>35</gx:fovy>
			<range>992.4054123147287</range>
			<altitudeMode>relativeToGround</altitudeMode>
		</LookAt>
		<styleUrl>#__managed_style_35DDE8A55A364813C59B</styleUrl>
		<Point>
			<altitudeMode>relativeToGround</altitudeMode>
			<coordinates>81.1303884,19.0075583,0</coordinates>
		</Point>
	</Placemark>
	<Placemark id="029B65D23B3181C2B5EC">
		<name>G 195 CRPF</name>
		<gx:mid>/g/11vrn2fb6c</gx:mid>
		<gx:fid>0x3a31ed0062ed0583:0xbc118aa0d175fa69</gx:fid>
		<LookAt>
			<longitude>81.00064159999999</longitude>
			<latitude>19.0287468</latitude>
			<altitude>0</altitude>
			<heading>0</heading>
			<tilt>0</tilt>
			<gx:fovy>35</gx:fovy>
			<range>992.2644921083596</range>
			<altitudeMode>relativeToGround</altitudeMode>
		</LookAt>
		<styleUrl>#__managed_style_35DDE8A55A364813C59B</styleUrl>
		<Point>
			<altitudeMode>relativeToGround</altitudeMode>
			<coordinates>81.00064159999999,19.0287468,0</coordinates>
		</Point>
	</Placemark>
	<Placemark id="0B290CDB5D3181C41C7D">
		<name>Police Station Jangla</name>
		<gx:mid>/g/11g1ls1b2t</gx:mid>
		<gx:fid>0x3a31f3512cb57bfb:0x334cab44a77c541e</gx:fid>
		<LookAt>
			<longitude>80.9332038</longitude>
			<latitude>18.99564329999999</latitude>
			<altitude>0</altitude>
			<heading>0</heading>
			<tilt>0</tilt>
			<gx:fovy>35</gx:fovy>
			<range>992.4845916408709</range>
			<altitudeMode>relativeToGround</altitudeMode>
		</LookAt>
		<styleUrl>#__managed_style_35DDE8A55A364813C59B</styleUrl>
		<Point>
			<altitudeMode>relativeToGround</altitudeMode>
			<coordinates>80.93317829999999,18.995664,0</coordinates>
		</Point>
	</Placemark>
	<Placemark id="0C979A92DA3181C666F5">
		<name>????</name>
		<LookAt>
			<longitude>80.86738506720654</longitude>
			<latitude>18.93619500834393</latitude>
			<altitude>303.8396285619463</altitude>
			<heading>0</heading>
			<tilt>0</tilt>
			<gx:fovy>35</gx:fovy>
			<range>1213.021078595339</range>
			<altitudeMode>absolute</altitudeMode>
		</LookAt>
		<styleUrl>#__managed_style_079C6E475A364813C59C</styleUrl>
		<Point>
			<coordinates>80.86712279940305,18.93552280487489,303.6057004296746</coordinates>
		</Point>
	</Placemark>
	<Placemark id="065F0701CC3181C6A8A1">
		<name>Police station Naimed</name>
		<gx:mid>/g/11n85nw7s6</gx:mid>
		<gx:fid>0x3a318b3ad4e2e8f3:0x3cf0d5b96a2833f</gx:fid>
		<LookAt>
			<longitude>80.8391037</longitude>
			<latitude>18.9043941</latitude>
			<altitude>0</altitude>
			<heading>0</heading>
			<tilt>0</tilt>
			<gx:fovy>35</gx:fovy>
			<range>993.0894270707621</range>
			<altitudeMode>relativeToGround</altitudeMode>
		</LookAt>
		<styleUrl>#__managed_style_35DDE8A55A364813C59B</styleUrl>
		<Point>
			<altitudeMode>relativeToGround</altitudeMode>
			<coordinates>80.8391037,18.9043941,0</coordinates>
		</Point>
	</Placemark>
	<Placemark id="0904E2840E3181C7D70A">
		<name>Burji</name>
		<gx:mid>/g/12hw1vf_f</gx:mid>
		<gx:fid>0x3a3199803824eca1:0xf86f97b0e274b34</gx:fid>
		<LookAt>
			<longitude>81.0790058</longitude>
			<latitude>18.75118275</latitude>
			<altitude>0</altitude>
			<heading>0</heading>
			<tilt>0</tilt>
			<gx:fovy>35</gx:fovy>
			<range>5339.272205363664</range>
			<altitudeMode>relativeToGround</altitudeMode>
		</LookAt>
		<styleUrl>#__managed_style_3B68293648364813C59F</styleUrl>
		<Point>
			<altitudeMode>relativeToGround</altitudeMode>
			<coordinates>81.07900579999999,18.7511831,0</coordinates>
		</Point>
	</Placemark>
	<Placemark id="04707778FF3181C9AA08">
		<name>Pusnar</name>
		<gx:mid>/g/12hmqw6x3</gx:mid>
		<gx:fid>0x3a31990ad89a5403:0x748e694c601ab565</gx:fid>
		<LookAt>
			<longitude>81.098457</longitude>
			<latitude>18.73508965</latitude>
			<altitude>0</altitude>
			<heading>0</heading>
			<tilt>0</tilt>
			<gx:fovy>35</gx:fovy>
			<range>5339.954317412203</range>
			<altitudeMode>relativeToGround</altitudeMode>
		</LookAt>
		<styleUrl>#__managed_style_3B68293648364813C59F</styleUrl>
		<Point>
			<altitudeMode>relativeToGround</altitudeMode>
			<coordinates>81.098457,18.73509,0</coordinates>
		</Point>
	</Placemark>
	<Placemark id="0A25270E4A3181CA7B17">
		<name>Nelasnar</name>
		<gx:mid>/g/12hl082v3</gx:mid>
		<gx:fid>0x3a31c0467b9ca247:0xedb07b14b17a08c5</gx:fid>
		<LookAt>
			<longitude>81.1740416</longitude>
			<latitude>19.0059674</latitude>
			<altitude>0</altitude>
			<heading>0</heading>
			<tilt>0</tilt>
			<gx:fovy>35</gx:fovy>
			<range>5328.402329265858</range>
			<altitudeMode>relativeToGround</altitudeMode>
		</LookAt>
		<styleUrl>#__managed_style_3B68293648364813C59F</styleUrl>
		<Point>
			<altitudeMode>relativeToGround</altitudeMode>
			<coordinates>81.1740416,19.0059677,0</coordinates>
		</Point>
	</Placemark>
	<Placemark id="0BE8FDAEA63181CAF909">
		<name>Kodoli</name>
		<gx:mid>/g/12hz243h8</gx:mid>
		<gx:fid>0x3a31bff3dd6e1af5:0x52084fdf918779c2</gx:fid>
		<LookAt>
			<longitude>81.16596415000001</longitude>
			<latitude>18.9540071</latitude>
			<altitude>0</altitude>
			<heading>0</heading>
			<tilt>0</tilt>
			<gx:fovy>35</gx:fovy>
			<range>992.7609122716542</range>
			<altitudeMode>relativeToGround</altitudeMode>
		</LookAt>
		<styleUrl>#__managed_style_3B68293648364813C59F</styleUrl>
		<Point>
			<altitudeMode>relativeToGround</altitudeMode>
			<coordinates>81.1673224,18.955696,0</coordinates>
		</Point>
	</Placemark>
	<Placemark id="0EF7DE9AAA3181CB49B9">
		<name>Gangaloor</name>
		<gx:mid>/g/1ttp8qrv</gx:mid>
		<gx:fid>0x3a319af47305fc81:0x7ad1dffba42e6f06</gx:fid>
		<LookAt>
			<longitude>80.9971618</longitude>
			<latitude>18.76560515</latitude>
			<altitude>0</altitude>
			<heading>0</heading>
			<tilt>0</tilt>
			<gx:fovy>35</gx:fovy>
			<range>5338.660454918449</range>
			<altitudeMode>relativeToGround</altitudeMode>
		</LookAt>
		<styleUrl>#__managed_style_3B68293648364813C59F</styleUrl>
		<Point>
			<altitudeMode>relativeToGround</altitudeMode>
			<coordinates>80.9971618,18.7656055,0</coordinates>
		</Point>
	</Placemark>
	<Placemark id="0A4D5D9D813181CDCA8B">
		<name>Nilawaya</name>
		<gx:mid>/g/12hl2drwt</gx:mid>
		<gx:fid>0x3a3104068908a9a3:0x154ac8848f746e39</gx:fid>
		<LookAt>
			<longitude>81.423306</longitude>
			<latitude>18.50903665</latitude>
			<altitude>0</altitude>
			<heading>0</heading>
			<tilt>0</tilt>
			<gx:fovy>35</gx:fovy>
			<range>5349.479409852595</range>
			<altitudeMode>relativeToGround</altitudeMode>
		</LookAt>
		<styleUrl>#__managed_style_3B68293648364813C59F</styleUrl>
		<Point>
			<altitudeMode>relativeToGround</altitudeMode>
			<coordinates>81.423306,18.509037,0</coordinates>
		</Point>
	</Placemark>
	<Placemark id="09FC1AB61B3181D38B99">
		<name>Tumnar</name>
		<gx:mid>/g/1wk7p8s0</gx:mid>
		<gx:fid>0x3a31c12b7ce35597:0x82e4fa01c8d61c06</gx:fid>
		<LookAt>
			<longitude>81.24969005</longitude>
			<latitude>19.03355955</latitude>
			<altitude>0</altitude>
			<heading>0</heading>
			<tilt>0</tilt>
			<gx:fovy>35</gx:fovy>
			<range>5327.217192884683</range>
			<altitudeMode>relativeToGround</altitudeMode>
		</LookAt>
		<styleUrl>#__managed_style_3B68293648364813C59F</styleUrl>
		<Point>
			<altitudeMode>relativeToGround</altitudeMode>
			<coordinates>81.2436227,19.0364246,0</coordinates>
		</Point>
	</Placemark>
	<Placemark id="0B1BDCAF083181DC1FE0">
		<name>Panedobir</name>
		<gx:mid>/g/12jm5d686</gx:mid>
		<gx:fid>0x3a2e71d0a4335d8d:0xbb00933be4b62993</gx:fid>
		<LookAt>
			<longitude>80.98071299999999</longitude>
			<latitude>19.85235565</latitude>
			<altitude>0</altitude>
			<heading>0</heading>
			<tilt>0</tilt>
			<gx:fovy>35</gx:fovy>
			<range>5291.343394434191</range>
			<altitudeMode>relativeToGround</altitudeMode>
		</LookAt>
		<styleUrl>#__managed_style_3B68293648364813C59F</styleUrl>
		<Point>
			<altitudeMode>relativeToGround</altitudeMode>
			<coordinates>80.98071299999999,19.852356,0</coordinates>
		</Point>
	</Placemark>
	<Placemark id="0B648D5E933181DC5212">
		<name>Chilparas?</name>
		<LookAt>
			<longitude>80.97437579722103</longitude>
			<latitude>19.8710156160587</latitude>
			<altitude>386.4824170765489</altitude>
			<heading>0</heading>
			<tilt>0</tilt>
			<gx:fovy>35</gx:fovy>
			<range>8297.329140199581</range>
			<altitudeMode>absolute</altitudeMode>
		</LookAt>
		<styleUrl>#__managed_style_9B4BBCDD26364813C59F</styleUrl>
		<Point>
			<coordinates>80.979547231708,19.87828317802516,397.2711834178879</coordinates>
		</Point>
	</Placemark>
	<Placemark id="061E1C41083181DD5AE0">
		<name>Koyalibeda</name>
		<gx:mid>/g/1tp1x76m</gx:mid>
		<gx:fid>0x3a2e7b2c4eb16863:0x118d57249d4a69c7</gx:fid>
		<LookAt>
			<longitude>80.99114069999999</longitude>
			<latitude>19.96272375</latitude>
			<altitude>0</altitude>
			<heading>0</heading>
			<tilt>0</tilt>
			<gx:fovy>35</gx:fovy>
			<range>5286.404092274234</range>
			<altitudeMode>relativeToGround</altitudeMode>
		</LookAt>
		<styleUrl>#__managed_style_3B68293648364813C59F</styleUrl>
		<Point>
			<altitudeMode>relativeToGround</altitudeMode>
			<coordinates>80.9976786,19.9649037,0</coordinates>
		</Point>
	</Placemark>
	<Placemark id="0C271B95903181E12B36">
		<name>Metabodeli</name>
		<gx:mid>/g/12hrjt61n</gx:mid>
		<gx:fid>0x3a2e6311f28c6cf1:0x48b9eba3e396d3af</gx:fid>
		<LookAt>
			<longitude>81.01902</longitude>
			<latitude>20.03743665</latitude>
			<altitude>0</altitude>
			<heading>0</heading>
			<tilt>0</tilt>
			<gx:fovy>35</gx:fovy>
			<range>5283.046554508283</range>
			<altitudeMode>relativeToGround</altitudeMode>
		</LookAt>
		<styleUrl>#__managed_style_3B68293648364813C59F</styleUrl>
		<Point>
			<altitudeMode>relativeToGround</altitudeMode>
			<coordinates>81.01902,20.037437,0</coordinates>
		</Point>
	</Placemark>
	<Placemark id="0F4E6066353181E1899B">
		<name>Chargaon</name>
		<gx:mid>/g/12hnq9q04</gx:mid>
		<gx:fid>0x3a2e63660813de7d:0xe43a9799a81ab074</gx:fid>
		<LookAt>
			<longitude>81.014664</longitude>
			<latitude>20.01804865</latitude>
			<altitude>0</altitude>
			<heading>0</heading>
			<tilt>0</tilt>
			<gx:fovy>35</gx:fovy>
			<range>5283.918913833272</range>
			<altitudeMode>relativeToGround</altitudeMode>
		</LookAt>
		<styleUrl>#__managed_style_3B68293648364813C59F</styleUrl>
		<Point>
			<altitudeMode>relativeToGround</altitudeMode>
			<coordinates>81.014664,20.018049,0</coordinates>
		</Point>
	</Placemark>
	<Placemark id="0536F528EC3181E346FC">
		<name>Pakhanjur</name>
		<gx:mid>/m/012vxzz8</gx:mid>
		<gx:fid>0x3a2dcd7e1217dda1:0x7d86e793ae531885</gx:fid>
		<LookAt>
			<longitude>80.62534550000001</longitude>
			<latitude>20.03690575</latitude>
			<altitude>0</altitude>
			<heading>0</heading>
			<tilt>0</tilt>
			<gx:fovy>35</gx:fovy>
			<range>5283.070452310043</range>
			<altitudeMode>relativeToGround</altitudeMode>
		</LookAt>
		<styleUrl>#__managed_style_3B68293648364813C59F</styleUrl>
		<Point>
			<altitudeMode>relativeToGround</altitudeMode>
			<coordinates>80.62534549999999,20.0369061,0</coordinates>
		</Point>
	</Placemark>
	<Placemark id="05F2240E473181E39058">
		<name>Pakhanjur - Bhanupratappur Road</name>
		<gx:mid>/g/1jky1sf53</gx:mid>
		<gx:fid>0x3a2e81ecde3c2543:0x2a2e1eb13cb17569</gx:fid>
		<LookAt>
			<longitude>80.6717846</longitude>
			<latitude>20.0878235</latitude>
			<altitude>0</altitude>
			<heading>0</heading>
			<tilt>0</tilt>
			<gx:fovy>35</gx:fovy>
			<range>985.033515512584</range>
			<altitudeMode>relativeToGround</altitudeMode>
		</LookAt>
		<styleUrl>#__managed_style_3B68293648364813C59F</styleUrl>
		<Point>
			<altitudeMode>relativeToGround</altitudeMode>
			<coordinates>80.6717846,20.0878235,0</coordinates>
		</Point>
	</Placemark>
	<Placemark id="08B73319673181E6B9B8">
		<name>camp</name>
		<LookAt>
			<longitude>80.90607776208695</longitude>
			<latitude>20.08049621586876</latitude>
			<altitude>392.4701341033129</altitude>
			<heading>0</heading>
			<tilt>0</tilt>
			<gx:fovy>35</gx:fovy>
			<range>404.169540624498</range>
			<altitudeMode>absolute</altitudeMode>
		</LookAt>
		<styleUrl>#__managed_style_09B531A16F364813C59B</styleUrl>
		<Point>
			<coordinates>80.90643232830917,20.08065233559509,392.9091093858292</coordinates>
		</Point>
	</Placemark>
	<Placemark id="0C117128C73181EB6E37">
		<name>Kadame</name>
		<gx:mid>/g/12hkx4kny</gx:mid>
		<gx:fid>0x3a2e7cf5f81c95ef:0x92958ed5c4fa759b</gx:fid>
		<LookAt>
			<longitude>80.9402364</longitude>
			<latitude>20.03924715</latitude>
			<altitude>0</altitude>
			<heading>0</heading>
			<tilt>0</tilt>
			<gx:fovy>35</gx:fovy>
			<range>5282.965052848858</range>
			<altitudeMode>relativeToGround</altitudeMode>
		</LookAt>
		<styleUrl>#__managed_style_3B68293648364813C59F</styleUrl>
		<Point>
			<altitudeMode>relativeToGround</altitudeMode>
			<coordinates>80.9402364,20.0392475,0</coordinates>
		</Point>
	</Placemark>
	<Placemark id="0A0FB171BB3181EC2A4C">
		<name>Hetley village</name>
		<gx:mid>/g/11vt8d559r</gx:mid>
		<gx:fid>0x3a2e7d0017873cb9:0x40bda99b3829140e</gx:fid>
		<LookAt>
			<longitude>80.9061236</longitude>
			<latitude>20.0945878</latitude>
			<altitude>0</altitude>
			<heading>0</heading>
			<tilt>0</tilt>
			<gx:fovy>35</gx:fovy>
			<range>984.9861556029476</range>
			<altitudeMode>relativeToGround</altitudeMode>
		</LookAt>
		<styleUrl>#__managed_style_3B68293648364813C59F</styleUrl>
		<Point>
			<altitudeMode>relativeToGround</altitudeMode>
			<coordinates>80.9061236,20.0945878,0</coordinates>
		</Point>
	</Placemark>
	<Placemark id="02D1949DD53181ED2789">
		<name>Kodapakha</name>
		<gx:mid>/g/1vhlwlp_</gx:mid>
		<gx:fid>0x3a2e8700ade07cbf:0xc45c9472e37cad72</gx:fid>
		<LookAt>
			<longitude>80.93344020000001</longitude>
			<latitude>20.15402025</latitude>
			<altitude>0</altitude>
			<heading>0</heading>
			<tilt>0</tilt>
			<gx:fovy>35</gx:fovy>
			<range>5277.784981620263</range>
			<altitudeMode>relativeToGround</altitudeMode>
		</LookAt>
		<styleUrl>#__managed_style_3B68293648364813C59F</styleUrl>
		<Point>
			<altitudeMode>relativeToGround</altitudeMode>
			<coordinates>80.93344019999999,20.1540206,0</coordinates>
		</Point>
	</Placemark>
	<Placemark id="0BC13F82B73181F00065">
		<name>Khutgaon</name>
		<gx:mid>/g/12hpm5s7w</gx:mid>
		<gx:fid>0x3a2e6489c46271a9:0x9553035de3993733</gx:fid>
		<LookAt>
			<longitude>80.9486496</longitude>
			<latitude>20.02449315</latitude>
			<altitude>0</altitude>
			<heading>0</heading>
			<tilt>0</tilt>
			<gx:fovy>35</gx:fovy>
			<range>5283.62902861174</range>
			<altitudeMode>relativeToGround</altitudeMode>
		</LookAt>
		<styleUrl>#__managed_style_3B68293648364813C59F</styleUrl>
		<Point>
			<altitudeMode>relativeToGround</altitudeMode>
			<coordinates>80.9486496,20.0244935,0</coordinates>
		</Point>
	</Placemark>
	<Placemark id="028E5305183181F229B5">
		<name>Monet mines hahaladdi</name>
		<gx:mid>/g/11q9j91ck0</gx:mid>
		<gx:fid>0x3a2e8358973ea9af:0x3bec5297419922f8</gx:fid>
		<LookAt>
			<longitude>80.89570119999999</longitude>
			<latitude>20.222564</latitude>
			<altitude>0</altitude>
			<heading>0</heading>
			<tilt>0</tilt>
			<gx:fovy>35</gx:fovy>
			<range>984.0873360384363</range>
			<altitudeMode>relativeToGround</altitudeMode>
		</LookAt>
		<styleUrl>#__managed_style_3A67DD7FB0364813C59C</styleUrl>
		<Point>
			<altitudeMode>relativeToGround</altitudeMode>
			<coordinates>80.89570119999999,20.222564,0</coordinates>
		</Point>
	</Placemark>
	<Placemark id="0DF49D055F3181F3D59B">
		<name>हाहालददी</name>
		<gx:mid>/g/11ssb2xrwk</gx:mid>
		<gx:fid>0x3a2e85f3d8a417bd:0x99c7afd1e3bbd105</gx:fid>
		<LookAt>
			<longitude>80.91004599999999</longitude>
			<latitude>20.2151272</latitude>
			<altitude>0</altitude>
			<heading>0</heading>
			<tilt>0</tilt>
			<gx:fovy>35</gx:fovy>
			<range>984.139712692336</range>
			<altitudeMode>relativeToGround</altitudeMode>
		</LookAt>
		<styleUrl>#__managed_style_3B68293648364813C59F</styleUrl>
		<Point>
			<altitudeMode>relativeToGround</altitudeMode>
			<coordinates>80.91004939999999,20.2151267,0</coordinates>
		</Point>
	</Placemark>
	<Placemark id="0EB846DCA93181F610AE">
		<name>Kotodi</name>
		<gx:mid>/g/12hrz_m89</gx:mid>
		<gx:fid>0x3a2e7c93a03c7c7d:0x8d13939cba33079a</gx:fid>
		<LookAt>
			<longitude>80.9401628</longitude>
			<latitude>20.03946555</latitude>
			<altitude>0</altitude>
			<heading>0</heading>
			<tilt>0</tilt>
			<gx:fovy>35</gx:fovy>
			<range>5282.955220886222</range>
			<altitudeMode>relativeToGround</altitudeMode>
		</LookAt>
		<styleUrl>#__managed_style_3B68293648364813C59F</styleUrl>
		<Point>
			<altitudeMode>relativeToGround</altitudeMode>
			<coordinates>80.9401628,20.0394659,0</coordinates>
		</Point>
	</Placemark>
	<Placemark id="0039262D473181F74D35">
		<name>Manhakal</name>
		<visibility>0</visibility>
		<gx:mid>/g/12hqx6b3f</gx:mid>
		<gx:fid>0x3a2e7d6e70b309b3:0xeca244402fe1f573</gx:fid>
		<LookAt>
			<longitude>80.93850400000001</longitude>
			<latitude>20.09347615</latitude>
			<altitude>0</altitude>
			<heading>0</heading>
			<tilt>0</tilt>
			<gx:fovy>35</gx:fovy>
			<range>5280.520822486722</range>
			<altitudeMode>relativeToGround</altitudeMode>
		</LookAt>
		<styleUrl>#__managed_style_3B68293648364813C59F</styleUrl>
		<Point>
			<altitudeMode>relativeToGround</altitudeMode>
			<coordinates>80.93850399999999,20.0934765,0</coordinates>
		</Point>
	</Placemark>
	<Placemark id="05DFC0A14D3181F7A05B">
		<name>Hetale</name>
		<gx:mid>/g/12hlbb175</gx:mid>
		<gx:fid>0x3a2e7ef9a045320b:0xdfa5b96e794c0920</gx:fid>
		<LookAt>
			<longitude>80.93749</longitude>
			<latitude>20.07446315</latitude>
			<altitude>0</altitude>
			<heading>0</heading>
			<tilt>0</tilt>
			<gx:fovy>35</gx:fovy>
			<range>5281.378456024233</range>
			<altitudeMode>relativeToGround</altitudeMode>
		</LookAt>
		<styleUrl>#__managed_style_3B68293648364813C59F</styleUrl>
		<Point>
			<altitudeMode>relativeToGround</altitudeMode>
			<coordinates>80.93749,20.0744635,0</coordinates>
		</Point>
	</Placemark>
	<Placemark id="0F6AC6BFDA3181F7FFEC">
		<name>camp?</name>
		<LookAt>
			<longitude>80.94041777733371</longitude>
			<latitude>20.08372948262301</latitude>
			<altitude>367.3375493690749</altitude>
			<heading>0</heading>
			<tilt>0</tilt>
			<gx:fovy>35</gx:fovy>
			<range>623.2897769333795</range>
			<altitudeMode>absolute</altitudeMode>
		</LookAt>
		<styleUrl>#__managed_style_09B531A16F364813C59B</styleUrl>
		<Point>
			<coordinates>80.9412877754275,20.08458722238863,374.5494392927561</coordinates>
		</Point>
	</Placemark>
	<Placemark id="0D506A74203181F86459">
		<name>camp?</name>
		<visibility>0</visibility>
		<LookAt>
			<longitude>80.93549118775803</longitude>
			<latitude>20.13695904240721</latitude>
			<altitude>403.8748935705698</altitude>
			<heading>0</heading>
			<tilt>0</tilt>
			<gx:fovy>35</gx:fovy>
			<range>2591.965213804215</range>
			<altitudeMode>absolute</altitudeMode>
		</LookAt>
		<styleUrl>#__managed_style_079C6E475A364813C59C</styleUrl>
		<Point>
			<coordinates>80.94032310441662,20.13714728615507,400.1040597565748</coordinates>
		</Point>
	</Placemark>
	<Placemark id="06DC2E8A6B3181FE4D1C">
		<name>Latmarka</name>
		<gx:mid>/g/12hkj7_z_</gx:mid>
		<gx:fid>0x3a2e808312689fab:0xef03aa062c52ea60</gx:fid>
		<LookAt>
			<longitude>80.86344899999999</longitude>
			<latitude>20.09788265</latitude>
			<altitude>0</altitude>
			<heading>0</heading>
			<tilt>0</tilt>
			<gx:fovy>35</gx:fovy>
			<range>5280.321951630041</range>
			<altitudeMode>relativeToGround</altitudeMode>
		</LookAt>
		<styleUrl>#__managed_style_3B68293648364813C59F</styleUrl>
		<Point>
			<altitudeMode>relativeToGround</altitudeMode>
			<coordinates>80.863449,20.097883,0</coordinates>
		</Point>
	</Placemark>
	<Placemark id="07535BFBF93181FEA5D8">
		<name>Markachua</name>
		<gx:mid>/g/12hy_jhl0</gx:mid>
		<gx:fid>0x3a2e7fdb62754a69:0xe9091ae50cb2c484</gx:fid>
		<LookAt>
			<longitude>80.7869266</longitude>
			<latitude>20.14879775</latitude>
			<altitude>0</altitude>
			<heading>0</heading>
			<tilt>0</tilt>
			<gx:fovy>35</gx:fovy>
			<range>5278.021263490054</range>
			<altitudeMode>relativeToGround</altitudeMode>
		</LookAt>
		<styleUrl>#__managed_style_3B68293648364813C59F</styleUrl>
		<Point>
			<altitudeMode>relativeToGround</altitudeMode>
			<coordinates>80.7869266,20.1487981,0</coordinates>
		</Point>
	</Placemark>
	<Placemark id="007AD8C3673181FFFB56">
		<name>Urpanjur</name>
		<gx:mid>/g/12hn_6f5b</gx:mid>
		<gx:fid>0x3a2dd58325596bb7:0x66e40a02fb62fca7</gx:fid>
		<LookAt>
			<longitude>80.7717081</longitude>
			<latitude>20.09284855</latitude>
			<altitude>0</altitude>
			<heading>0</heading>
			<tilt>0</tilt>
			<gx:fovy>35</gx:fovy>
			<range>5280.549143688891</range>
			<altitudeMode>relativeToGround</altitudeMode>
		</LookAt>
		<styleUrl>#__managed_style_3B68293648364813C59F</styleUrl>
		<Point>
			<altitudeMode>relativeToGround</altitudeMode>
			<coordinates>80.7717081,20.0928489,0</coordinates>
		</Point>
	</Placemark>
	<Placemark id="0A9B8C3A0E318201B248">
		<name>Helipad</name>
		<LookAt>
			<longitude>80.99770951740446</longitude>
			<latitude>19.96304224340768</latitude>
			<altitude>372.7230100712465</altitude>
			<heading>0</heading>
			<tilt>0</tilt>
			<gx:fovy>35</gx:fovy>
			<range>856.2107439394458</range>
			<altitudeMode>absolute</altitudeMode>
		</LookAt>
		<styleUrl>#__managed_style_079C6E475A364813C59C</styleUrl>
		<Point>
			<coordinates>80.9991585835474,19.96323359224047,375.8282094203569</coordinates>
		</Point>
	</Placemark>
	<Placemark id="01F567ADA63182025788">
		<name>Police thana koyalibeda</name>
		<gx:mid>/g/11y2jhqpg5</gx:mid>
		<gx:fid>0x3a2e650035993e97:0x597d9ac4f28770f9</gx:fid>
		<LookAt>
			<longitude>80.9992731</longitude>
			<latitude>19.9646433</latitude>
			<altitude>0</altitude>
			<heading>0</heading>
			<tilt>0</tilt>
			<gx:fovy>35</gx:fovy>
			<range>985.8933535146251</range>
			<altitudeMode>relativeToGround</altitudeMode>
		</LookAt>
		<styleUrl>#__managed_style_35DDE8A55A364813C59B</styleUrl>
		<Point>
			<altitudeMode>relativeToGround</altitudeMode>
			<coordinates>80.9991903,19.964634,0</coordinates>
		</Point>
	</Placemark>
	<Placemark id="041E3F69D131820286BA">
		<name>Koilibeda camp</name>
		<LookAt>
			<longitude>80.99807342406262</longitude>
			<latitude>19.96417197295373</latitude>
			<altitude>376.0619113645197</altitude>
			<heading>0</heading>
			<tilt>0</tilt>
			<gx:fovy>35</gx:fovy>
			<range>756.3212241642759</range>
			<altitudeMode>absolute</altitudeMode>
		</LookAt>
		<styleUrl>#__managed_style_09B531A16F364813C59B</styleUrl>
		<Point>
			<coordinates>81.00039555754776,19.9644496504744,379.9005389543008</coordinates>
		</Point>
	</Placemark>
	<Placemark id="08BD6CCEE33184D4EF55">
		<name>lohari?</name>
		<LookAt>
			<longitude>80.90514028145643</longitude>
			<latitude>20.00459447389872</latitude>
			<altitude>357.1757735506335</altitude>
			<heading>0</heading>
			<tilt>0</tilt>
			<gx:fovy>35</gx:fovy>
			<range>992.3042301769601</range>
			<altitudeMode>absolute</altitudeMode>
		</LookAt>
		<styleUrl>#__managed_style_9B4BBCDD26364813C59F</styleUrl>
		<Point>
			<coordinates>80.90644796398225,20.00438531423397,358.652409465828</coordinates>
		</Point>
	</Placemark>
	<Placemark id="03F629CA383184D99FC5">
		<name>lohari</name>
		<LookAt>
			<longitude>76.57092816650749</longitude>
			<latitude>30.87505523983896</latitude>
			<altitude>313.0017436498426</altitude>
			<heading>0</heading>
			<tilt>0</tilt>
			<gx:fovy>35</gx:fovy>
			<range>1868.468476694834</range>
			<altitudeMode>absolute</altitudeMode>
		</LookAt>
		<styleUrl>#__managed_style_9B4BBCDD26364813C59F</styleUrl>
		<Point>
			<coordinates>76.57213049152706,30.87431389109548,318.1449742332133</coordinates>
		</Point>
	</Placemark>
	<Placemark id="0D23E186DD3184DAE41E">
		<name>Kodosalebhat</name>
		<gx:mid>/g/12hp1l34d</gx:mid>
		<gx:fid>0x3a2e7c0efdd3b405:0x52baba4ba4537f0</gx:fid>
		<LookAt>
			<longitude>80.94861659999999</longitude>
			<latitude>20.00644665</latitude>
			<altitude>0</altitude>
			<heading>0</heading>
			<tilt>0</tilt>
			<gx:fovy>35</gx:fovy>
			<range>5284.440582280426</range>
			<altitudeMode>relativeToGround</altitudeMode>
		</LookAt>
		<styleUrl>#__managed_style_3B68293648364813C59F</styleUrl>
		<Point>
			<altitudeMode>relativeToGround</altitudeMode>
			<coordinates>80.94861659999999,20.006447,0</coordinates>
		</Point>
	</Placemark>
	<Placemark id="0B64A8E8053184E01527">
		<name>Anhur</name>
		<gx:mid>/g/12hkb8c62</gx:mid>
		<gx:fid>0x3a2c2a20adfb699f:0xb651cafe8c62ea1e</gx:fid>
		<LookAt>
			<longitude>80.79134479999999</longitude>
			<latitude>20.21351045</latitude>
			<altitude>0</altitude>
			<heading>0</heading>
			<tilt>0</tilt>
			<gx:fovy>35</gx:fovy>
			<range>5275.089604513191</range>
			<altitudeMode>relativeToGround</altitudeMode>
		</LookAt>
		<styleUrl>#__managed_style_3B68293648364813C59F</styleUrl>
		<Point>
			<altitudeMode>relativeToGround</altitudeMode>
			<coordinates>80.79134479999999,20.2135108,0</coordinates>
		</Point>
	</Placemark>
	<Placemark id="0C9E767CFE3184E2A042">
		<name>Nirondadih</name>
		<visibility>0</visibility>
		<gx:mid>/g/12hmxdjm9</gx:mid>
		<gx:fid>0x3a2e80efd4121041:0x9c7fb9e4ea6f2633</gx:fid>
		<LookAt>
			<longitude>80.86575299999998</longitude>
			<latitude>20.12655565</latitude>
			<altitude>0</altitude>
			<heading>0</heading>
			<tilt>0</tilt>
			<gx:fovy>35</gx:fovy>
			<range>5279.026951538001</range>
			<altitudeMode>relativeToGround</altitudeMode>
		</LookAt>
		<styleUrl>#__managed_style_3B68293648364813C59F</styleUrl>
		<Point>
			<altitudeMode>relativeToGround</altitudeMode>
			<coordinates>80.865753,20.126556,0</coordinates>
		</Point>
	</Placemark>
	<Placemark id="0636318C153184E8178B">
		<name>Nironda</name>
		<visibility>0</visibility>
		<gx:mid>/g/12hn57fgc</gx:mid>
		<gx:fid>0x3a2e7f21d652e945:0x81bd66e996c63cb7</gx:fid>
		<LookAt>
			<longitude>80.9331354</longitude>
			<latitude>20.06007105</latitude>
			<altitude>0</altitude>
			<heading>0</heading>
			<tilt>0</tilt>
			<gx:fovy>35</gx:fovy>
			<range>5282.027168521569</range>
			<altitudeMode>relativeToGround</altitudeMode>
		</LookAt>
		<styleUrl>#__managed_style_3B68293648364813C59F</styleUrl>
		<Point>
			<altitudeMode>relativeToGround</altitudeMode>
			<coordinates>80.9331354,20.0600714,0</coordinates>
		</Point>
	</Placemark>
	<Placemark id="04A99458933184E85A95">
		<name>Kataru Kurusha</name>
		<visibility>0</visibility>
		<gx:mid>/g/12jp1z5l3</gx:mid>
		<gx:fid>0x3a2e7c50dfa1accd:0x64aac77b2296aecc</gx:fid>
		<LookAt>
			<longitude>80.93275929999999</longitude>
			<latitude>20.06017505</latitude>
			<altitude>0</altitude>
			<heading>0</heading>
			<tilt>0</tilt>
			<gx:fovy>35</gx:fovy>
			<range>5282.02248229613</range>
			<altitudeMode>relativeToGround</altitudeMode>
		</LookAt>
		<styleUrl>#__managed_style_3B68293648364813C59F</styleUrl>
		<Point>
			<altitudeMode>relativeToGround</altitudeMode>
			<coordinates>80.9327593,20.0601754,0</coordinates>
		</Point>
	</Placemark>
	<Placemark id="077DA7C0413184F64DF3">
		<name>Primary School Madhonar</name>
		<gx:mid>/g/11vld88nvw</gx:mid>
		<gx:fid>0x3a2e29ba5fb6f419:0x6590b613efa11c82</gx:fid>
		<LookAt>
			<longitude>81.36655929999999</longitude>
			<latitude>19.3949648</latitude>
			<altitude>0</altitude>
			<heading>0</heading>
			<tilt>0</tilt>
			<gx:fovy>35</gx:fovy>
			<range>989.8055750770772</range>
			<altitudeMode>relativeToGround</altitudeMode>
		</LookAt>
		<styleUrl>#__managed_style_3B68293648364813C59F</styleUrl>
		<Point>
			<altitudeMode>relativeToGround</altitudeMode>
			<coordinates>81.36644939999999,19.3949348,0</coordinates>
		</Point>
	</Placemark>
	<Placemark id="0682B0B5653184FF4FEB">
		<name>Toyameta</name>
		<gx:mid>/g/12hld57wp</gx:mid>
		<gx:fid>0x3a31d7bfddb6f83b:0x8c0f0e9975d31822</gx:fid>
		<LookAt>
			<longitude>81.3553216</longitude>
			<latitude>19.4117341</latitude>
			<altitude>0</altitude>
			<heading>0</heading>
			<tilt>0</tilt>
			<gx:fovy>35</gx:fovy>
			<range>5310.817399992511</range>
			<altitudeMode>relativeToGround</altitudeMode>
		</LookAt>
		<styleUrl>#__managed_style_3B68293648364813C59F</styleUrl>
		<Point>
			<altitudeMode>relativeToGround</altitudeMode>
			<coordinates>81.3553216,19.4117344,0</coordinates>
		</Point>
	</Placemark>
	<Placemark id="03C4CED0E9318500F65E">
		<name>Kanhargaon DRG camp?</name>
		<visibility>0</visibility>
		<LookAt>
			<longitude>81.39665452565016</longitude>
			<latitude>19.42826494467104</latitude>
			<altitude>487.0330216355238</altitude>
			<heading>0</heading>
			<tilt>0</tilt>
			<gx:fovy>35</gx:fovy>
			<range>158.4881231133113</range>
			<altitudeMode>absolute</altitudeMode>
		</LookAt>
		<styleUrl>#__managed_style_079C6E475A364813C59C</styleUrl>
		<Point>
			<coordinates>81.39681798361009,19.42815562866661,487.76001429379</coordinates>
		</Point>
	</Placemark>
	<Placemark id="0CF0373895318502E761">
		<name>+ DRG Kadena?</name>
		<LookAt>
			<longitude>81.40532618150014</longitude>
			<latitude>19.35713593216269</latitude>
			<altitude>463.8539974263264</altitude>
			<heading>0</heading>
			<tilt>0</tilt>
			<gx:fovy>35</gx:fovy>
			<range>719.7974995411641</range>
			<altitudeMode>absolute</altitudeMode>
		</LookAt>
		<styleUrl>#__managed_style_079C6E475A364813C59C</styleUrl>
		<Point>
			<coordinates>81.40549609904407,19.35650613170689,464.4852252611665</coordinates>
		</Point>
	</Placemark>
	<Placemark id="03C827C4B93185038C9D">
		<name>Helipad</name>
		<LookAt>
			<longitude>81.40666705637383</longitude>
			<latitude>19.35689165182038</latitude>
			<altitude>466.6968002449001</altitude>
			<heading>0</heading>
			<tilt>0</tilt>
			<gx:fovy>35</gx:fovy>
			<range>379.5147401471331</range>
			<altitudeMode>absolute</altitudeMode>
		</LookAt>
		<styleUrl>#__managed_style_079C6E475A364813C59C</styleUrl>
		<Point>
			<coordinates>81.40669262899793,19.35712447748215,467.6405571699351</coordinates>
		</Point>
	</Placemark>
	<Placemark id="0E4527280B3189DA6383">
		<name>Bodli geedam</name>
		<visibility>0</visibility>
		<gx:mid>/g/11qrnw3mbf</gx:mid>
		<gx:fid>0x3a31ebb99f77e1af:0xbec130f02ce1613b</gx:fid>
		<LookAt>
			<longitude>81.142399</longitude>
			<latitude>18.9816035</latitude>
			<altitude>0</altitude>
			<heading>0</heading>
			<tilt>0</tilt>
			<gx:fovy>35</gx:fovy>
			<range>992.5778311231643</range>
			<altitudeMode>relativeToGround</altitudeMode>
		</LookAt>
		<styleUrl>#__managed_style_35DDE8A55A364813C59B</styleUrl>
		<Point>
			<altitudeMode>relativeToGround</altitudeMode>
			<coordinates>81.142399,18.9816035,0</coordinates>
		</Point>
	</Placemark>
	<Placemark id="00826856783189F249B3">
		<name>Barsur Police Station</name>
		<gx:mid>/g/11xynjspv</gx:mid>
		<gx:fid>0x3a31ce4dcf53f167:0xdc35e50f7e3efe98</gx:fid>
		<LookAt>
			<longitude>81.3883439</longitude>
			<latitude>19.1426913</latitude>
			<altitude>0</altitude>
			<heading>0</heading>
			<tilt>0</tilt>
			<gx:fovy>35</gx:fovy>
			<range>991.5041428845706</range>
			<altitudeMode>relativeToGround</altitudeMode>
		</LookAt>
		<styleUrl>#__managed_style_35DDE8A55A364813C59B</styleUrl>
		<Point>
			<altitudeMode>relativeToGround</altitudeMode>
			<coordinates>81.3883439,19.1426913,0</coordinates>
		</Point>
	</Placemark>
	<Placemark id="0DA2BBA98F3189F4AEF7">
		<name>Sadar</name>
		<visibility>0</visibility>
		<gx:mid>/g/12hp6d6vl</gx:mid>
		<gx:fid>0x3a31ce227f94ac79:0x274e1d9667354839</gx:fid>
		<LookAt>
			<longitude>81.3555817</longitude>
			<latitude>19.1256158</latitude>
			<altitude>0</altitude>
			<heading>0</heading>
			<tilt>0</tilt>
			<gx:fovy>35</gx:fovy>
			<range>2209.366470202965</range>
			<altitudeMode>relativeToGround</altitudeMode>
		</LookAt>
		<styleUrl>#__managed_style_3B68293648364813C59F</styleUrl>
		<Point>
			<altitudeMode>relativeToGround</altitudeMode>
			<coordinates>81.35622049999999,19.1254058,0</coordinates>
		</Point>
	</Placemark>
	<Placemark id="06B2E0D3D83189F7ACA8">
		<name>Sub Station 33/11kv Barsur</name>
		<gx:mid>/g/11flbz1wn2</gx:mid>
		<gx:fid>0x3a31cf8593079237:0x21cd4b2566040184</gx:fid>
		<LookAt>
			<longitude>81.3931078</longitude>
			<latitude>19.1735332</latitude>
			<altitude>0</altitude>
			<heading>0</heading>
			<tilt>0</tilt>
			<gx:fovy>35</gx:fovy>
			<range>991.2976026286324</range>
			<altitudeMode>relativeToGround</altitudeMode>
		</LookAt>
		<styleUrl>#__managed_style_35DDE8A55A364813C59B</styleUrl>
		<Point>
			<altitudeMode>relativeToGround</altitudeMode>
			<coordinates>81.3931078,19.1735332,0</coordinates>
		</Point>
	</Placemark>
	<Placemark id="0B4CE6C7093189F89479">
		<name>Saatdhar camp</name>
		<LookAt>
			<longitude>81.40424254666601</longitude>
			<latitude>19.18660030341609</latitude>
			<altitude>420.7391825798742</altitude>
			<heading>0</heading>
			<tilt>0</tilt>
			<gx:fovy>35</gx:fovy>
			<range>707.438230103362</range>
			<altitudeMode>absolute</altitudeMode>
		</LookAt>
		<styleUrl>#__managed_style_09B531A16F364813C59B</styleUrl>
		<Point>
			<coordinates>81.40440900426243,19.18672382665391,422.891981794433</coordinates>
		</Point>
	</Placemark>
	<Placemark id="0270D99E4B3189F8C976">
		<name>Helipad</name>
		<LookAt>
			<longitude>81.40424254667442</longitude>
			<latitude>19.18660030336451</latitude>
			<altitude>420.95793031529</altitude>
			<heading>0</heading>
			<tilt>0</tilt>
			<gx:fovy>35</gx:fovy>
			<range>707.2193408550085</range>
			<altitudeMode>absolute</altitudeMode>
		</LookAt>
		<styleUrl>#__managed_style_079C6E475A364813C59C</styleUrl>
		<Point>
			<coordinates>81.4046345315772,19.18594791549469,419.2690520946758</coordinates>
		</Point>
	</Placemark>
	<Placemark id="0A4F2882FC318A012BD5">
		<name>A COB 38BN ITBP</name>
		<gx:mid>/g/11y482_wxj</gx:mid>
		<gx:fid>0x3a2c13007e89aec3:0x255c6348774af314</gx:fid>
		<LookAt>
			<longitude>80.53788109999999</longitude>
			<latitude>20.6190596</latitude>
			<altitude>0</altitude>
			<heading>0</heading>
			<tilt>0</tilt>
			<gx:fovy>35</gx:fovy>
			<range>981.2689050370334</range>
			<altitudeMode>relativeToGround</altitudeMode>
		</LookAt>
		<styleUrl>#__managed_style_35DDE8A55A364813C59B</styleUrl>
		<Point>
			<altitudeMode>relativeToGround</altitudeMode>
			<coordinates>80.53788109999999,20.6190596,0</coordinates>
		</Point>
	</Placemark>
	<Placemark id="0BB4D5D1B8318A01AA8D">
		<name>ITBP office</name>
		<gx:mid>/g/11c0sywv_c</gx:mid>
		<gx:fid>0x3a2faa34901ebe8f:0xb87c149a9ea6b7d0</gx:fid>
		<LookAt>
			<longitude>81.5863104</longitude>
			<latitude>20.0846837</latitude>
			<altitude>0</altitude>
			<heading>0</heading>
			<tilt>0</tilt>
			<gx:fovy>35</gx:fovy>
			<range>985.055493612961</range>
			<altitudeMode>relativeToGround</altitudeMode>
		</LookAt>
		<styleUrl>#__managed_style_35DDE8A55A364813C59B</styleUrl>
		<Point>
			<altitudeMode>relativeToGround</altitudeMode>
			<coordinates>81.5863574,20.0846794,0</coordinates>
		</Point>
	</Placemark>
	<Placemark id="0D05213C34318A01FAF7">
		<name>Itbp baseli camp</name>
		<gx:mid>/g/11rstt67h4</gx:mid>
		<gx:fid>0x3a2c25d831b8e2ab:0x51f203ff21d28663</gx:fid>
		<LookAt>
			<longitude>80.70677540000001</longitude>
			<latitude>20.3015868</latitude>
			<altitude>0</altitude>
			<heading>0</heading>
			<tilt>0</tilt>
			<gx:fovy>35</gx:fovy>
			<range>983.5296778651109</range>
			<altitudeMode>relativeToGround</altitudeMode>
		</LookAt>
		<styleUrl>#__managed_style_35DDE8A55A364813C59B</styleUrl>
		<Point>
			<altitudeMode>relativeToGround</altitudeMode>
			<coordinates>80.7067754,20.3015868,0</coordinates>
		</Point>
	</Placemark>
	<Placemark id="08DCC9817D318A0260BC">
		<name>C COB 38BN ITBP</name>
		<gx:mid>/g/11y48356hc</gx:mid>
		<gx:fid>0x3a2e9900700585c5:0x8daf38957c077d6</gx:fid>
		<LookAt>
			<longitude>80.91609199999999</longitude>
			<latitude>20.4482417</latitude>
			<altitude>0</altitude>
			<heading>0</heading>
			<tilt>0</tilt>
			<gx:fovy>35</gx:fovy>
			<range>982.4893803614522</range>
			<altitudeMode>relativeToGround</altitudeMode>
		</LookAt>
		<styleUrl>#__managed_style_35DDE8A55A364813C59B</styleUrl>
		<Point>
			<altitudeMode>relativeToGround</altitudeMode>
			<coordinates>80.91603789999999,20.4482456,0</coordinates>
		</Point>
	</Placemark>
	<Placemark id="031C856AEF318A02A5AD">
		<name>ITBP A COB BAKARKATTA</name>
		<gx:mid>/g/11jz25ydhd</gx:mid>
		<gx:fid>0x3a2bd5c2714401f3:0xf10b72548bd7dda9</gx:fid>
		<LookAt>
			<longitude>80.79890590000001</longitude>
			<latitude>21.6002499</latitude>
			<altitude>0</altitude>
			<heading>0</heading>
			<tilt>0</tilt>
			<gx:fovy>35</gx:fovy>
			<range>974.0763204780774</range>
			<altitudeMode>relativeToGround</altitudeMode>
		</LookAt>
		<styleUrl>#__managed_style_35DDE8A55A364813C59B</styleUrl>
		<Point>
			<altitudeMode>relativeToGround</altitudeMode>
			<coordinates>80.79890979999999,21.6001559,0</coordinates>
		</Point>
	</Placemark>
	<Placemark id="0043393405318A086DD5">
		<name>Hq/80 bn crpf</name>
		<gx:mid>/g/11l6g_6j8s</gx:mid>
		<gx:fid>0x3a30139bc091fda5:0x197234c651d75654</gx:fid>
		<LookAt>
			<longitude>82.0177733</longitude>
			<latitude>19.075118</latitude>
			<altitude>0</altitude>
			<heading>0</heading>
			<tilt>0</tilt>
			<gx:fovy>35</gx:fovy>
			<range>991.955572535423</range>
			<altitudeMode>relativeToGround</altitudeMode>
		</LookAt>
		<styleUrl>#__managed_style_35DDE8A55A364813C59B</styleUrl>
		<Point>
			<altitudeMode>relativeToGround</altitudeMode>
			<coordinates>82.0177733,19.075118,0</coordinates>
		</Point>
	</Placemark>
	<Placemark id="033B36FB4E318A0BA80E">
		<name>fundiguda camp</name>
		<LookAt>
			<longitude>81.38788147688527</longitude>
			<latitude>17.8485706952043</latitude>
			<altitude>73.29510331427502</altitude>
			<heading>0</heading>
			<tilt>0</tilt>
			<gx:fovy>35</gx:fovy>
			<range>1346.898693623662</range>
			<altitudeMode>absolute</altitudeMode>
		</LookAt>
		<styleUrl>#__managed_style_09B531A16F364813C59B</styleUrl>
		<Point>
			<coordinates>81.38869972993929,17.84900292271196,75.53702952937218</coordinates>
		</Point>
	</Placemark>
	<Placemark id="01D26A7D96318A0FC9A3">
		<name>168 bn</name>
		<gx:mid>/g/11vcvdvmxz</gx:mid>
		<gx:fid>0x3a3189ec4b18aff3:0x6afb7e02f6b99fa5</gx:fid>
		<LookAt>
			<longitude>80.81562199999999</longitude>
			<latitude>18.7963075</latitude>
			<altitude>0</altitude>
			<heading>0</heading>
			<tilt>0</tilt>
			<gx:fovy>35</gx:fovy>
			<range>993.8023235336805</range>
			<altitudeMode>relativeToGround</altitudeMode>
		</LookAt>
		<styleUrl>#__managed_style_35DDE8A55A364813C59B</styleUrl>
		<Point>
			<altitudeMode>relativeToGround</altitudeMode>
			<coordinates>80.81562199999999,18.7963075,0</coordinates>
		</Point>
	</Placemark>
	<Placemark id="0EBDD884F6319480BB18">
		<name>231bn crpf jawanga</name>
		<gx:mid>/g/11rzhkzlrd</gx:mid>
		<gx:fid>0x3a31b53ed17cc461:0x47d7d3b42a3fdf37</gx:fid>
		<LookAt>
			<longitude>81.45134159999999</longitude>
			<latitude>18.9704085</latitude>
			<altitude>0</altitude>
			<heading>0</heading>
			<tilt>0</tilt>
			<gx:fovy>35</gx:fovy>
			<range>992.6521316233282</range>
			<altitudeMode>relativeToGround</altitudeMode>
		</LookAt>
		<styleUrl>#__managed_style_35DDE8A55A364813C59B</styleUrl>
		<Point>
			<altitudeMode>relativeToGround</altitudeMode>
			<coordinates>81.4513506,18.9704631,0</coordinates>
		</Point>
	</Placemark>
	<Placemark id="013FF1CC713194823B1E">
		<name>33/11KV SUB STATION BASTANAR</name>
		<gx:mid>/g/11l21myn6r</gx:mid>
		<gx:fid>0x3a304b00b052893f:0x1f86d2b960c86d74</gx:fid>
		<LookAt>
			<longitude>81.5817871</longitude>
			<latitude>18.9729619</latitude>
			<altitude>0</altitude>
			<heading>0</heading>
			<tilt>0</tilt>
			<gx:fovy>35</gx:fovy>
			<range>992.6351884971998</range>
			<altitudeMode>relativeToGround</altitudeMode>
		</LookAt>
		<styleUrl>#__managed_style_35DDE8A55A364813C59B</styleUrl>
		<Point>
			<altitudeMode>relativeToGround</altitudeMode>
			<coordinates>81.5817871,18.9729619,0</coordinates>
		</Point>
	</Placemark>
	<Placemark id="035CB79B583194855485">
		<name>241 bn sedwa CRPF</name>
		<LookAt>
			<longitude>81.90869983488354</longitude>
			<latitude>18.99275740212446</latitude>
			<altitude>599.4911778834531</altitude>
			<heading>0</heading>
			<tilt>0</tilt>
			<gx:fovy>35</gx:fovy>
			<range>1431.214813547413</range>
			<altitudeMode>absolute</altitudeMode>
		</LookAt>
		<styleUrl>#__managed_style_09B531A16F364813C59B</styleUrl>
		<Point>
			<coordinates>81.90927435547914,18.992952732253,602.5043651132313</coordinates>
		</Point>
	</Placemark>
	<Placemark id="07DA815F5A3194910769">
		<name>Camp</name>
		<LookAt>
			<longitude>81.28191148703041</longitude>
			<latitude>18.24872155290476</latitude>
			<altitude>252.0377587540508</altitude>
			<heading>0</heading>
			<tilt>0</tilt>
			<gx:fovy>35</gx:fovy>
			<range>1211.726007053512</range>
			<altitudeMode>absolute</altitudeMode>
		</LookAt>
		<styleUrl>#__managed_style_09B531A16F364813C59B</styleUrl>
		<Point>
			<coordinates>81.28286960061952,18.2493193212592,251.3024242684142</coordinates>
		</Point>
	</Placemark>
	<Placemark id="0AA9E071C9319491CB95">
		<name>camp</name>
		<LookAt>
			<longitude>81.31880796644417</longitude>
			<latitude>18.23820493060041</latitude>
			<altitude>218.6634226074743</altitude>
			<heading>20.38711268568218</heading>
			<tilt>2.696021714782249</tilt>
			<gx:fovy>35</gx:fovy>
			<range>1106.343118098885</range>
			<altitudeMode>absolute</altitudeMode>
		</LookAt>
		<styleUrl>#__managed_style_09B531A16F364813C59B</styleUrl>
		<Point>
			<coordinates>81.31930719889593,18.23820584484066,218.4785509556163</coordinates>
		</Point>
	</Placemark>
	<Placemark id="0D792787683194939410">
		<name>CRPF Camp</name>
		<gx:mid>/g/11bvtbnb5q</gx:mid>
		<gx:fid>0x3a31217215190177:0xb0bb7479240bbc72</gx:fid>
		<LookAt>
			<longitude>81.44565499999999</longitude>
			<latitude>18.17874675</latitude>
			<altitude>0</altitude>
			<heading>0</heading>
			<tilt>0</tilt>
			<gx:fovy>35</gx:fovy>
			<range>997.8016038266145</range>
			<altitudeMode>relativeToGround</altitudeMode>
		</LookAt>
		<styleUrl>#__managed_style_35DDE8A55A364813C59B</styleUrl>
		<Point>
			<altitudeMode>relativeToGround</altitudeMode>
			<coordinates>81.44558049999999,18.1787102,0</coordinates>
		</Point>
	</Placemark>
	<Placemark id="0ADF47FE7F3194A1A447">
		<name>Tarrem post</name>
		<gx:mid>/g/11ng_bbhby</gx:mid>
		<gx:fid>0x3a31777b006e145b:0x6fdd100846b36f70</gx:fid>
		<LookAt>
			<longitude>81.00214649999999</longitude>
			<latitude>18.5092558</latitude>
			<altitude>0</altitude>
			<heading>0</heading>
			<tilt>0</tilt>
			<gx:fovy>35</gx:fovy>
			<range>995.6769168798426</range>
			<altitudeMode>relativeToGround</altitudeMode>
		</LookAt>
		<styleUrl>#__managed_style_35DDE8A55A364813C59B</styleUrl>
		<Point>
			<altitudeMode>relativeToGround</altitudeMode>
			<coordinates>81.00214649999999,18.5092558,0</coordinates>
		</Point>
	</Placemark>
	<Placemark id="0B1993B1ED3194A41972">
		<name>CRPF 196 Bn Mahadev Ghati</name>
		<gx:mid>/g/11rskqw4bn</gx:mid>
		<gx:fid>0x3a3227a924129d29:0x5982bd3f6649a4e8</gx:fid>
		<LookAt>
			<longitude>80.7873824</longitude>
			<latitude>18.7787593</latitude>
			<altitude>0</altitude>
			<heading>0</heading>
			<tilt>0</tilt>
			<gx:fovy>35</gx:fovy>
			<range>993.9177016341565</range>
			<altitudeMode>relativeToGround</altitudeMode>
		</LookAt>
		<styleUrl>#__managed_style_35DDE8A55A364813C59B</styleUrl>
		<Point>
			<altitudeMode>relativeToGround</altitudeMode>
			<coordinates>80.7873824,18.7787593,0</coordinates>
		</Point>
	</Placemark>
	<Placemark id="00D7F4C50831FD1D27BD">
		<name>Camp</name>
		<LookAt>
			<longitude>81.07924530500526</longitude>
			<latitude>18.75061608011331</latitude>
			<altitude>375.2224073362772</altitude>
			<heading>0</heading>
			<tilt>0</tilt>
			<gx:fovy>35</gx:fovy>
			<range>590.1510943415634</range>
			<altitudeMode>absolute</altitudeMode>
		</LookAt>
		<styleUrl>#__managed_style_09B531A16F364813C59B</styleUrl>
		<Point>
			<coordinates>81.07933968454525,18.75105734560409,375.4558422587742</coordinates>
		</Point>
	</Placemark>
	<Placemark id="0087CC51FE31FD1E3864">
		<name>Camp</name>
		<LookAt>
			<longitude>81.09837673593704</longitude>
			<latitude>18.73516452133973</latitude>
			<altitude>425.887229195939</altitude>
			<heading>0</heading>
			<tilt>0</tilt>
			<gx:fovy>35</gx:fovy>
			<range>4276.398730641813</range>
			<altitudeMode>absolute</altitudeMode>
		</LookAt>
		<styleUrl>#__managed_style_079C6E475A364813C59C</styleUrl>
		<Point>
			<coordinates>81.12166597752172,18.73817301168026,423.6370271672257</coordinates>
		</Point>
	</Placemark>
	<Placemark id="0B47BBC73E31FDE6B281">
		<name>Camp</name>
		<LookAt>
			<longitude>81.16366895354192</longitude>
			<latitude>18.91882859154687</latitude>
			<altitude>368.1647391433045</altitude>
			<heading>0</heading>
			<tilt>0</tilt>
			<gx:fovy>35</gx:fovy>
			<range>1121.979561020562</range>
			<altitudeMode>absolute</altitudeMode>
		</LookAt>
		<styleUrl>#__managed_style_3C6CEAFF0A364813C5A1</styleUrl>
		<Point>
			<coordinates>81.16414294451232,18.91701382179855,369.6821763039516</coordinates>
		</Point>
	</Placemark>
	<Placemark id="0562AC24D631FDF015F2">
		<name>SECL COAL MINES</name>
		<gx:mid>/g/11cs5wznwc</gx:mid>
		<gx:fid>0x3a276cc716cd3fad:0xd4879b8fb29046a</gx:fid>
		<LookAt>
			<longitude>83.141662</longitude>
			<latitude>22.1105768</latitude>
			<altitude>0</altitude>
			<heading>0</heading>
			<tilt>0</tilt>
			<gx:fovy>35</gx:fovy>
			<range>970.2135294706276</range>
			<altitudeMode>relativeToGround</altitudeMode>
		</LookAt>
		<styleUrl>#__managed_style_35DDE8A55A364813C59B</styleUrl>
		<Point>
			<altitudeMode>relativeToGround</altitudeMode>
			<coordinates>83.141662,22.1105768,0</coordinates>
		</Point>
	</Placemark>
	<Placemark id="01544053AB31FDF0332E">
		<name>Gevra Coal Mines (SECL)</name>
		<gx:mid>/g/1tdlspww</gx:mid>
		<gx:fid>0x3a27f34b9feadccf:0x6adece997ad36258</gx:fid>
		<LookAt>
			<longitude>82.54599759999999</longitude>
			<latitude>22.3381638</latitude>
			<altitude>0</altitude>
			<heading>0</heading>
			<tilt>0</tilt>
			<gx:fovy>35</gx:fovy>
			<range>968.4641579631781</range>
			<altitudeMode>relativeToGround</altitudeMode>
		</LookAt>
		<styleUrl>#__managed_style_35DDE8A55A364813C59B</styleUrl>
		<Point>
			<altitudeMode>relativeToGround</altitudeMode>
			<coordinates>82.54599759999999,22.3381638,0</coordinates>
		</Point>
	</Placemark>
	<Placemark id="0E2720831D31FDF04D47">
		<name>Acc Mines</name>
		<gx:mid>/g/1td4hjvb</gx:mid>
		<gx:fid>0x3a29180c76b359eb:0xa11a2ddb4ac48f86</gx:fid>
		<LookAt>
			<longitude>81.3585033</longitude>
			<latitude>21.2600083</latitude>
			<altitude>0</altitude>
			<heading>0</heading>
			<tilt>0</tilt>
			<gx:fovy>35</gx:fovy>
			<range>976.6054755557727</range>
			<altitudeMode>relativeToGround</altitudeMode>
		</LookAt>
		<styleUrl>#__managed_style_35DDE8A55A364813C59B</styleUrl>
		<Point>
			<altitudeMode>relativeToGround</altitudeMode>
			<coordinates>81.3585033,21.2600083,0</coordinates>
		</Point>
	</Placemark>
	<Placemark id="0F640F65A931FDF06897">
		<name>Vijay West Underground Mine (SECL)</name>
		<gx:mid>/g/11f1wbflgr</gx:mid>
		<gx:fid>0x39887372f97c3c51:0xb1d1f7b8a879e29a</gx:fid>
		<LookAt>
			<longitude>82.3210948</longitude>
			<latitude>22.8540894</latitude>
			<altitude>0</altitude>
			<heading>0</heading>
			<tilt>0</tilt>
			<gx:fovy>35</gx:fovy>
			<range>964.437735440133</range>
			<altitudeMode>relativeToGround</altitudeMode>
		</LookAt>
		<styleUrl>#__managed_style_35DDE8A55A364813C59B</styleUrl>
		<Point>
			<altitudeMode>relativeToGround</altitudeMode>
			<coordinates>82.3210948,22.8540894,0</coordinates>
		</Point>
	</Placemark>
	<Placemark id="05B15DE4D6317045D5D1">
		<name>Rowghat Proposed Mines</name>
		<gx:mid>/g/1tph04lh</gx:mid>
		<gx:fid>0x3a2e6ac733b30737:0x9239f921d716d93f</gx:fid>
		<LookAt>
			<longitude>81.1397839</longitude>
			<latitude>19.7475591</latitude>
			<altitude>0</altitude>
			<heading>0</heading>
			<tilt>0</tilt>
			<gx:fovy>35</gx:fovy>
			<range>987.3966498056614</range>
			<altitudeMode>relativeToGround</altitudeMode>
		</LookAt>
		<styleUrl>#__managed_style_6DFC00EA22364813C59C</styleUrl>
		<Point>
			<altitudeMode>relativeToGround</altitudeMode>
			<coordinates>81.1397839,19.7475591,0</coordinates>
		</Point>
	</Placemark>
	<Placemark id="0AEC15290131FDF08B25">
		<name>Kalyan Stone Mines</name>
		<gx:mid>/g/11cn79z8zm</gx:mid>
		<gx:fid>0x3a28c3b04eaee4c9:0xd176af401161da00</gx:fid>
		<LookAt>
			<longitude>81.74762439999999</longitude>
			<latitude>21.2162776</latitude>
			<altitude>0</altitude>
			<heading>0</heading>
			<tilt>0</tilt>
			<gx:fovy>35</gx:fovy>
			<range>976.9278529529544</range>
			<altitudeMode>relativeToGround</altitudeMode>
		</LookAt>
		<styleUrl>#__managed_style_35DDE8A55A364813C59B</styleUrl>
		<Point>
			<altitudeMode>relativeToGround</altitudeMode>
			<coordinates>81.74762439999999,21.2162776,0</coordinates>
		</Point>
	</Placemark>
	<Placemark id="08494E4D99320A8F3376">
		<name>North Bastar Kanker</name>
		<gx:mid>/g/11s7yqtg_j</gx:mid>
		<gx:fid>0x3a2e8a42d9f05701:0x4981f087e312d77e</gx:fid>
		<LookAt>
			<longitude>81.107833</longitude>
			<latitude>20.1324318</latitude>
			<altitude>0</altitude>
			<heading>0</heading>
			<tilt>0</tilt>
			<gx:fovy>35</gx:fovy>
			<range>349225.7780157878</range>
			<altitudeMode>relativeToGround</altitudeMode>
		</LookAt>
		<styleUrl>#__managed_style_35DDE8A55A364813C59B</styleUrl>
		<Point>
			<altitudeMode>relativeToGround</altitudeMode>
			<coordinates>81.0754657,20.1990123,0</coordinates>
		</Point>
	</Placemark>
	<Placemark id="0BFCA57730325C358FEC">
		<name>Chhattisgarh</name>
		<gx:mid>/m/0cv2m</gx:mid>
		<gx:fid>0x3a261f16c67a8bad:0x5c23f412fb179d95</gx:fid>
		<LookAt>
			<longitude>82.31998900000001</longitude>
			<latitude>20.9442922</latitude>
			<altitude>0</altitude>
			<heading>0</heading>
			<tilt>0</tilt>
			<gx:fovy>35</gx:fovy>
			<range>1389506.98334231</range>
			<altitudeMode>relativeToGround</altitudeMode>
		</LookAt>
		<styleUrl>#__managed_style_35DDE8A55A364813C59B</styleUrl>
		<Point>
			<altitudeMode>relativeToGround</altitudeMode>
			<coordinates>81.86614419999999,21.2786567,0</coordinates>
		</Point>
	</Placemark>
	<Placemark id="0AEEEB212232623D75B9">
		<name>Camp</name>
		<visibility>0</visibility>
		<LookAt>
			<longitude>81.16372921209535</longitude>
			<latitude>18.91704836060033</latitude>
			<altitude>366.0068994384185</altitude>
			<heading>0</heading>
			<tilt>0</tilt>
			<gx:fovy>30.0003408642109</gx:fovy>
			<range>1110.326049483265</range>
			<altitudeMode>absolute</altitudeMode>
		</LookAt>
		<styleUrl>#__managed_style_079C6E475A364813C59C</styleUrl>
		<Point>
			<coordinates>81.16433169210467,18.9170714485941,370.4295405990745</coordinates>
		</Point>
	</Placemark>
	<Placemark id="080C6E189032623EC759">
		<name>Camp</name>
		<visibility>0</visibility>
		<LookAt>
			<longitude>81.16100164113575</longitude>
			<latitude>18.91723285640825</latitude>
			<altitude>361.8830117817099</altitude>
			<heading>0</heading>
			<tilt>0</tilt>
			<gx:fovy>30.0003408642109</gx:fovy>
			<range>1734.63508452609</range>
			<altitudeMode>absolute</altitudeMode>
		</LookAt>
		<styleUrl>#__managed_style_3C6CEAFF0A364813C5A1</styleUrl>
		<Point>
			<coordinates>81.16461492586603,18.91687007469947,370.881644012404</coordinates>
		</Point>
	</Placemark>
	<Placemark id="0511148348326D652525">
		<name>Camp</name>
		<LookAt>
			<longitude>80.77902945953811</longitude>
			<latitude>18.40982415023706</latitude>
			<altitude>181.543051395652</altitude>
			<heading>0</heading>
			<tilt>0</tilt>
			<gx:fovy>35</gx:fovy>
			<range>1305.538916538935</range>
			<altitudeMode>absolute</altitudeMode>
		</LookAt>
		<styleUrl>#__managed_style_09B531A16F364813C59B</styleUrl>
		<Point>
			<coordinates>80.77904981764101,18.4101016361059,180.8639251325403</coordinates>
		</Point>
	</Placemark>
</Document></kml>