{
  "type": "FeatureCollection",
  "features": [
    {
      "type": "Feature",
      "properties": {
        "gid": "1983",
        "mine_code": "30MSH27002",
        "mineral_na": "Iron Ore",
        "end_use": "Captive",
        "type_miner": "ML",
        "mode_of_gr": "Pre_Auction",
        "mine_name": "Surjagarh",
        "survey_num": "-",
        "lease_area": "348.090000000",
        "name_of_le": "M/s Lloyds Metals & Engineers Ltd.",
        "pin_code": "0E-11",
        "mobile": "-",
        "email_id": "-",
        "state": "MAHARASHTRA",
        "district": "Gadchiroli",
        "taluka": "Etapalli",
        "mineral_ca": "MAJOR",
        "dispatches_tons_1920_2021_2122": "-/-/519197",
        "ibm_regist": "IBM/5067/2011",
        "method_of_": "Opencast",
        "address": "Plot No. A 1-2, MIDC Area, Ghugus, District Chandrapur - 442 505 Maharashtra",
        "village_na": "Hedri",
        "reg_id": "0",
        "region": "NAGPUR",
        "psu_privat": "Private",
        "colour_str": "0",
        "name_of_as": "-",
        "ministry_o": "Steel_Ministry",
        "class": "Metallic",
        "area": "3478732.66886501"
      },
      "geometry": {
        "type": "Polygon",
        "coordinates": [
          [
            [
              80.35220146179199,
              19.639515735997062
            ],
            [
              80.35263061523438,
              19.639394479606402
            ],
            [
              80.35280227661133,
              19.63935406078917
            ],
            [
              80.35278797139753,
              19.63935406078917
            ],
            [
              80.35357475280762,
              19.639151966550365
            ],
            [
              80.35400390625,
              19.639030709884985
            ],
            [
              80.35447597503662,
              19.638869034188694
            ],
            [
              80.35542011260986,
              19.63862652033901
            ],
            [
              80.35584926605225,
              19.63850526327681
            ],
            [
              80.35679340362549,
              19.638262748877686
            ],
            [
              80.35722255706787,
              19.63814149154076
            ],
            [
              80.35769462585449,
              19.63797981494909
            ],
            [
              80.35816669464111,
              19.637858557398502
            ],
            [
              80.3585958480835,
              19.637737299756346
            ],
            [
              80.36001205444336,
              19.63737352628046
            ],
            [
              80.36104202270508,
              19.636403459649113
            ],
            [
              80.36138534545898,
              19.63612052244443
            ],
            [
              80.3624153137207,
              19.635150448243778
            ],
            [
              80.36275863647461,
              19.634867508831444
            ],
            [
              80.36378860473633,
              19.633897427061896
            ],
            [
              80.36413192749023,
              19.633614485442017
            ],
            [
              80.3653335571289,
              19.63248271397799
            ],
            [
              80.36580562591553,
              19.63244229342106
            ],
            [
              80.36674976348877,
              19.632280611091627
            ],
            [
              80.36722183227539,
              19.632240190483838
            ],
            [
              80.36816596984863,
              19.63207850795097
            ],
            [
              80.36863803863525,
              19.63203808729231
            ],
            [
              80.37005424499512,
              19.631795563126815
            ],
            [
              80.37031173706055,
              19.631795563126815
            ],
            [
              80.37065505981445,
              19.631472197003188
            ],
            [
              80.3710412979126,
              19.631189251110996
            ],
            [
              80.3713846206665,
              19.6309063047204
            ],
            [
              80.37177085876465,
              19.630623357831396
            ],
            [
              80.37211418151855,
              19.630299989347982
            ],
            [
              80.3725004196167,
              19.630017041390992
            ],
            [
              80.3728437423706,
              19.62973409293563
            ],
            [
              80.37322998046875,
              19.629451143981886
            ],
            [
              80.37357330322266,
              19.629127773138787
            ],
            [
              80.37387371063232,
              19.628885244579294
            ],
            [
              80.37258625030518,
              19.626459938847216
            ],
            [
              80.37241458892822,
              19.62605571766576
            ],
            [
              80.36769390106201,
              19.617162594420066
            ],
            [
              80.36747932434082,
              19.61679877435592
            ],
            [
              80.36670684814453,
              19.6172838675918
            ],
            [
              80.36627769470215,
              19.6175264136608
            ],
            [
              80.36550521850586,
              19.61801150470091
            ],
            [
              80.36507606506348,
              19.618254049672007
            ],
            [
              80.36430358886719,
              19.618739138516275
            ],
            [
              80.3638744354248,
              19.61898168238944
            ],
            [
              80.36310195922852,
              19.6194667690378
            ],
            [
              80.36267280578613,
              19.619709311812993
            ],
            [
              80.36228656768799,
              19.619992277921472
            ],
            [
              80.3618574142456,
              19.62023481990366
            ],
            [
              80.36108493804932,
              19.620719902770023
            ],
            [
              80.36065578460693,
              19.620962443654186
            ],
            [
              80.35988330841064,
              19.621447524324452
            ],
            [
              80.35945415496826,
              19.621690064110552
            ],
            [
              80.35868167877197,
              19.622175142584666
            ],
            [
              80.35825252532959,
              19.622417681272665
            ],
            [
              80.3574800491333,
              19.622902757550545
            ],
            [
              80.35705089569092,
              19.623145295140418
            ],
            [
              80.35666465759277,
              19.623387832364234
            ],
            [
              80.35623550415039,
              19.623630369222003
            ],
            [
              80.3554630279541,
              19.624115441839347
            ],
            [
              80.35503387451172,
              19.624357977598923
            ],
            [
              80.35426139831543,
              19.624843048019855
            ],
            [
              80.35383224487305,
              19.62508558268121
            ],
            [
              80.35305976867676,
              19.625570650905665
            ],
            [
              80.35263061523438,
              19.625813184468758
            ],
            [
              80.35185813903809,
              19.62629825049667
            ],
            [
              80.3514289855957,
              19.62654078296147
            ],
            [
              80.35104274749756,
              19.62678331506017
            ],
            [
              80.35061359405518,
              19.627025846792762
            ],
            [
              80.3501844406128,
              19.62730880001806
            ],
            [
              80.35044193267822,
              19.627713018046904
            ],
            [
              80.35069942474365,
              19.628076813403318
            ],
            [
              80.35091400146484,
              19.628481029499824
            ],
            [
              80.35117149353027,
              19.628844823117113
            ],
            [
              80.35138607025146,
              19.62924903728123
            ],
            [
              80.3516435623169,
              19.62965325042827
            ],
            [
              80.35190105438232,
              19.630017041390992
            ],
            [
              80.35211563110352,
              19.630421252605544
            ],
            [
              80.35237312316895,
              19.630825462802967
            ],
            [
              80.35263061523438,
              19.631189251110996
            ],
            [
              80.35284519195557,
              19.631593459375836
            ],
            [
              80.353102684021,
              19.631957245944502
            ],
            [
              80.35318851470947,
              19.63211892859944
            ],
            [
              80.35275936126709,
              19.632321031689244
            ],
            [
              80.35237312316895,
              19.63256355506133
            ],
            [
              80.35194396972656,
              19.63280607806722
            ],
            [
              80.35151481628418,
              19.633008180292386
            ],
            [
              80.35112857818604,
              19.633250702626896
            ],
            [
              80.35069942474365,
              19.633493224595203
            ],
            [
              80.35031318664551,
              19.633695325955706
            ],
            [
              80.34988403320312,
              19.633937847252618
            ],
            [
              80.34945487976074,
              19.634139948053623
            ],
            [
              80.3490686416626,
              19.63438246867912
            ],
            [
              80.34842491149902,
              19.6347462489307
            ],
            [
              80.3490686416626,
              19.63595884381793
            ],
            [
              80.34932613372803,
              19.636322620498643
            ],
            [
              80.34975528717041,
              19.637131010172027
            ],
            [
              80.35001277923584,
              19.637535203482596
            ],
            [
              80.35044193267822,
              19.638343587051423
            ],
            [
              80.35069942474365,
              19.638707358329604
            ],
            [
              80.3510427479297,
              19.63935406078917
            ],
            [
              80.35104274749756,
              19.63935406078917
            ],
            [
              80.35125732421875,
              19.639758248503632
            ],
            [
              80.35220146179199,
              19.639515735997062
            ]
          ]
        ]
      }
    },
    {
      "type": "Feature",
      "properties": {
        "gid": "326",
        "mine_code": "30CHG17001",
        "mineral_na": "Iron Ore",
        "end_use": "Captive",
        "type_miner": "ML",
        "mode_of_gr": "Pre_Auction",
        "mine_name": "177 KP Rowghat Iron Ore Mines Area 202880 of SAIL",
        "survey_num": "Forest compartment No.-786(P),785(P),784(P),773(P),787(P),789(P),774(P),775(P),783(P),2400(P),2401(P),2402(P),2404(P),2403(P)2422(P)2405(P),2419(P),2406(P),2407(P),2418(P)",
        "lease_area": "2028.80000000",
        "name_of_le": "BHILAI STEEL PLANT (SAIL)",
        "pin_code": "491228.000000",
        "mobile": "9407983618",
        "email_id": "mnsbiswas@sail-bhilaisteel.com",
        "state": "CHHATTISGARH",
        "district": "Narayanpur",
        "taluka": "Narayanpur",
        "mineral_ca": "MAJOR",
        "dispatches_tons_1920_2021_2122": "-/186/129",
        "ibm_regist": "IBM/5662/2011",
        "method_of_": "Opencast",
        "address": "M / s Steel Authority of India Limited, Ravghat Iron and Mines, Tehsil-Antgarh, and Narayanpur, District-Narayanpur and Kanker, Chhattisgarh.",
        "village_na": "Sargipal",
        "reg_id": "0",
        "region": "RAIPUR",
        "psu_privat": "PSU",
        "colour_str": "0",
        "name_of_as": "Nil",
        "ministry_o": "Steel_Ministry",
        "class": "Metallic",
        "area": "2.295185844254425E7"
      },
      "geometry": {
        "type": "Polygon",
        "coordinates": [
          [
            [
              81.17840766906738,
              19.811203438811624
            ],
            [
              81.17523193359375,
              19.808094504261657
            ],
            [
              81.17437362670898,
              19.80607568305419
            ],
            [
              81.1724853515625,
              19.80207834148605
            ],
            [
              81.16995334625244,
              19.797031049604602
            ],
            [
              81.16767883300781,
              19.792589300351114
            ],
            [
              81.16583347320557,
              19.78899543071464
            ],
            [
              81.16355895996094,
              19.784230399845633
            ],
            [
              81.16145610809326,
              19.780030593434578
            ],
            [
              81.15931034088135,
              19.77534606336428
            ],
            [
              81.15707874298096,
              19.770499852860073
            ],
            [
              81.15523338317871,
              19.766218911021685
            ],
            [
              81.15330219268799,
              19.761776302674583
            ],
            [
              81.15119934082031,
              19.756727733872804
            ],
            [
              81.14918231964111,
              19.75192134791159
            ],
            [
              81.14720821380615,
              19.747074425541122
            ],
            [
              81.1395263671875,
              19.751396271765007
            ],
            [
              81.13450527191162,
              19.754183194636052
            ],
            [
              81.13523483276367,
              19.75563722202665
            ],
            [
              81.13828182220459,
              19.762301344655853
            ],
            [
              81.14171504974365,
              19.769651750872534
            ],
            [
              81.14600658416748,
              19.7786979394145
            ],
            [
              81.14952564239502,
              19.785886062326544
            ],
            [
              81.15270137786865,
              19.79210473838987
            ],
            [
              81.15604877471924,
              19.7985250646794
            ],
            [
              81.15918159484863,
              19.80458173886741
            ],
            [
              81.15819454193115,
              19.808780897635934
            ],
            [
              81.16227149963379,
              19.815240925439245
            ],
            [
              81.166090965271,
              19.82161994536145
            ],
            [
              81.16995334625244,
              19.828644645803006
            ],
            [
              81.17385864257812,
              19.83591125050138
            ],
            [
              81.17527484893799,
              19.837364531552435
            ],
            [
              81.1866044998169,
              19.84882883796847
            ],
            [
              81.19123935699463,
              19.853470839220076
            ],
            [
              81.19046688079834,
              19.85855670208517
            ],
            [
              81.19990825653076,
              19.858677792071035
            ],
            [
              81.20750427246094,
              19.858785495142083
            ],
            [
              81.20750427246094,
              19.85879888196447
            ],
            [
              81.20844841003418,
              19.85879888196447
            ],
            [
              81.2074613571167,
              19.8524617200636
            ],
            [
              81.20681762695312,
              19.8479811535143
            ],
            [
              81.2060022354126,
              19.84253164536343
            ],
            [
              81.20312690734863,
              19.83897927267924
            ],
            [
              81.20020866394043,
              19.835265343543707
            ],
            [
              81.19656085968018,
              19.830582439554657
            ],
            [
              81.19570255279541,
              19.829613545633002
            ],
            [
              81.19119644165039,
              19.824768987404443
            ],
            [
              81.18746280670166,
              19.820650996796843
            ],
            [
              81.18248462677002,
              19.815281299787856
            ],
            [
              81.17848840191762,
              19.811284189548694
            ],
            [
              81.17849349975586,
              19.811284189548694
            ],
            [
              81.17840766906738,
              19.811203438811624
            ]
          ]
        ]
      }
    },
    {
      "type": "Feature",
      "properties": {
        "gid": "854",
        "mine_code": "30MPR02005",
        "mineral_na": "Iron Ore",
        "end_use": "Non_Captive",
        "type_miner": "ML",
        "mode_of_gr": "Pre_Auction",
        "mine_name": "40_Area_54004_BACHELI_5.tif",
        "survey_num": "1834,1880,1881,1883,1884,1885,1887,1888,1889,1890  (forest compartment no)",
        "lease_area": "540.040000000",
        "name_of_le": "NATIONAL MINERAL DEV CORPN. LTD.",
        "pin_code": "494553.000000",
        "mobile": "9425266432",
        "email_id": "nmdcbld5@nmdc.co.in",
        "state": "CHHATTISGARH",
        "district": "Dakshin Bastar Dantewada",
        "taluka": "Dantewada",
        "mineral_ca": "MAJOR",
        "dispatches_tons_1920_2021_2122": "7364526/7671901/8639144",
        "ibm_regist": "IBM/270/201",
        "method_of_": "Opencast",
        "address": "/ s National Minerals Development Corporation Limited, Beledila Iron and Project, Kirnadul Complex, Post- Kirnadul, District - South Bastar Dantewada, Chhattisgarh",
        "village_na": "Bade Bacheli (M)",
        "reg_id": "0",
        "region": "RAIPUR",
        "psu_privat": "PSU",
        "colour_str": "0",
        "name_of_as": "Nil",
        "ministry_o": "Steel_Ministry",
        "class": "Metallic",
        "area": "5405886.070141718"
      },
      "geometry": {
        "type": "Polygon",
        "coordinates": [
          [
            [
              81.2023115158081,
              18.697350515427516
            ],
            [
              81.2043285369873,
              18.697228563909547
            ],
            [
              81.20694637298584,
              18.696984660610074
            ],
            [
              81.20879173278809,
              18.69686270882857
            ],
            [
              81.20810508728027,
              18.695480582499016
            ],
            [
              81.20750427246094,
              18.694342352344332
            ],
            [
              81.20750427246094,
              18.69437582903876
            ],
            [
              81.20737552642822,
              18.694139096154416
            ],
            [
              81.20703220367432,
              18.693366720407653
            ],
            [
              81.20608806610107,
              18.69149674348415
            ],
            [
              81.2054443359375,
              18.69019587779404
            ],
            [
              81.20497226715088,
              18.689260874407665
            ],
            [
              81.20437145233154,
              18.688163255150727
            ],
            [
              81.2037706375122,
              18.68690301686241
            ],
            [
              81.20325565338135,
              18.685886688832948
            ],
            [
              81.20256900787354,
              18.684463819348487
            ],
            [
              81.20188236236572,
              18.683162899648295
            ],
            [
              81.20132446289062,
              18.68206524088194
            ],
            [
              81.20089530944824,
              18.681170847000182
            ],
            [
              81.19999408721924,
              18.680439066676595
            ],
            [
              81.19892120361328,
              18.679463354662946
            ],
            [
              81.19789123535156,
              18.67860960204287
            ],
            [
              81.19686126708984,
              18.6777151899233
            ],
            [
              81.19497299194336,
              18.676088973977354
            ],
            [
              81.19385719299316,
              18.67511323692084
            ],
            [
              81.19291305541992,
              18.674300118416753
            ],
            [
              81.19222640991211,
              18.673730933143297
            ],
            [
              81.19136810302734,
              18.672999120697984
            ],
            [
              81.1906385421753,
              18.672389274580482
            ],
            [
              81.18947982788086,
              18.67133220278037
            ],
            [
              81.18827819824219,
              18.67031578137295
            ],
            [
              81.18741989135742,
              18.66958395418689
            ],
            [
              81.18626117706299,
              18.66856752229993
            ],
            [
              81.18527412414551,
              18.667713714806695
            ],
            [
              81.18424415588379,
              18.66681924520325
            ],
            [
              81.18269920349121,
              18.6670631919266
            ],
            [
              81.18149757385254,
              18.66726648059468
            ],
            [
              81.18029594421387,
              18.66742911135369
            ],
            [
              81.17913722991943,
              18.667591741956745
            ],
            [
              81.1783218383789,
              18.667713714806695
            ],
            [
              81.17849349975586,
              18.668486207485785
            ],
            [
              81.17986679077148,
              18.674096838181327
            ],
            [
              81.18046760559082,
              18.67661749587117
            ],
            [
              81.1808967590332,
              18.678365671932905
            ],
            [
              81.18274211883545,
              18.68572407578241
            ],
            [
              81.18317127227783,
              18.686130608116095
            ],
            [
              81.18467330932617,
              18.68767542208682
            ],
            [
              81.18591785430908,
              18.688854349586272
            ],
            [
              81.18759155273438,
              18.6905617472793
            ],
            [
              81.18887901306152,
              18.691781306521914
            ],
            [
              81.19025230407715,
              18.693163463046652
            ],
            [
              81.19136810302734,
              18.694261049897644
            ],
            [
              81.19377136230469,
              18.695114723640884
            ],
            [
              81.1955738067627,
              18.695724487965254
            ],
            [
              81.19784832000732,
              18.696496852956997
            ],
            [
              81.19917869567871,
              18.696944010025994
            ],
            [
              81.20080947875977,
              18.697472466857636
            ],
            [
              81.2023115158081,
              18.697350515427516
            ]
          ]
        ]
      }
    },
    {
      "type": "Feature",
      "properties": {
        "gid": "1138",
        "mine_code": "30CHG03004",
        "mineral_na": "Iron Ore",
        "end_use": "Non_Captive",
        "type_miner": "ML",
        "mode_of_gr": "Pre_Auction",
        "mine_name": "42_Area_66523_BACHELI DEPOSIT -4.tif",
        "survey_num": "NA (Forest Land) Govt waste land",
        "lease_area": "413.750000000",
        "name_of_le": "NMDC/CMDC LIMITED",
        "pin_code": "500028.000000",
        "mobile": "9977646849",
        "email_id": "ceonmdccmdc@gmail.com",
        "state": "CHHATTISGARH",
        "district": "Dakshin Bastar Dantewada",
        "taluka": "Dantewada",
        "mineral_ca": "MAJOR",
        "dispatches_tons_1920_2021_2122": "NA",
        "ibm_regist": "22044",
        "method_of_": "Opencast",
        "address": "Mr. P.K. Satapathi, Director (Production) and Naminated Owner, NMDC Limited, Mineral Building, Kasal Hill, Masab Tank, Hyderabad-500028.",
        "village_na": "Bade Bacheli (M)",
        "reg_id": "0",
        "region": "RAIPUR",
        "psu_privat": "PSU",
        "colour_str": "0",
        "name_of_as": "Nil",
        "ministry_o": "Steel_Ministry",
        "class": "Metallic",
        "area": "6449539.192410812"
      },
      "geometry": {
        "type": "Polygon",
        "coordinates": [
          [
            [
              81.20767816605958,
              18.72895982249114
            ],
            [
              81.21437072753906,
              18.72844528387749
            ],
            [
              81.21437072753906,
              18.728427945950827
            ],
            [
              81.21977806091309,
              18.727998210075242
            ],
            [
              81.21917724609375,
              18.718202932735167
            ],
            [
              81.21823310852051,
              18.71816228724852
            ],
            [
              81.21801853179932,
              18.71397574979924
            ],
            [
              81.2169885635376,
              18.702147205448266
            ],
            [
              81.21595859527588,
              18.690886963936023
            ],
            [
              81.21437072753906,
              18.692334145749086
            ],
            [
              81.21437072753906,
              18.69230977946634
            ],
            [
              81.2080192565918,
              18.69812287300133
            ],
            [
              81.20750427246094,
              18.698204173593595
            ],
            [
              81.20750427246094,
              18.698218472268053
            ],
            [
              81.19947910308838,
              18.699708227507795
            ],
            [
              81.20055198669434,
              18.710967882222917
            ],
            [
              81.20274066925049,
              18.72933942793382
            ],
            [
              81.20750427246094,
              18.728973191807427
            ],
            [
              81.20750427246094,
              18.72897364230078
            ],
            [
              81.20767816605958,
              18.72895982249114
            ]
          ]
        ]
      }
    },
    {
      "type": "Feature",
      "properties": {
        "gid": "2544",
        "mine_code": "30MPR48001",
        "mineral_na": "Iron Ore",
        "end_use": "Non_Captive",
        "type_miner": "ML",
        "mode_of_gr": "Pre_Auction",
        "mine_name": "97 KP NMDC VIll- Bacheli 10N Area 30934_modified.",
        "survey_num": "1839,1840,1841,1842,1843,1844     (forest compartment no)",
        "lease_area": "309.340000000",
        "name_of_le": "NATIONAL MINERAL DEV CORPN. LTD.",
        "pin_code": "494553.000000",
        "mobile": "9425266332",
        "email_id": "pksatpathy@nmdc.co.in",
        "state": "CHHATTISGARH",
        "district": "Dakshin Bastar Dantewada",
        "taluka": "Dantewada",
        "mineral_ca": "MAJOR",
        "dispatches_tons_1920_2021_2122": "4695454/4548150/5586711",
        "ibm_regist": "IBM/270/201",
        "method_of_": "Opencast",
        "address": "/ s National Minerals Development Corporation Limited, Beledila Iron and Project, Kirnadul Complex, Post- Kirnadul, District - South Bastar Dantewada, Chhattisgarh",
        "village_na": "Bade Bacheli (M)",
        "reg_id": "0",
        "region": "RAIPUR",
        "psu_privat": "PSU",
        "colour_str": "0",
        "name_of_as": "Nil",
        "ministry_o": "Steel_Ministry",
        "class": "Metallic",
        "area": "3095828.2709132973"
      },
      "geometry": {
        "type": "Polygon",
        "coordinates": [
          [
            [
              81.23788833618164,
              18.70235045202358
            ],
            [
              81.23758792877197,
              18.700074076439265
            ],
            [
              81.23763084411621,
              18.69857002577562
            ],
            [
              81.23745918273926,
              18.69710661230373
            ],
            [
              81.23733043670654,
              18.695683837078615
            ],
            [
              81.23758792877197,
              18.694952119450186
            ],
            [
              81.2378454208374,
              18.69389518840446
            ],
            [
              81.24050617218018,
              18.692797599182054
            ],
            [
              81.24127864837646,
              18.691212179968243
            ],
            [
              81.2418794631958,
              18.690765007762934
            ],
            [
              81.24179363250732,
              18.68966739825335
            ],
            [
              81.23690128326416,
              18.689342179254858
            ],
            [
              81.23398303985596,
              18.689423484063024
            ],
            [
              81.23016357421875,
              18.689545441202092
            ],
            [
              81.22904777526855,
              18.689586093562273
            ],
            [
              81.22889082700813,
              18.690886963936023
            ],
            [
              81.2288761138916,
              18.690886963936023
            ],
            [
              81.22664451599121,
              18.69064305150203
            ],
            [
              81.22664451599121,
              18.689951964364777
            ],
            [
              81.2204647064209,
              18.690439790872034
            ],
            [
              81.21861934661865,
              18.690602399395544
            ],
            [
              81.21823310852051,
              18.702634996818972
            ],
            [
              81.22033596038818,
              18.702594347591777
            ],
            [
              81.22029304504395,
              18.705805606459116
            ],
            [
              81.21814727783203,
              18.70584625491498
            ],
            [
              81.21801853179932,
              18.70905745207131
            ],
            [
              81.22007846832275,
              18.709098099745958
            ],
            [
              81.22003555297852,
              18.711862118710865
            ],
            [
              81.21793270111084,
              18.711740177649954
            ],
            [
              81.2178897857666,
              18.71283764403355
            ],
            [
              81.21767520904541,
              18.720072614559523
            ],
            [
              81.21840476989746,
              18.720072614559523
            ],
            [
              81.21930599212646,
              18.720113259586974
            ],
            [
              81.22600078582764,
              18.720153904604643
            ],
            [
              81.2279748916626,
              18.700521224059482
            ],
            [
              81.2279748916626,
              18.70044287021228
            ],
            [
              81.2308931350708,
              18.700643173205446
            ],
            [
              81.2317943572998,
              18.70125291761739
            ],
            [
              81.23385429382324,
              18.702106556103917
            ],
            [
              81.23608589172363,
              18.702553698354816
            ],
            [
              81.23788833618164,
              18.70235045202358
            ]
          ]
        ]
      }
    },
    {
      "type": "Feature",
      "properties": {
        "gid": "2545",
        "mine_code": "30CHG03002",
        "mineral_na": "Iron Ore",
        "end_use": "Non_Captive",
        "type_miner": "ML",
        "mode_of_gr": "Pre_Auction",
        "mine_name": "43_Area_87492_BACHELI -  11C.tif",
        "survey_num": "1848,1849,1852,1853,1854,1855,1860     (forest compartment no)",
        "lease_area": "874.920000000",
        "name_of_le": "NATIONAL MINERAL DEV CORPN. LTD.",
        "pin_code": "494553.000000",
        "mobile": "9425266432",
        "email_id": "bld14@nmdc.co.in",
        "state": "CHHATTISGARH",
        "district": "Dakshin Bastar Dantewada",
        "taluka": "Kuakonda",
        "mineral_ca": "MAJOR",
        "dispatches_tons_1920_2021_2122": "4720792/4729719/5027934",
        "ibm_regist": "IBM/270/201",
        "method_of_": "Opencast",
        "address": "/ s National Minerals Development Corporation Limited, Beledila Iron and Project, Kirnadul Complex, Post- Kirnadul, District - South Bastar Dantewada, Chhattisgarh",
        "village_na": "Kirandul (M)",
        "reg_id": "0",
        "region": "RAIPUR",
        "psu_privat": "PSU",
        "colour_str": "0",
        "name_of_as": "Nil",
        "ministry_o": "Steel_Ministry",
        "class": "Metallic",
        "area": "3095828.2709132973"
      },
      "geometry": {
        "type": "Polygon",
        "coordinates": [
          [
            [
              81.22600078582764,
              18.720153904604643
            ],
            [
              81.2279748916626,
              18.700521224059482
            ],
            [
              81.2279748916626,
              18.700439924580028
            ],
            [
              81.22891902923584,
              18.690886963936023
            ],
            [
              81.2288761138916,
              18.690886963936023
            ],
            [
              81.22664451599121,
              18.69064305150203
            ],
            [
              81.22664451599121,
              18.689951964364777
            ],
            [
              81.2204647064209,
              18.690439790872034
            ],
            [
              81.21861934661865,
              18.690602399395544
            ],
            [
              81.21823310852051,
              18.702634996818972
            ],
            [
              81.22033596038818,
              18.702594347591777
            ],
            [
              81.22029304504395,
              18.705805606459116
            ],
            [
              81.21814727783203,
              18.70584625491498
            ],
            [
              81.21801853179932,
              18.70905745207131
            ],
            [
              81.22007846832275,
              18.709098099745958
            ],
            [
              81.22003555297852,
              18.711862118710865
            ],
            [
              81.21793270111084,
              18.711740177649954
            ],
            [
              81.2178897857666,
              18.71283764403355
            ],
            [
              81.21767520904541,
              18.720072614559523
            ],
            [
              81.21840476989746,
              18.720072614559523
            ],
            [
              81.21930599212646,
              18.720113259586974
            ],
            [
              81.22600078582764,
              18.720153904604643
            ]
          ]
        ]
      }
    },
    {
      "type": "Feature",
      "properties": {
        "gid": "1397",
        "mine_code": "30MPR02002",
        "mineral_na": "Iron Ore",
        "end_use": "Non_Captive",
        "type_miner": "ML",
        "mode_of_gr": "Pre_Auction",
        "mine_name": "96_Area_50674_KIRANDUL  - 14 NMZ.tif",
        "survey_num": "1861,1859,1855,1860,1854  (forest compartment no)",
        "lease_area": "506.740000000",
        "name_of_le": "NATIONAL MINERAL DEV CORPN. LTD.",
        "pin_code": "494553.000000",
        "mobile": "9425266432",
        "email_id": "bld14@nmdc.co.in",
        "state": "CHHATTISGARH",
        "district": "Dakshin Bastar Dantewada",
        "taluka": "Dantewada",
        "mineral_ca": "MAJOR",
        "dispatches_tons_1920_2021_2122": "4746224/5078182/5744199",
        "ibm_regist": "IBM/270/201",
        "method_of_": "Opencast",
        "address": "/ s National Minerals Development Corporation Limited, Beledila Iron and Project, Kirnadul Complex, Post- Kirnadul, District - South Bastar Dantewada, Chhattisgarh",
        "village_na": "Bade Bacheli (M)",
        "reg_id": "0",
        "region": "RAIPUR",
        "psu_privat": "PSU",
        "colour_str": "0",
        "name_of_as": "Nil",
        "ministry_o": "Steel_Ministry",
        "class": "Metallic",
        "area": "8667390.890670026"
      },
      "geometry": {
        "type": "MultiPolygon",
        "coordinates": [
          [
            [
              [
                81.23192310333252,
                18.626197225806102
              ],
              [
                81.23132228851318,
                18.63384255225595
              ],
              [
                81.23102188110352,
                18.63908834854869
              ],
              [
                81.23085708560953,
                18.642992091820688
              ],
              [
                81.23085021972656,
                18.642992091820688
              ],
              [
                81.23080730438232,
                18.644171329954325
              ],
              [
                81.23067855834961,
                18.648888200597078
              ],
              [
                81.23067855834961,
                18.64949813119842
              ],
              [
                81.2306972173156,
                18.64949813119842
              ],
              [
                81.23076438903809,
                18.65169386321854
              ],
              [
                81.22642993927002,
                18.651734524654774
              ],
              [
                81.22501373291016,
                18.65653250573821
              ],
              [
                81.22381210327148,
                18.66063914451362
              ],
              [
                81.2224817276001,
                18.664379758671345
              ],
              [
                81.2208080291748,
                18.66816094783927
              ],
              [
                81.22063636779785,
                18.670071839328536
              ],
              [
                81.21969223022461,
                18.675967007152448
              ],
              [
                81.21917724609375,
                18.680032520686943
              ],
              [
                81.21887683868408,
                18.684301204932222
              ],
              [
                81.21857643127441,
                18.69048044301755
              ],
              [
                81.22063636779785,
                18.690439790872034
              ],
              [
                81.22891902923584,
                18.689911312092416
              ],
              [
                81.22874736785889,
                18.688569781630772
              ],
              [
                81.22827529907227,
                18.685195582290184
              ],
              [
                81.22801780700684,
                18.68226851156033
              ],
              [
                81.2279748916626,
                18.679260080619695
              ],
              [
                81.2257432937622,
                18.679422699873797
              ],
              [
                81.22625827789307,
                18.676007662770502
              ],
              [
                81.2270736694336,
                18.67141351622974
              ],
              [
                81.2274169921875,
                18.668486207485785
              ],
              [
                81.23282432556152,
                18.666453324460313
              ],
              [
                81.2372875213623,
                18.664664367241343
              ],
              [
                81.23904705047607,
                18.66376988155613
              ],
              [
                81.2393045425415,
                18.66234682642664
              ],
              [
                81.23973369598389,
                18.658240228984074
              ],
              [
                81.24011993408203,
                18.65490608666932
              ],
              [
                81.24037742614746,
                18.653157668786246
              ],
              [
                81.24072074890137,
                18.651734524654774
              ],
              [
                81.24084949493408,
                18.65128724832055
              ],
              [
                81.24145030975342,
                18.650961955700875
              ],
              [
                81.24265193939209,
                18.65051467733099
              ],
              [
                81.24505519866943,
                18.649701440911908
              ],
              [
                81.24555587708593,
                18.64949813119842
              ],
              [
                81.2455701828003,
                18.64949813119842
              ],
              [
                81.24655723571777,
                18.649091511041
              ],
              [
                81.24758720397949,
                18.64949813119842
              ],
              [
                81.2502908706665,
                18.650148721424515
              ],
              [
                81.25149250030518,
                18.650270706814325
              ],
              [
                81.25346660614014,
                18.64860356556654
              ],
              [
                81.25436782836914,
                18.64762767041045
              ],
              [
                81.25471115112305,
                18.647058395645622
              ],
              [
                81.25514030456543,
                18.646001166018547
              ],
              [
                81.25539779663086,
                18.644659288166093
              ],
              [
                81.25531196594238,
                18.644171329954325
              ],
              [
                81.25496864318848,
                18.642992091820688
              ],
              [
                81.25496024742391,
                18.642992091820688
              ],
              [
                81.25475406646729,
                18.642300810487125
              ],
              [
                81.25097751617432,
                18.631239926544286
              ],
              [
                81.25205039978027,
                18.627335913243193
              ],
              [
                81.25338077545166,
                18.623309805613694
              ],
              [
                81.25501155853271,
                18.61822620020049
              ],
              [
                81.25063419342041,
                18.61448456953624
              ],
              [
                81.2450122833252,
                18.609441371902715
              ],
              [
                81.24402523040771,
                18.610702185325838
              ],
              [
                81.24574184417725,
                18.612247685808644
              ],
              [
                81.24303817749023,
                18.609848086930945
              ],
              [
                81.24114990234375,
                18.608180549137327
              ],
              [
                81.23939037322998,
                18.606594339486197
              ],
              [
                81.23793125152588,
                18.60529282308932
              ],
              [
                81.2354850769043,
                18.60313716466401
              ],
              [
                81.23157978057861,
                18.60700106131903
              ],
              [
                81.23020648956299,
                18.608424580079063
              ],
              [
                81.2288761138916,
                18.60972607252455
              ],
              [
                81.22110843658447,
                18.61741280923174
              ],
              [
                81.221923828125,
                18.61806352231794
              ],
              [
                81.2233829498291,
                18.6192836026441
              ],
              [
                81.2244987487793,
                18.62021899163297
              ],
              [
                81.2259578704834,
                18.621398387807094
              ],
              [
                81.22733116149902,
                18.622577775801027
              ],
              [
                81.22891902923584,
                18.623879159955685
              ],
              [
                81.23085021972656,
                18.625505876140835
              ],
              [
                81.23183727264404,
                18.626278560875992
              ],
              [
                81.23385429382324,
                18.624245172454422
              ],
              [
                81.23192310333252,
                18.626197225806102
              ]
            ],
            [
              [
                81.23943328857422,
                18.618632894226074
              ],
              [
                81.2384033203125,
                18.619649625035088
              ],
              [
                81.2400770187378,
                18.617982183318322
              ],
              [
                81.23943328857422,
                18.618632894226074
              ]
            ]
          ],
          [
            [
              [
                81.24136447906494,
                18.68775672769503
              ],
              [
                81.24119281768799,
                18.6870249758162
              ],
              [
                81.24093532562256,
                18.686618445628778
              ],
              [
                81.24067783355713,
                18.686455833280643
              ],
              [
                81.2404203414917,
                18.686333873917107
              ],
              [
                81.24003410339355,
                18.686293220776413
              ],
              [
                81.23509883880615,
                18.6870249758162
              ],
              [
                81.2352705001831,
                18.689301526836136
              ],
              [
                81.23908996582031,
                18.68877304450491
              ],
              [
                81.24149322509766,
                18.68877304450491
              ],
              [
                81.24136447906494,
                18.68775672769503
              ]
            ]
          ]
        ]
      }
    },
    {
      "type": "Feature",
      "properties": {
        "gid": "2290",
        "mine_code": "BMCRAI22",
        "mineral_na": "Tin Ore",
        "end_use": "Captive",
        "type_miner": "ML",
        "mode_of_gr": "Pre_Auction",
        "mine_name": "183 KP NARELI 1640 Ha PRECIOUS MINERALS AND SMELT",
        "survey_num": "164,167,168,170,172,200,000,000,000,000",
        "lease_area": "16.4000000000",
        "name_of_le": "PRECIOUS MINERALS AND SMELTING LTD.",
        "pin_code": "494001.000000",
        "mobile": "9425258462",
        "email_id": "pmsl10@rediffmail.com/pmasl1996@gmail.com",
        "state": "CHHATTISGARH",
        "district": "Dakshin Bastar Dantewada",
        "taluka": "Dantewada",
        "mineral_ca": "MAJOR",
        "dispatches_tons_1920_2021_2122": "NA",
        "ibm_regist": "IBM/9859/2012",
        "method_of_": "Opencast",
        "address": "M / s Precious Minerals & Smelting Limited, Semi Araban Industrial State Frazarpur Jagdalpur, Jagdalpur-494001",
        "village_na": "Nerli",
        "reg_id": "0",
        "region": "RAIPUR",
        "psu_privat": "Private",
        "colour_str": "0",
        "name_of_as": "Nil",
        "ministry_o": "-",
        "class": "Metallic",
        "area": "98669.02928762586"
      },
      "geometry": {
        "type": "Polygon",
        "coordinates": [
          [
            [
              81.26737117767334,
              18.72056035424399
            ],
            [
              81.26741409301758,
              18.720438419454783
            ],
            [
              81.26741409301758,
              18.720357129546457
            ],
            [
              81.26745700836182,
              18.720275839599044
            ],
            [
              81.26762866973877,
              18.720113259586974
            ],
            [
              81.26771450042725,
              18.71999132447532
            ],
            [
              81.26771450042725,
              18.71995067941857
            ],
            [
              81.26749992370605,
              18.719747453988223
            ],
            [
              81.26737117767334,
              18.719381647598052
            ],
            [
              81.26728534698486,
              18.71925971195879
            ],
            [
              81.26724243164062,
              18.719097130969665
            ],
            [
              81.26728534698486,
              18.719056485697955
            ],
            [
              81.26728534698486,
              18.71885325919286
            ],
            [
              81.26724243164062,
              18.71881261386253
            ],
            [
              81.26711368560791,
              18.718650032443506
            ],
            [
              81.26711368560791,
              18.7184468054499
            ],
            [
              81.26724243164062,
              18.718202932735167
            ],
            [
              81.2673282623291,
              18.71824357821205
            ],
            [
              81.26737117767334,
              18.718202932735167
            ],
            [
              81.26745700836182,
              18.71804035072995
            ],
            [
              81.2675428390503,
              18.71795905966872
            ],
            [
              81.26745700836182,
              18.71791841412345
            ],
            [
              81.26728534698486,
              18.71779647742902
            ],
            [
              81.26719951629639,
              18.717755831844674
            ],
            [
              81.26694202423096,
              18.717593249409582
            ],
            [
              81.26689910888672,
              18.717511958133418
            ],
            [
              81.26685619354248,
              18.7173900211459
            ],
            [
              81.26685619354248,
              18.71718679263798
            ],
            [
              81.26681327819824,
              18.71706485541599
            ],
            [
              81.26689910888672,
              18.716902272316574
            ],
            [
              81.26689910888672,
              18.716414522080463
            ],
            [
              81.26685619354248,
              18.716373876163953
            ],
            [
              81.26681327819824,
              18.716373876163953
            ],
            [
              81.266770362854,
              18.716414522080463
            ],
            [
              81.266770362854,
              18.716211292400228
            ],
            [
              81.26672744750977,
              18.716170646434872
            ],
            [
              81.26659870147705,
              18.716170646434872
            ],
            [
              81.26646995544434,
              18.716211292400228
            ],
            [
              81.2664270401001,
              18.716211292400228
            ],
            [
              81.26629829406738,
              18.71625193835581
            ],
            [
              81.26616954803467,
              18.71625193835581
            ],
            [
              81.26595497131348,
              18.716292584301627
            ],
            [
              81.26569747924805,
              18.716048708480194
            ],
            [
              81.26561164855957,
              18.716008062475762
            ],
            [
              81.26556873321533,
              18.716008062475762
            ],
            [
              81.26548290252686,
              18.715967416461567
            ],
            [
              81.26548290252686,
              18.715926770437594
            ],
            [
              81.26543998718262,
              18.715845478360354
            ],
            [
              81.26535415649414,
              18.71580483230708
            ],
            [
              81.2653112411499,
              18.715723540171222
            ],
            [
              81.2653112411499,
              18.715642247996293
            ],
            [
              81.26526832580566,
              18.715560955782287
            ],
            [
              81.26513957977295,
              18.715439017388015
            ],
            [
              81.26483917236328,
              18.715439017388015
            ],
            [
              81.26428127288818,
              18.715479663529205
            ],
            [
              81.26393795013428,
              18.715479663529205
            ],
            [
              81.26368045806885,
              18.715601601894175
            ],
            [
              81.26355171203613,
              18.715642247996293
            ],
            [
              81.2632942199707,
              18.715764186244037
            ],
            [
              81.26342296600342,
              18.716008062475762
            ],
            [
              81.26338005065918,
              18.716048708480194
            ],
            [
              81.26325130462646,
              18.716008062475762
            ],
            [
              81.26320838928223,
              18.715967416461567
            ],
            [
              81.26316547393799,
              18.715967416461567
            ],
            [
              81.26307964324951,
              18.716089354474853
            ],
            [
              81.26303672790527,
              18.716130000459753
            ],
            [
              81.26286506652832,
              18.716333230237673
            ],
            [
              81.2627363204956,
              18.71625193835581
            ],
            [
              81.26277923583984,
              18.7164551679872
            ],
            [
              81.26282215118408,
              18.716495813884173
            ],
            [
              81.26290798187256,
              18.716617751516466
            ],
            [
              81.26303672790527,
              18.71678033488943
            ],
            [
              81.26312255859375,
              18.716902272316574
            ],
            [
              81.2632942199707,
              18.71710550116642
            ],
            [
              81.2635087966919,
              18.717511958133418
            ],
            [
              81.26355171203613,
              18.717674540646666
            ],
            [
              81.26368045806885,
              18.717877768568407
            ],
            [
              81.26372337341309,
              18.71804035072995
            ],
            [
              81.26372337341309,
              18.71836551458407
            ],
            [
              81.26380920410156,
              18.71873132317256
            ],
            [
              81.26389503479004,
              18.71897519512523
            ],
            [
              81.26389503479004,
              18.719137776231598
            ],
            [
              81.26393795013428,
              18.719219066726165
            ],
            [
              81.26398086547852,
              18.719462937975372
            ],
            [
              81.26402378082275,
              18.719503583149375
            ],
            [
              81.26410961151123,
              18.719625518612762
            ],
            [
              81.2641954421997,
              18.719584873468072
            ],
            [
              81.26449584960938,
              18.719462937975372
            ],
            [
              81.26471042633057,
              18.719422292791595
            ],
            [
              81.264967918396,
              18.719341002394735
            ],
            [
              81.26501083374023,
              18.719341002394735
            ],
            [
              81.264967918396,
              18.719056485697955
            ],
            [
              81.26488208770752,
              18.718690677812916
            ],
            [
              81.26483917236328,
              18.718609387064326
            ],
            [
              81.2647533416748,
              18.718568741675377
            ],
            [
              81.26453876495361,
              18.71836551458407
            ],
            [
              81.2644100189209,
              18.71816228724852
            ],
            [
              81.26436710357666,
              18.71804035072995
            ],
            [
              81.26428127288818,
              18.71791841412345
            ],
            [
              81.2641954421997,
              18.717715186250555
            ],
            [
              81.26410961151123,
              18.71747131248068
            ],
            [
              81.26406669616699,
              18.71747131248068
            ],
            [
              81.26393795013428,
              18.717430666818174
            ],
            [
              81.2638521194458,
              18.717430666818174
            ],
            [
              81.2638521194458,
              18.717349375463854
            ],
            [
              81.26389503479004,
              18.717268084070454
            ],
            [
              81.26389503479004,
              18.71718679263798
            ],
            [
              81.26380920410156,
              18.716902272316574
            ],
            [
              81.26376628875732,
              18.716739689060837
            ],
            [
              81.26372337341309,
              18.716617751516466
            ],
            [
              81.26372337341309,
              18.716577105648806
            ],
            [
              81.26376628875732,
              18.716577105648806
            ],
            [
              81.2638521194458,
              18.716536459771373
            ],
            [
              81.2638521194458,
              18.7164551679872
            ],
            [
              81.26380920410156,
              18.716414522080463
            ],
            [
              81.2638521194458,
              18.716333230237673
            ],
            [
              81.26406669616699,
              18.716333230237673
            ],
            [
              81.26415252685547,
              18.716373876163953
            ],
            [
              81.26410961151123,
              18.7164551679872
            ],
            [
              81.26415252685547,
              18.716495813884173
            ],
            [
              81.26436710357666,
              18.716414522080463
            ],
            [
              81.26453876495361,
              18.716414522080463
            ],
            [
              81.26462459564209,
              18.716373876163953
            ],
            [
              81.26462459564209,
              18.716292584301627
            ],
            [
              81.26458168029785,
              18.716211292400228
            ],
            [
              81.26453876495361,
              18.716170646434872
            ],
            [
              81.26449584960938,
              18.716089354474853
            ],
            [
              81.26445293426514,
              18.715967416461567
            ],
            [
              81.26445293426514,
              18.715845478360354
            ],
            [
              81.26449584960938,
              18.71580483230708
            ],
            [
              81.26458168029785,
              18.715845478360354
            ],
            [
              81.26458168029785,
              18.715926770437594
            ],
            [
              81.26462459564209,
              18.716008062475762
            ],
            [
              81.26462459564209,
              18.716048708480194
            ],
            [
              81.26471042633057,
              18.716170646434872
            ],
            [
              81.2647533416748,
              18.716211292400228
            ],
            [
              81.26513957977295,
              18.716211292400228
            ],
            [
              81.26526832580566,
              18.716170646434872
            ],
            [
              81.26539707183838,
              18.716373876163953
            ],
            [
              81.26543998718262,
              18.716414522080463
            ],
            [
              81.2655258178711,
              18.716414522080463
            ],
            [
              81.26565456390381,
              18.7164551679872
            ],
            [
              81.26574039459229,
              18.716495813884173
            ],
            [
              81.26578330993652,
              18.716577105648806
            ],
            [
              81.26582622528076,
              18.716617751516466
            ],
            [
              81.265869140625,
              18.716617751516466
            ],
            [
              81.26591205596924,
              18.716658397374363
            ],
            [
              81.26591205596924,
              18.716739689060837
            ],
            [
              81.26595497131348,
              18.71694291810608
            ],
            [
              81.26599788665771,
              18.71710550116642
            ],
            [
              81.26599788665771,
              18.71718679263798
            ],
            [
              81.26595497131348,
              18.71718679263798
            ],
            [
              81.26565456390381,
              18.71702420965579
            ],
            [
              81.26561164855957,
              18.716983563885822
            ],
            [
              81.26556873321533,
              18.71702420965579
            ],
            [
              81.26565456390381,
              18.71710550116642
            ],
            [
              81.265869140625,
              18.7173900211459
            ],
            [
              81.26616954803467,
              18.71747131248068
            ],
            [
              81.26616954803467,
              18.717552603776387
            ],
            [
              81.2662124633789,
              18.71763389503301
            ],
            [
              81.26625537872314,
              18.717674540646666
            ],
            [
              81.26625537872314,
              18.717755831844674
            ],
            [
              81.26634120941162,
              18.7178371230036
            ],
            [
              81.26634120941162,
              18.717877768568407
            ],
            [
              81.26625537872314,
              18.717877768568407
            ],
            [
              81.2662124633789,
              18.71791841412345
            ],
            [
              81.2662124633789,
              18.7181216417521
            ],
            [
              81.26616954803467,
              18.71816228724852
            ],
            [
              81.26604080200195,
              18.718202932735167
            ],
            [
              81.26599788665771,
              18.71824357821205
            ],
            [
              81.26604080200195,
              18.71828422367916
            ],
            [
              81.26646995544434,
              18.71828422367916
            ],
            [
              81.26651287078857,
              18.718324869136502
            ],
            [
              81.26646995544434,
              18.718406160021875
            ],
            [
              81.26638412475586,
              18.718487450868164
            ],
            [
              81.2662124633789,
              18.718487450868164
            ],
            [
              81.26625537872314,
              18.718528096276657
            ],
            [
              81.26638412475586,
              18.718568741675377
            ],
            [
              81.2664270401001,
              18.718650032443506
            ],
            [
              81.2664270401001,
              18.718690677812916
            ],
            [
              81.26638412475586,
              18.71873132317256
            ],
            [
              81.26629829406738,
              18.71877196852243
            ],
            [
              81.26625537872314,
              18.71881261386253
            ],
            [
              81.26616954803467,
              18.71881261386253
            ],
            [
              81.26612663269043,
              18.71889390451342
            ],
            [
              81.26608371734619,
              18.71901584041648
            ],
            [
              81.26612663269043,
              18.719137776231598
            ],
            [
              81.26616954803467,
              18.71930035718165
            ],
            [
              81.26625537872314,
              18.719341002394735
            ],
            [
              81.26625537872314,
              18.719462937975372
            ],
            [
              81.26629829406738,
              18.71954422831361
            ],
            [
              81.26629829406738,
              18.71982874418967
            ],
            [
              81.26638412475586,
              18.71991003435204
            ],
            [
              81.26655578613281,
              18.71991003435204
            ],
            [
              81.26664161682129,
              18.71995067941857
            ],
            [
              81.266770362854,
              18.72003196952231
            ],
            [
              81.26681327819824,
              18.720072614559523
            ],
            [
              81.26689910888672,
              18.720072614559523
            ],
            [
              81.26702785491943,
              18.720113259586974
            ],
            [
              81.26715660095215,
              18.720194549612547
            ],
            [
              81.2673282623291,
              18.72031648457763
            ],
            [
              81.2673282623291,
              18.72056035424399
            ],
            [
              81.26737117767334,
              18.72056035424399
            ]
          ]
        ]
      }
    },
    {
      "type": "Feature",
      "properties": {
        "gid": "1060",
        "mine_code": "60CHG03001",
        "mineral_na": "Tin Ore",
        "end_use": "Captive",
        "type_miner": "ML",
        "mode_of_gr": "Pre_Auction",
        "mine_name": "95 KPPrecious Mineral Tin Bade bacheli 774 Ha_mod",
        "survey_num": "707,174",
        "lease_area": "7.74000000000",
        "name_of_le": "PRECIOUS MINERALS AND SMELTING LTD",
        "pin_code": "494001.000000",
        "mobile": "9425258462",
        "email_id": "pmsl10@rediffmail.com/pmasl1996@gmail.com",
        "state": "CHHATTISGARH",
        "district": "Kathua",
        "taluka": "Kathua",
        "mineral_ca": "MAJOR",
        "dispatches_tons_1920_2021_2122": "NA",
        "ibm_regist": "IBM/9859/2012",
        "method_of_": "Opencast",
        "address": "M / s Precious Minerals & Smelting Limited, Semi Araban Industrial State Frazarpur Jagdalpur, Jagdalpur-494001",
        "village_na": "Taraf Manjali (OG)",
        "reg_id": "0",
        "region": "RAIPUR",
        "psu_privat": "Private",
        "colour_str": "0",
        "name_of_as": "Nil",
        "ministry_o": "-",
        "class": "Metallic",
        "area": "64223.339515748085"
      },
      "geometry": {
        "type": "Polygon",
        "coordinates": [
          [
            [
              81.26282215118408,
              18.710317525444413
            ],
            [
              81.26299381256104,
              18.710276878062743
            ],
            [
              81.2632942199707,
              18.710276878062743
            ],
            [
              81.26355171203613,
              18.71015493585913
            ],
            [
              81.26368045806885,
              18.71015493585913
            ],
            [
              81.2638521194458,
              18.71011428843839
            ],
            [
              81.26410961151123,
              18.71011428843839
            ],
            [
              81.2641954421997,
              18.710073641007888
            ],
            [
              81.26445293426514,
              18.710073641007888
            ],
            [
              81.26449584960938,
              18.71003299356762
            ],
            [
              81.26445293426514,
              18.70999234611758
            ],
            [
              81.26449584960938,
              18.70999234611758
            ],
            [
              81.26466751098633,
              18.709911051188215
            ],
            [
              81.26471042633057,
              18.709911051188215
            ],
            [
              81.26479625701904,
              18.70987040370888
            ],
            [
              81.26483917236328,
              18.70987040370888
            ],
            [
              81.26479625701904,
              18.70970781369388
            ],
            [
              81.2647533416748,
              18.70962651862778
            ],
            [
              81.26466751098633,
              18.709504575955393
            ],
            [
              81.26436710357666,
              18.709220042711333
            ],
            [
              81.26436710357666,
              18.709016804386888
            ],
            [
              81.26432418823242,
              18.708935508988745
            ],
            [
              81.26423835754395,
              18.708854213551543
            ],
            [
              81.26415252685547,
              18.7087322703225
            ],
            [
              81.26406669616699,
              18.70869162255995
            ],
            [
              81.26402378082275,
              18.70861032700556
            ],
            [
              81.26393795013428,
              18.708488383600727
            ],
            [
              81.26393795013428,
              18.70828514439737
            ],
            [
              81.26380920410156,
              18.708325792257572
            ],
            [
              81.26368045806885,
              18.708325792257572
            ],
            [
              81.26359462738037,
              18.70836644010801
            ],
            [
              81.2632942199707,
              18.708529031412105
            ],
            [
              81.26320838928223,
              18.708529031412105
            ],
            [
              81.26316547393799,
              18.708488383600727
            ],
            [
              81.26312255859375,
              18.708407087948682
            ],
            [
              81.26312255859375,
              18.708203848647667
            ],
            [
              81.26299381256104,
              18.708000609102513
            ],
            [
              81.26299381256104,
              18.707919313216095
            ],
            [
              81.26235008239746,
              18.7081225528589
            ],
            [
              81.26213550567627,
              18.7082444965274
            ],
            [
              81.26192092895508,
              18.7082444965274
            ],
            [
              81.26192092895508,
              18.70844773577959
            ],
            [
              81.26187801361084,
              18.70844773577959
            ],
            [
              81.26179218292236,
              18.708529031412105
            ],
            [
              81.26157760620117,
              18.708529031412105
            ],
            [
              81.2614917755127,
              18.708569679213713
            ],
            [
              81.26123428344727,
              18.70861032700556
            ],
            [
              81.26101970672607,
              18.70865097478764
            ],
            [
              81.26084804534912,
              18.70869162255995
            ],
            [
              81.26084804534912,
              18.708854213551543
            ],
            [
              81.26089096069336,
              18.708935508988745
            ],
            [
              81.26089096069336,
              18.709098099745958
            ],
            [
              81.26097679138184,
              18.70913874741085
            ],
            [
              81.26101970672607,
              18.709220042711333
            ],
            [
              81.26110553741455,
              18.70930133797275
            ],
            [
              81.26119136810303,
              18.70942328079163
            ],
            [
              81.26119136810303,
              18.709585871080083
            ],
            [
              81.26114845275879,
              18.709667166165712
            ],
            [
              81.26114845275879,
              18.70970781369388
            ],
            [
              81.26235008239746,
              18.70970781369388
            ],
            [
              81.26252174377441,
              18.709667166165712
            ],
            [
              81.26260757446289,
              18.709789108720912
            ],
            [
              81.26265048980713,
              18.70987040370888
            ],
            [
              81.2627363204956,
              18.710073641007888
            ],
            [
              81.26282215118408,
              18.710317525444413
            ]
          ]
        ]
      }
    },
    {
      "type": "Feature",
      "properties": {
        "gid": "1118",
        "mine_code": "60CHG03004",
        "mineral_na": "Tin Ore",
        "end_use": "Captive",
        "type_miner": "ML",
        "mode_of_gr": "Pre_Auction",
        "mine_name": "94 kp Precious Mineral Tin Bade bacheli 3601 Ha_m",
        "survey_num": "60,6163,64,65,66,69,75,76,106,119,126.139/2,140141,142, 144 to 151",
        "lease_area": "36.0700000000",
        "name_of_le": "PRECIOUS MINERALS AND SMELTING LTD",
        "pin_code": "494001.000000",
        "mobile": "9425258462",
        "email_id": "pmsl10@rediffmail.com/pmasl1996@gmail.com",
        "state": "CHHATTISGARH",
        "district": "Kathua",
        "taluka": "Kathua",
        "mineral_ca": "MAJOR",
        "dispatches_tons_1920_2021_2122": "NA",
        "ibm_regist": "IBM/9859/2012",
        "method_of_": "Opencast",
        "address": "M / s Precious Minerals & Smelting Limited, Semi Araban Industrial State Frazarpur Jagdalpur, Jagdalpur-494001",
        "village_na": "Taraf Manjali (OG)",
        "reg_id": "0",
        "region": "RAIPUR",
        "psu_privat": "Private",
        "colour_str": "0",
        "name_of_as": "Nil",
        "ministry_o": "-",
        "class": "Metallic",
        "area": "482826.4992161769"
      },
      "geometry": {
        "type": "Polygon",
        "coordinates": [
          [
            [
              81.26784324645996,
              18.711293059674567
            ],
            [
              81.26801490783691,
              18.711252412527298
            ],
            [
              81.26810073852539,
              18.711211765370255
            ],
            [
              81.2682294845581,
              18.711130471026877
            ],
            [
              81.26827239990234,
              18.711049176644426
            ],
            [
              81.26835823059082,
              18.710967882222917
            ],
            [
              81.26840114593506,
              18.710886587762335
            ],
            [
              81.2684440612793,
              18.71072399872397
            ],
            [
              81.26852989196777,
              18.710642704146196
            ],
            [
              81.26861572265625,
              18.710602056842657
            ],
            [
              81.26865863800049,
              18.710561409529344
            ],
            [
              81.26874446868896,
              18.710439467530833
            ],
            [
              81.26874446868896,
              18.7101955832701
            ],
            [
              81.2687873840332,
              18.71003299356762
            ],
            [
              81.2687873840332,
              18.709911051188215
            ],
            [
              81.26887321472168,
              18.709789108720912
            ],
            [
              81.26891613006592,
              18.70970781369388
            ],
            [
              81.2690019607544,
              18.709667166165712
            ],
            [
              81.26908779144287,
              18.70974846121228
            ],
            [
              81.26917362213135,
              18.709789108720912
            ],
            [
              81.26930236816406,
              18.70987040370888
            ],
            [
              81.26947402954102,
              18.70995169865778
            ],
            [
              81.26960277557373,
              18.70999234611758
            ],
            [
              81.2696886062622,
              18.71003299356762
            ],
            [
              81.26973152160645,
              18.71011428843839
            ],
            [
              81.26986026763916,
              18.7101955832701
            ],
            [
              81.2699031829834,
              18.710236230671303
            ],
            [
              81.2699031829834,
              18.710317525444413
            ],
            [
              81.26981735229492,
              18.710398820178455
            ],
            [
              81.26981735229492,
              18.710480114873434
            ],
            [
              81.27028942108154,
              18.710480114873434
            ],
            [
              81.2704610824585,
              18.710439467530833
            ],
            [
              81.27050399780273,
              18.710439467530833
            ],
            [
              81.27050399780273,
              18.710317525444413
            ],
            [
              81.27058982849121,
              18.710317525444413
            ],
            [
              81.27067565917969,
              18.710236230671303
            ],
            [
              81.27076148986816,
              18.710073641007888
            ],
            [
              81.27076148986816,
              18.70999234611758
            ],
            [
              81.27071857452393,
              18.70995169865778
            ],
            [
              81.27058982849121,
              18.70995169865778
            ],
            [
              81.27050399780273,
              18.70999234611758
            ],
            [
              81.2704610824585,
              18.71003299356762
            ],
            [
              81.27033233642578,
              18.710073641007888
            ],
            [
              81.27028942108154,
              18.71011428843839
            ],
            [
              81.27028942108154,
              18.70995169865778
            ],
            [
              81.27033233642578,
              18.70987040370888
            ],
            [
              81.27028942108154,
              18.709789108720912
            ],
            [
              81.2702465057373,
              18.70974846121228
            ],
            [
              81.27016067504883,
              18.70970781369388
            ],
            [
              81.27003192901611,
              18.709585871080083
            ],
            [
              81.26998901367188,
              18.709504575955393
            ],
            [
              81.26998901367188,
              18.70877291807528
            ],
            [
              81.27007484436035,
              18.70865097478764
            ],
            [
              81.27011775970459,
              18.70844773577959
            ],
            [
              81.27016067504883,
              18.708407087948682
            ],
            [
              81.27020359039307,
              18.708203848647667
            ],
            [
              81.27033233642578,
              18.70783801729062
            ],
            [
              81.27041816711426,
              18.70771607332916
            ],
            [
              81.2704610824585,
              18.707594129279812
            ],
            [
              81.27050399780273,
              18.70739088900226
            ],
            [
              81.27058982849121,
              18.70718764848059
            ],
            [
              81.27063274383545,
              18.706903111340115
            ],
            [
              81.27063274383545,
              18.70669987023254
            ],
            [
              81.27058982849121,
              18.706537277170717
            ],
            [
              81.27054691314697,
              18.70641533227182
            ],
            [
              81.27050399780273,
              18.70621209057837
            ],
            [
              81.27050399780273,
              18.70588690336108
            ],
            [
              81.27054691314697,
              18.70584625491498
            ],
            [
              81.27050399780273,
              18.705764957993484
            ],
            [
              81.2704610824585,
              18.705764957993484
            ],
            [
              81.27037525177002,
              18.70572430951809
            ],
            [
              81.2702465057373,
              18.705683661032932
            ],
            [
              81.26986026763916,
              18.705683661032932
            ],
            [
              81.26981735229492,
              18.70572430951809
            ],
            [
              81.26973152160645,
              18.70584625491498
            ],
            [
              81.26960277557373,
              18.70584625491498
            ],
            [
              81.26951694488525,
              18.705764957993484
            ],
            [
              81.26943111419678,
              18.705805606459116
            ],
            [
              81.2693452835083,
              18.705805606459116
            ],
            [
              81.26921653747559,
              18.70584625491498
            ],
            [
              81.26913070678711,
              18.705805606459116
            ],
            [
              81.26891613006592,
              18.70572430951809
            ],
            [
              81.2687873840332,
              18.705683661032932
            ],
            [
              81.26861572265625,
              18.70560236403332
            ],
            [
              81.26857280731201,
              18.70560236403332
            ],
            [
              81.26848697662354,
              18.705643012538008
            ],
            [
              81.2684440612793,
              18.705643012538008
            ],
            [
              81.26831531524658,
              18.70552106699466
            ],
            [
              81.26818656921387,
              18.705643012538008
            ],
            [
              81.26814365386963,
              18.705643012538008
            ],
            [
              81.26814365386963,
              18.70572430951809
            ],
            [
              81.26805782318115,
              18.70572430951809
            ],
            [
              81.26797199249268,
              18.705764957993484
            ],
            [
              81.26792907714844,
              18.705764957993484
            ],
            [
              81.2678861618042,
              18.705805606459116
            ],
            [
              81.26780033111572,
              18.705805606459116
            ],
            [
              81.26775741577148,
              18.705764957993484
            ],
            [
              81.26762866973877,
              18.705764957993484
            ],
            [
              81.26758575439453,
              18.705805606459116
            ],
            [
              81.26749992370605,
              18.70584625491498
            ],
            [
              81.2673282623291,
              18.70584625491498
            ],
            [
              81.26728534698486,
              18.705805606459116
            ],
            [
              81.26715660095215,
              18.70572430951809
            ],
            [
              81.26702785491943,
              18.705480418460677
            ],
            [
              81.26694202423096,
              18.705277175644312
            ],
            [
              81.26685619354248,
              18.70511458121547
            ],
            [
              81.26681327819824,
              18.704992635291315
            ],
            [
              81.26664161682129,
              18.704830040589073
            ],
            [
              81.26655578613281,
              18.704708094459875
            ],
            [
              81.26655578613281,
              18.70466744573061
            ],
            [
              81.26638412475586,
              18.70462679699159
            ],
            [
              81.26629829406738,
              18.70462679699159
            ],
            [
              81.26612663269043,
              18.7045861482428
            ],
            [
              81.26608371734619,
              18.704545499484244
            ],
            [
              81.26578330993652,
              18.704545499484244
            ],
            [
              81.26565456390381,
              18.7045861482428
            ],
            [
              81.2655258178711,
              18.7045861482428
            ],
            [
              81.26539707183838,
              18.70462679699159
            ],
            [
              81.26522541046143,
              18.70466744573061
            ],
            [
              81.26509666442871,
              18.70474874317937
            ],
            [
              81.264967918396,
              18.704789391889108
            ],
            [
              81.26492500305176,
              18.704870689279282
            ],
            [
              81.26492500305176,
              18.704911337959725
            ],
            [
              81.26483917236328,
              18.704992635291315
            ],
            [
              81.26466751098633,
              18.704992635291315
            ],
            [
              81.26458168029785,
              18.7049519866304
            ],
            [
              81.26453876495361,
              18.7049519866304
            ],
            [
              81.26445293426514,
              18.704992635291315
            ],
            [
              81.26436710357666,
              18.704992635291315
            ],
            [
              81.26428127288818,
              18.7049519866304
            ],
            [
              81.26423835754395,
              18.7049519866304
            ],
            [
              81.26398086547852,
              18.705033283942466
            ],
            [
              81.26380920410156,
              18.705033283942466
            ],
            [
              81.26372337341309,
              18.70507393258385
            ],
            [
              81.26363754272461,
              18.70507393258385
            ],
            [
              81.26355171203613,
              18.70511458121547
            ],
            [
              81.26346588134766,
              18.705033283942466
            ],
            [
              81.26338005065918,
              18.705033283942466
            ],
            [
              81.26333713531494,
              18.704992635291315
            ],
            [
              81.26320838928223,
              18.7049519866304
            ],
            [
              81.26290798187256,
              18.7049519866304
            ],
            [
              81.26282215118408,
              18.704911337959725
            ],
            [
              81.26265048980713,
              18.704870689279282
            ],
            [
              81.26260757446289,
              18.704830040589073
            ],
            [
              81.26260757446289,
              18.70474874317937
            ],
            [
              81.26256465911865,
              18.704708094459875
            ],
            [
              81.2620496749878,
              18.704708094459875
            ],
            [
              81.26196384429932,
              18.70474874317937
            ],
            [
              81.26200675964355,
              18.704789391889108
            ],
            [
              81.26200675964355,
              18.704830040589073
            ],
            [
              81.26196384429932,
              18.704830040589073
            ],
            [
              81.26187801361084,
              18.704870689279282
            ],
            [
              81.26179218292236,
              18.704870689279282
            ],
            [
              81.26162052154541,
              18.7049519866304
            ],
            [
              81.2614917755127,
              18.705033283942466
            ],
            [
              81.26136302947998,
              18.705155229837327
            ],
            [
              81.26136302947998,
              18.70531782422712
            ],
            [
              81.26132011413574,
              18.70535847280015
            ],
            [
              81.2612771987915,
              18.70535847280015
            ],
            [
              81.26119136810303,
              18.70539912136342
            ],
            [
              81.26106262207031,
              18.70552106699466
            ],
            [
              81.2609338760376,
              18.70560236403332
            ],
            [
              81.26084804534912,
              18.705643012538008
            ],
            [
              81.26076221466064,
              18.70572430951809
            ],
            [
              81.2607192993164,
              18.70572430951809
            ],
            [
              81.26050472259521,
              18.705805606459116
            ],
            [
              81.26046180725098,
              18.70584625491498
            ],
            [
              81.26024723052979,
              18.70592755179742
            ],
            [
              81.25998973846436,
              18.70609014544512
            ],
            [
              81.2600326538086,
              18.70621209057837
            ],
            [
              81.2600326538086,
              18.70641533227182
            ],
            [
              81.26007556915283,
              18.706740518473588
            ],
            [
              81.26007556915283,
              18.70682181492638
            ],
            [
              81.26024723052979,
              18.706781166704864
            ],
            [
              81.26033306121826,
              18.706781166704864
            ],
            [
              81.26050472259521,
              18.70669987023254
            ],
            [
              81.26067638397217,
              18.706659221981734
            ],
            [
              81.26080513000488,
              18.706659221981734
            ],
            [
              81.26101970672607,
              18.70661857372116
            ],
            [
              81.26110553741455,
              18.70661857372116
            ],
            [
              81.26136302947998,
              18.706537277170717
            ],
            [
              81.26153469085693,
              18.706455980581218
            ],
            [
              81.26153469085693,
              18.70682181492638
            ],
            [
              81.26157760620117,
              18.70698440771479
            ],
            [
              81.26166343688965,
              18.70735024091746
            ],
            [
              81.26179218292236,
              18.707675425322474
            ],
            [
              81.2618350982666,
              18.707878665258242
            ],
            [
              81.26192092895508,
              18.7081225528589
            ],
            [
              81.26192092895508,
              18.7082444965274
            ],
            [
              81.26213550567627,
              18.7082444965274
            ],
            [
              81.26235008239746,
              18.7081225528589
            ],
            [
              81.26299381256104,
              18.707919313216095
            ],
            [
              81.26299381256104,
              18.708000609102513
            ],
            [
              81.26312255859375,
              18.708203848647667
            ],
            [
              81.26312255859375,
              18.708407087948682
            ],
            [
              81.26316547393799,
              18.708488383600727
            ],
            [
              81.26320838928223,
              18.708529031412105
            ],
            [
              81.2632942199707,
              18.708529031412105
            ],
            [
              81.26359462738037,
              18.70836644010801
            ],
            [
              81.26368045806885,
              18.708325792257572
            ],
            [
              81.26380920410156,
              18.708325792257572
            ],
            [
              81.26393795013428,
              18.70828514439737
            ],
            [
              81.26393795013428,
              18.708488383600727
            ],
            [
              81.26402378082275,
              18.70861032700556
            ],
            [
              81.26406669616699,
              18.70869162255995
            ],
            [
              81.26415252685547,
              18.7087322703225
            ],
            [
              81.26423835754395,
              18.708854213551543
            ],
            [
              81.26432418823242,
              18.708935508988745
            ],
            [
              81.26436710357666,
              18.709016804386888
            ],
            [
              81.26436710357666,
              18.709220042711333
            ],
            [
              81.26466751098633,
              18.709504575955393
            ],
            [
              81.2647533416748,
              18.70962651862778
            ],
            [
              81.26479625701904,
              18.70970781369388
            ],
            [
              81.26483917236328,
              18.70987040370888
            ],
            [
              81.26488208770752,
              18.709829756219776
            ],
            [
              81.264967918396,
              18.709789108720912
            ],
            [
              81.26509666442871,
              18.70974846121228
            ],
            [
              81.26539707183838,
              18.70974846121228
            ],
            [
              81.26556873321533,
              18.709667166165712
            ],
            [
              81.26565456390381,
              18.709667166165712
            ],
            [
              81.26569747924805,
              18.709829756219776
            ],
            [
              81.26578330993652,
              18.709911051188215
            ],
            [
              81.26595497131348,
              18.71015493585913
            ],
            [
              81.26599788665771,
              18.710276878062743
            ],
            [
              81.26604080200195,
              18.710439467530833
            ],
            [
              81.26616954803467,
              18.710805293262688
            ],
            [
              81.2662124633789,
              18.710886587762335
            ],
            [
              81.26634120941162,
              18.710967882222917
            ],
            [
              81.26646995544434,
              18.710967882222917
            ],
            [
              81.26651287078857,
              18.71100852943856
            ],
            [
              81.26668453216553,
              18.71100852943856
            ],
            [
              81.26681327819824,
              18.710967882222917
            ],
            [
              81.2669849395752,
              18.710967882222917
            ],
            [
              81.26715660095215,
              18.711049176644426
            ],
            [
              81.26719951629639,
              18.711130471026877
            ],
            [
              81.2673282623291,
              18.711211765370255
            ],
            [
              81.26741409301758,
              18.711252412527298
            ],
            [
              81.26767158508301,
              18.711252412527298
            ],
            [
              81.26784324645996,
              18.711293059674567
            ]
          ]
        ]
      }
    },
    {
      "type": "Feature",
      "properties": {
        "gid": "1131",
        "mine_code": "60CHG03005",
        "mineral_na": "Tin Ore",
        "end_use": "Captive",
        "type_miner": "ML",
        "mode_of_gr": "Pre_Auction",
        "mine_name": "157 KP Nareli Area 497 of Precious Minerals Khasr",
        "survey_num": "179,182 & 183",
        "lease_area": "4.97000000000",
        "name_of_le": "PRECIOUS MINERALS AND SMELTING LTD",
        "pin_code": "494001.000000",
        "mobile": "9425258462",
        "email_id": "pmsl10@rediffmail.com/pmasl1996@gmail.com",
        "state": "CHHATTISGARH",
        "district": "Kathua",
        "taluka": "Kathua",
        "mineral_ca": "MAJOR",
        "dispatches_tons_1920_2021_2122": "NA",
        "ibm_regist": "IBM/9859/2012",
        "method_of_": "Opencast",
        "address": "M / s Precious Minerals & Smelting Limited, Semi Araban Industrial State Frazarpur Jagdalpur, Jagdalpur-494001",
        "village_na": "Taraf Manjali (OG)",
        "reg_id": "0",
        "region": "RAIPUR",
        "psu_privat": "Private",
        "colour_str": "0",
        "name_of_as": "Nil",
        "ministry_o": "-",
        "class": "Metallic",
        "area": "93951.24053784204"
      },
      "geometry": {
        "type": "Polygon",
        "coordinates": [
          [
            [
              81.2600326538086,
              18.711089823840535
            ],
            [
              81.2600326538086,
              18.71100852943856
            ],
            [
              81.26007556915283,
              18.710967882222917
            ],
            [
              81.26020431518555,
              18.710886587762335
            ],
            [
              81.2607192993164,
              18.710520762206272
            ],
            [
              81.26084804534912,
              18.710439467530833
            ],
            [
              81.26110553741455,
              18.710398820178455
            ],
            [
              81.26136302947998,
              18.710276878062743
            ],
            [
              81.26136302947998,
              18.71015493585913
            ],
            [
              81.26132011413574,
              18.71003299356762
            ],
            [
              81.26123428344727,
              18.709911051188215
            ],
            [
              81.26123428344727,
              18.709829756219776
            ],
            [
              81.26119136810303,
              18.70970781369388
            ],
            [
              81.26114845275879,
              18.70970781369388
            ],
            [
              81.26114845275879,
              18.709667166165712
            ],
            [
              81.26119136810303,
              18.709585871080083
            ],
            [
              81.26119136810303,
              18.70942328079163
            ],
            [
              81.26110553741455,
              18.70930133797275
            ],
            [
              81.26101970672607,
              18.709220042711333
            ],
            [
              81.26097679138184,
              18.70913874741085
            ],
            [
              81.26089096069336,
              18.709098099745958
            ],
            [
              81.26089096069336,
              18.708935508988745
            ],
            [
              81.26084804534912,
              18.708854213551543
            ],
            [
              81.26084804534912,
              18.70877291807528
            ],
            [
              81.26080513000488,
              18.7087322703225
            ],
            [
              81.26080513000488,
              18.70865097478764
            ],
            [
              81.26076221466064,
              18.708203848647667
            ],
            [
              81.26063346862793,
              18.707756721326078
            ],
            [
              81.26054763793945,
              18.707675425322474
            ],
            [
              81.26046180725098,
              18.70771607332916
            ],
            [
              81.26033306121826,
              18.70779736931323
            ],
            [
              81.26020431518555,
              18.70779736931323
            ],
            [
              81.25994682312012,
              18.70783801729062
            ],
            [
              81.25951766967773,
              18.70795996116419
            ],
            [
              81.25921726226807,
              18.708041257031077
            ],
            [
              81.25900268554688,
              18.707919313216095
            ],
            [
              81.25887393951416,
              18.70783801729062
            ],
            [
              81.25878810882568,
              18.70783801729062
            ],
            [
              81.25861644744873,
              18.707878665258242
            ],
            [
              81.25831604003906,
              18.707878665258242
            ],
            [
              81.25818729400635,
              18.70783801729062
            ],
            [
              81.25810146331787,
              18.70779736931323
            ],
            [
              81.25792980194092,
              18.707756721326078
            ],
            [
              81.2578010559082,
              18.707756721326078
            ],
            [
              81.25762939453125,
              18.70771607332916
            ],
            [
              81.25750064849854,
              18.70771607332916
            ],
            [
              81.25720024108887,
              18.707756721326078
            ],
            [
              81.2568998336792,
              18.707756721326078
            ],
            [
              81.25685691833496,
              18.70783801729062
            ],
            [
              81.25685691833496,
              18.707878665258242
            ],
            [
              81.25681400299072,
              18.707878665258242
            ],
            [
              81.25685691833496,
              18.708488383600727
            ],
            [
              81.25694274902344,
              18.70905745207131
            ],
            [
              81.25741481781006,
              18.70905745207131
            ],
            [
              81.25810146331787,
              18.708976156692703
            ],
            [
              81.25814437866211,
              18.709098099745958
            ],
            [
              81.25818729400635,
              18.70913874741085
            ],
            [
              81.25831604003906,
              18.709179395065973
            ],
            [
              81.25853061676025,
              18.709179395065973
            ],
            [
              81.25865936279297,
              18.70913874741085
            ],
            [
              81.25874519348145,
              18.70913874741085
            ],
            [
              81.25883102416992,
              18.70930133797275
            ],
            [
              81.25887393951416,
              18.70942328079163
            ],
            [
              81.25900268554688,
              18.70962651862778
            ],
            [
              81.25930309295654,
              18.709585871080083
            ],
            [
              81.25968933105469,
              18.71068335143997
            ],
            [
              81.25964641571045,
              18.711049176644426
            ],
            [
              81.2600326538086,
              18.711089823840535
            ]
          ]
        ]
      }
    },
    {
      "type": "Feature",
      "properties": {
        "gid": "1049",
        "mine_code": "60CHG03002",
        "mineral_na": "Tin Ore",
        "end_use": "Captive",
        "type_miner": "ML",
        "mode_of_gr": "Pre_Auction",
        "mine_name": "158 KP Badi Bacheli Area - 531 of Precious Minera",
        "survey_num": "979,980/1,2,3,981,982,983 &984",
        "lease_area": "5.31000000000",
        "name_of_le": "PRECIOUS MINERALS AND SMELTING LTD",
        "pin_code": "494001.000000",
        "mobile": "9425258462",
        "email_id": "pmsl10@rediffmail.com/pmasl1996@gmail.com",
        "state": "CHHATTISGARH",
        "district": "Kathua",
        "taluka": "Kathua",
        "mineral_ca": "MAJOR",
        "dispatches_tons_1920_2021_2122": "NA",
        "ibm_regist": "IBM/9859/2012",
        "method_of_": "Opencast",
        "address": "M / s Precious Minerals & Smelting Limited, Semi Araban Industrial State Frazarpur Jagdalpur, Jagdalpur-494001",
        "village_na": "Taraf Manjali (OG)",
        "reg_id": "0",
        "region": "RAIPUR",
        "psu_privat": "Private",
        "colour_str": "0",
        "name_of_as": "Nil",
        "ministry_o": "-",
        "class": "Metallic",
        "area": "53949.352610779344"
      },
      "geometry": {
        "type": "Polygon",
        "coordinates": [
          [
            [
              81.26192092895508,
              18.691374787750167
            ],
            [
              81.26196384429932,
              18.691334135819318
            ],
            [
              81.26196384429932,
              18.691293483878724
            ],
            [
              81.26192092895508,
              18.691212179968243
            ],
            [
              81.26192092895508,
              18.6910495720302
            ],
            [
              81.26196384429932,
              18.690805659830385
            ],
            [
              81.26196384429932,
              18.690683703598754
            ],
            [
              81.26192092895508,
              18.690602399395544
            ],
            [
              81.26179218292236,
              18.69039913871676
            ],
            [
              81.26170635223389,
              18.69015522558022
            ],
            [
              81.26157760620117,
              18.689951964364777
            ],
            [
              81.26140594482422,
              18.689830007518427
            ],
            [
              81.26123428344727,
              18.689586093562273
            ],
            [
              81.26110553741455,
              18.689382831663817
            ],
            [
              81.2609338760376,
              18.689301526836136
            ],
            [
              81.26076221466064,
              18.689342179254858
            ],
            [
              81.26063346862793,
              18.689382831663817
            ],
            [
              81.26041889190674,
              18.689423484063024
            ],
            [
              81.26024723052979,
              18.68946413645247
            ],
            [
              81.25998973846436,
              18.68946413645247
            ],
            [
              81.2598180770874,
              18.689545441202092
            ],
            [
              81.25973224639893,
              18.68966739825335
            ],
            [
              81.25964641571045,
              18.689830007518427
            ],
            [
              81.25951766967773,
              18.689992616627386
            ],
            [
              81.25943183898926,
              18.690073921123318
            ],
            [
              81.25930309295654,
              18.6902365299981
            ],
            [
              81.25921726226807,
              18.690358486551734
            ],
            [
              81.25895977020264,
              18.690521095153304
            ],
            [
              81.25883102416992,
              18.69064305150203
            ],
            [
              81.2587022781372,
              18.690724355685724
            ],
            [
              81.25857353210449,
              18.690765007762934
            ],
            [
              81.25857353210449,
              18.690886963936023
            ],
            [
              81.25861644744873,
              18.69100892002129
            ],
            [
              81.25865936279297,
              18.691090224029345
            ],
            [
              81.25865936279297,
              18.691171527998367
            ],
            [
              81.25883102416992,
              18.691171527998367
            ],
            [
              81.25900268554688,
              18.691090224029345
            ],
            [
              81.25917434692383,
              18.691090224029345
            ],
            [
              81.25934600830078,
              18.6910495720302
            ],
            [
              81.2594747543335,
              18.691090224029345
            ],
            [
              81.25951766967773,
              18.691130876018736
            ],
            [
              81.25986099243164,
              18.691293483878724
            ],
            [
              81.2600326538086,
              18.691293483878724
            ],
            [
              81.26016139984131,
              18.691334135819318
            ],
            [
              81.2603759765625,
              18.691293483878724
            ],
            [
              81.26059055328369,
              18.691293483878724
            ],
            [
              81.26080513000488,
              18.69125283192836
            ],
            [
              81.26089096069336,
              18.69125283192836
            ],
            [
              81.2609338760376,
              18.691212179968243
            ],
            [
              81.26097679138184,
              18.69125283192836
            ],
            [
              81.26123428344727,
              18.691334135819318
            ],
            [
              81.26140594482422,
              18.691334135819318
            ],
            [
              81.26157760620117,
              18.691374787750167
            ],
            [
              81.26192092895508,
              18.691374787750167
            ]
          ]
        ]
      }
    },
    {
      "type": "Feature",
      "properties": {
        "gid": "1075",
        "mine_code": "60CHG03003",
        "mineral_na": "Tin Ore",
        "end_use": "Captive",
        "type_miner": "ML",
        "mode_of_gr": "Pre_Auction",
        "mine_name": "156 KP Badi Bacheli Area - 1709 of Precious Miner",
        "survey_num": "1046 to1051,1061,1062,1067,1068",
        "lease_area": "17.0900000000",
        "name_of_le": "PRECIOUS MINERALS AND SMELTING LTD",
        "pin_code": "494001.000000",
        "mobile": "9425258462",
        "email_id": "pmsl10@rediffmail.com/pmasl1996@gmail.com",
        "state": "CHHATTISGARH",
        "district": "Kathua",
        "taluka": "Kathua",
        "mineral_ca": "MAJOR",
        "dispatches_tons_1920_2021_2122": "NA",
        "ibm_regist": "IBM/9859/2012",
        "method_of_": "Opencast",
        "address": "M / s Precious Minerals & Smelting Limited, Semi Araban Industrial State Frazarpur Jagdalpur, Jagdalpur-494001",
        "village_na": "Taraf Manjali (OG)",
        "reg_id": "0",
        "region": "RAIPUR",
        "psu_privat": "Private",
        "colour_str": "0",
        "name_of_as": "Nil",
        "ministry_o": "-",
        "class": "Metallic",
        "area": "170547.2948732248"
      },
      "geometry": {
        "type": "Polygon",
        "coordinates": [
          [
            [
              81.26007556915283,
              18.686984322841358
            ],
            [
              81.26033306121826,
              18.686943669856763
            ],
            [
              81.26050472259521,
              18.686943669856763
            ],
            [
              81.26076221466064,
              18.6868623638583
            ],
            [
              81.26089096069336,
              18.6868623638583
            ],
            [
              81.26123428344727,
              18.686781057820816
            ],
            [
              81.2612771987915,
              18.686699751744307
            ],
            [
              81.26132011413574,
              18.686577792556374
            ],
            [
              81.26132011413574,
              18.685886688832948
            ],
            [
              81.26123428344727,
              18.68564276919861
            ],
            [
              81.26123428344727,
              18.685602115892074
            ],
            [
              81.26144886016846,
              18.685561462575784
            ],
            [
              81.2614917755127,
              18.685561462575784
            ],
            [
              81.26162052154541,
              18.68552080924974
            ],
            [
              81.2618350982666,
              18.685480155913936
            ],
            [
              81.26209259033203,
              18.68539884921307
            ],
            [
              81.26226425170898,
              18.685358195848004
            ],
            [
              81.2623929977417,
              18.685358195848004
            ],
            [
              81.26243591308594,
              18.685276889088602
            ],
            [
              81.26247882843018,
              18.685236235694273
            ],
            [
              81.26247882843018,
              18.68499231512342
            ],
            [
              81.2623929977417,
              18.684911008188426
            ],
            [
              81.26235008239746,
              18.684829701214415
            ],
            [
              81.26217842102051,
              18.684667087149332
            ],
            [
              81.26213550567627,
              18.684667087149332
            ],
            [
              81.26213550567627,
              18.68462643360867
            ],
            [
              81.2620496749878,
              18.68458578005826
            ],
            [
              81.26196384429932,
              18.684504472928165
            ],
            [
              81.26192092895508,
              18.68442316575905
            ],
            [
              81.26196384429932,
              18.68434185855092
            ],
            [
              81.26200675964355,
              18.684219897665564
            ],
            [
              81.2620496749878,
              18.684138590359886
            ],
            [
              81.2620496749878,
              18.68409793669241
            ],
            [
              81.26209259033203,
              18.68397597563147
            ],
            [
              81.26209259033203,
              18.68393532192498
            ],
            [
              81.26213550567627,
              18.683894668208733
            ],
            [
              81.26213550567627,
              18.683854014482733
            ],
            [
              81.26217842102051,
              18.683732053246207
            ],
            [
              81.26222133636475,
              18.683650745706416
            ],
            [
              81.26226425170898,
              18.683650745706416
            ],
            [
              81.26226425170898,
              18.68361009192189
            ],
            [
              81.26230716705322,
              18.683528784323567
            ],
            [
              81.26230716705322,
              18.683406822852934
            ],
            [
              81.26226425170898,
              18.68336616900988
            ],
            [
              81.26226425170898,
              18.68320355354012
            ],
            [
              81.26217842102051,
              18.68300028398345
            ],
            [
              81.26217842102051,
              18.682918976092505
            ],
            [
              81.26213550567627,
              18.682878322132396
            ],
            [
              81.26213550567627,
              18.682756360193554
            ],
            [
              81.26209259033203,
              18.682715706194436
            ],
            [
              81.2620496749878,
              18.682715706194436
            ],
            [
              81.26187801361084,
              18.682553090100406
            ],
            [
              81.26174926757812,
              18.682553090100406
            ],
            [
              81.26166343688965,
              18.682512436052512
            ],
            [
              81.26162052154541,
              18.682512436052512
            ],
            [
              81.26157760620117,
              18.682471781994863
            ],
            [
              81.26157760620117,
              18.682390473850315
            ],
            [
              81.26153469085693,
              18.682390473850315
            ],
            [
              81.26153469085693,
              18.682349819763406
            ],
            [
              81.26144886016846,
              18.682349819763406
            ],
            [
              81.26132011413574,
              18.682390473850315
            ],
            [
              81.26110553741455,
              18.682390473850315
            ],
            [
              81.26106262207031,
              18.682349819763406
            ],
            [
              81.26106262207031,
              18.68230916566674
            ],
            [
              81.26114845275879,
              18.68226851156033
            ],
            [
              81.26140594482422,
              18.68226851156033
            ],
            [
              81.26144886016846,
              18.682187203318236
            ],
            [
              81.26144886016846,
              18.682146549182555
            ],
            [
              81.26153469085693,
              18.682146549182555
            ],
            [
              81.26153469085693,
              18.682105895037125
            ],
            [
              81.2614917755127,
              18.68206524088194
            ],
            [
              81.2614917755127,
              18.681983932542302
            ],
            [
              81.26136302947998,
              18.68194327835786
            ],
            [
              81.26132011413574,
              18.68190262416366
            ],
            [
              81.26123428344727,
              18.68190262416366
            ],
            [
              81.26114845275879,
              18.681821315745996
            ],
            [
              81.26110553741455,
              18.681821315745996
            ],
            [
              81.26106262207031,
              18.681780661522534
            ],
            [
              81.26089096069336,
              18.681780661522534
            ],
            [
              81.26076221466064,
              18.681821315745996
            ],
            [
              81.26067638397217,
              18.68186196995971
            ],
            [
              81.26059055328369,
              18.68186196995971
            ],
            [
              81.26046180725098,
              18.681780661522534
            ],
            [
              81.2603759765625,
              18.681699353046348
            ],
            [
              81.26020431518555,
              18.68161804453115
            ],
            [
              81.25986099243164,
              18.68161804453115
            ],
            [
              81.25977516174316,
              18.681577390258923
            ],
            [
              81.25973224639893,
              18.681577390258923
            ],
            [
              81.25973224639893,
              18.68141477307247
            ],
            [
              81.25977516174316,
              18.68137411875147
            ],
            [
              81.25973224639893,
              18.68133346442072
            ],
            [
              81.25968933105469,
              18.68133346442072
            ],
            [
              81.25956058502197,
              18.68137411875147
            ],
            [
              81.25951766967773,
              18.68141477307247
            ],
            [
              81.2594747543335,
              18.68141477307247
            ],
            [
              81.25934600830078,
              18.681536735976938
            ],
            [
              81.25921726226807,
              18.681577390258923
            ],
            [
              81.25917434692383,
              18.68161804453115
            ],
            [
              81.2589168548584,
              18.68174000728932
            ],
            [
              81.25887393951416,
              18.681780661522534
            ],
            [
              81.25874519348145,
              18.681780661522534
            ],
            [
              81.25874519348145,
              18.681821315745996
            ],
            [
              81.2587022781372,
              18.681821315745996
            ],
            [
              81.2587022781372,
              18.68186196995971
            ],
            [
              81.25874519348145,
              18.68190262416366
            ],
            [
              81.25874519348145,
              18.682227857444158
            ],
            [
              81.25878810882568,
              18.68230916566674
            ],
            [
              81.25878810882568,
              18.682471781994863
            ],
            [
              81.25883102416992,
              18.682471781994863
            ],
            [
              81.25883102416992,
              18.682512436052512
            ],
            [
              81.25887393951416,
              18.682634398166925
            ],
            [
              81.2589168548584,
              18.682797014182928
            ],
            [
              81.2589168548584,
              18.683122245746716
            ],
            [
              81.25895977020264,
              18.68328486129451
            ],
            [
              81.25895977020264,
              18.683406822852934
            ],
            [
              81.25904560089111,
              18.683569438127606
            ],
            [
              81.25904560089111,
              18.683650745706416
            ],
            [
              81.25908851623535,
              18.683813360746978
            ],
            [
              81.25913143157959,
              18.684016629328205
            ],
            [
              81.25917434692383,
              18.684057283015186
            ],
            [
              81.25921726226807,
              18.684179244017596
            ],
            [
              81.2592601776123,
              18.68426055130377
            ],
            [
              81.2592601776123,
              18.684504472928165
            ],
            [
              81.25913143157959,
              18.684504472928165
            ],
            [
              81.25904560089111,
              18.68454512649809
            ],
            [
              81.25908851623535,
              18.68462643360867
            ],
            [
              81.25908851623535,
              18.684707740680235
            ],
            [
              81.25913143157959,
              18.68499231512342
            ],
            [
              81.25913143157959,
              18.68503296857628
            ],
            [
              81.25861644744873,
              18.68499231512342
            ],
            [
              81.25848770141602,
              18.684951661660797
            ],
            [
              81.2583589553833,
              18.684951661660797
            ],
            [
              81.25797271728516,
              18.684911008188426
            ],
            [
              81.25792980194092,
              18.684951661660797
            ],
            [
              81.2580156326294,
              18.68507362201939
            ],
            [
              81.25805854797363,
              18.685317542473186
            ],
            [
              81.25810146331787,
              18.68539884921307
            ],
            [
              81.25810146331787,
              18.685480155913936
            ],
            [
              81.25823020935059,
              18.685480155913936
            ],
            [
              81.2583589553833,
              18.68552080924974
            ],
            [
              81.25853061676025,
              18.68552080924974
            ],
            [
              81.2587022781372,
              18.685561462575784
            ],
            [
              81.25895977020264,
              18.68564276919861
            ],
            [
              81.25908851623535,
              18.68564276919861
            ],
            [
              81.25913143157959,
              18.68572407578241
            ],
            [
              81.25934600830078,
              18.68596799529969
            ],
            [
              81.25943183898926,
              18.686089954926633
            ],
            [
              81.2594747543335,
              18.686171261295808
            ],
            [
              81.2594747543335,
              18.686211914465765
            ],
            [
              81.25986099243164,
              18.686211914465765
            ],
            [
              81.25986099243164,
              18.686252567625967
            ],
            [
              81.25990390777588,
              18.686455833280643
            ],
            [
              81.25990390777588,
              18.686659098691415
            ],
            [
              81.25994682312012,
              18.68690301686241
            ],
            [
              81.25994682312012,
              18.686984322841358
            ],
            [
              81.26007556915283,
              18.686984322841358
            ]
          ]
        ]
      }
    },
    {
      "type": "Feature",
      "properties": {
        "Mine Name": "Sijimali Bauxite Mine (Auctioned Block)",
        "Lease Area (ha)": "1549.022 (as per DGPS) / 1548.786 (as per RoR)",
        "Mineral Name": "Bauxite",
        "Mineral Category": "Major",
        "Method of Mining": "Fully Mechanized Opencast",
        "End Use": "Non-Captive (transported to Vedanta's Alumina Refinery, Lanjigarh)",
        "PSU / Private": "Private",
        "Lessee / Company": "M/s Vedanta Limited",
        "Company Address": "1st Floor, C Wing, Unit 103, Corporate Avenue Atul Projects, Chakala, Andheri (East), Mumbai 400093",
        "District": "Kalahandi & Rayagada",
        "Taluka/Tehsil": "Thuamul Rampur (Kalahandi), Kashipur (Rayagada)",
        "State": "Odisha",
        "Villages": "Aliguna, Ambajhola, Bundel, Chulbari, Dumerpadar, Katibhata, Kutamal, Mahajal, Malipadara, Nakarundi, Pelanakona, Sagabari, Salabali, Tala Ambapadar, Taradei, Taramundi, Tijamali, Upar Ambapadar",
        "Latitude": "19\u00b028'42.42\" to 19\u00b032'02.35\" N",
        "Longitude": "83\u00b006'04.66\" to 83\u00b009'49.81\" E",
        "Geological Reserves": "311.006 Million Tonnes (Mineable: 299.58 MT)",
        "Production Capacity": "9.00 Million TPA bauxite; 18.00 Million TPA total excavation",
        "Life of Mine": "~31 years",
        "Mine Lease Grant": "LoI dated 01.03.2023, extended 27.04.2026 (valid to 29.02.2028)",
        "Forest Land in Lease": "708.204 ha (RoR) / 709.721 ha (DGPS)",
        "Forest Clearance Status": "Stage-I (In-Principle) approved 31.12.2025; Stage-II pending",
        "EC Grant Date": "30/06/2026",
        "EC Category": "Category \"A\"",
        "Accredited Consultant": "JM EnviroNet Pvt. Ltd.",
        "Nearest Wildlife Sanctuary": "Karlapat WLS, ~12.7 km N",
        "Project Cost": "Rs. 792 Crore",
        "Employment": "600 persons",
        "PDFs (Project Displaced Families)": "129 (Tijimali: 51, Malipadar: 78)",
        "R&R Budget": "Rs. 182.12 Crore",
        "Court Case": "SLP pending in Supreme Court (L&T vs. State); NGT Appeal No. 4/2026 re: access road FC",
        "mine_name": "Sijimali Bauxite Mine (Auctioned Block)",
        "reg_id": "Sijimali"
      },
      "geometry": {
        "type": "Polygon",
        "coordinates": [
          [
            [
              83.142988000923,
              19.5311695483984
            ],
            [
              83.1437329989031,
              19.5306000075677
            ],
            [
              83.1445153672812,
              19.5299913577916
            ],
            [
              83.1451930093448,
              19.5296574924494
            ],
            [
              83.1465190884444,
              19.5291295080045
            ],
            [
              83.1440569483803,
              19.5285436323766
            ],
            [
              83.143898531802,
              19.5264335857686
            ],
            [
              83.1435389275711,
              19.5242999104141
            ],
            [
              83.1459722730557,
              19.5232216345878
            ],
            [
              83.1455861656235,
              19.5206836383778
            ],
            [
              83.1444218989546,
              19.5196841213369
            ],
            [
              83.1427600527136,
              19.5184009994905
            ],
            [
              83.1414306910617,
              19.5171713563708
            ],
            [
              83.1400277736307,
              19.5130806214733
            ],
            [
              83.1371315874376,
              19.5156210849554
            ],
            [
              83.1345861236677,
              19.5169231386137
            ],
            [
              83.1323517741342,
              19.5179218174417
            ],
            [
              83.1320959556572,
              19.5166588247793
            ],
            [
              83.1321628428024,
              19.5153869813847
            ],
            [
              83.131901217307,
              19.5153495575083
            ],
            [
              83.1319235130092,
              19.5144066463925
            ],
            [
              83.1307393517163,
              19.5152958198898
            ],
            [
              83.1286926278863,
              19.513416231213
            ],
            [
              83.1277556027386,
              19.5106172711815
            ],
            [
              83.1256127289169,
              19.5108563564606
            ],
            [
              83.1228437459843,
              19.508985385109
            ],
            [
              83.120175755455,
              19.5117858602596
            ],
            [
              83.1163691927993,
              19.511217701183
            ],
            [
              83.1184173963632,
              19.5058171443098
            ],
            [
              83.1217795130424,
              19.5070780628714
            ],
            [
              83.1217866603748,
              19.5039434784831
            ],
            [
              83.122788759436,
              19.5037585072619
            ],
            [
              83.1234260784815,
              19.4983579183724
            ],
            [
              83.1175867049044,
              19.5026559416476
            ],
            [
              83.1078534283625,
              19.5098701324514
            ],
            [
              83.1078985746507,
              19.5112023549219
            ],
            [
              83.1078451823732,
              19.5122054897119
            ],
            [
              83.1013402784161,
              19.5075592750957
            ],
            [
              83.1043419265275,
              19.5055259630702
            ],
            [
              83.1070253540263,
              19.503065223865
            ],
            [
              83.1076223881424,
              19.5001565335022
            ],
            [
              83.1133449749036,
              19.4912384009631
            ],
            [
              83.1153825341131,
              19.4934893288137
            ],
            [
              83.1170759210649,
              19.4913810247598
            ],
            [
              83.119406221372,
              19.4927618987184
            ],
            [
              83.1257924974163,
              19.491963435831
            ],
            [
              83.1270496851826,
              19.4954340190486
            ],
            [
              83.1297459552234,
              19.4960291595418
            ],
            [
              83.1303956336625,
              19.4984869436205
            ],
            [
              83.1321628651883,
              19.4989449280029
            ],
            [
              83.1332985944317,
              19.4961235095339
            ],
            [
              83.1389519589687,
              19.4961918949737
            ],
            [
              83.1402282100568,
              19.4953035542817
            ],
            [
              83.1419054775603,
              19.4916981146788
            ],
            [
              83.1406166592422,
              19.4900217132105
            ],
            [
              83.1353939681995,
              19.4897324761972
            ],
            [
              83.1328137167867,
              19.4907405389348
            ],
            [
              83.1258409126559,
              19.4896054497943
            ],
            [
              83.1275820963293,
              19.487490528847
            ],
            [
              83.1276129265563,
              19.4863469262985
            ],
            [
              83.1253485445234,
              19.4861886420495
            ],
            [
              83.122760176293,
              19.4858864244871
            ],
            [
              83.122104486051,
              19.4839494319906
            ],
            [
              83.1241162102521,
              19.483113489918
            ],
            [
              83.1241745016576,
              19.481136994053
            ],
            [
              83.1286782911051,
              19.4815082461103
            ],
            [
              83.1296604403057,
              19.4802202144864
            ],
            [
              83.1318692731093,
              19.481352263832
            ],
            [
              83.1333996781537,
              19.4821944823815
            ],
            [
              83.1339129231302,
              19.4803453532027
            ],
            [
              83.134339986212,
              19.4784705541556
            ],
            [
              83.1376229587803,
              19.4802015547369
            ],
            [
              83.1392407113926,
              19.4789331111058
            ],
            [
              83.1407429792487,
              19.4800381708708
            ],
            [
              83.1389203183794,
              19.4828460746681
            ],
            [
              83.151738452139,
              19.4878907954202
            ],
            [
              83.152694119318,
              19.4872002327142
            ],
            [
              83.1550744486181,
              19.4870792533438
            ],
            [
              83.1557111630758,
              19.485132341677
            ],
            [
              83.1538561588369,
              19.4811993112884
            ],
            [
              83.157541351992,
              19.4806747137725
            ],
            [
              83.1579526676893,
              19.4806747155643
            ],
            [
              83.158335902395,
              19.4805517357019
            ],
            [
              83.1587299953584,
              19.480415199297
            ],
            [
              83.1591159197352,
              19.4802872300758
            ],
            [
              83.1602299748732,
              19.4807859815355
            ],
            [
              83.1623407795735,
              19.4798511445116
            ],
            [
              83.1638381523036,
              19.480704619654
            ],
            [
              83.1626318312208,
              19.4844175770582
            ],
            [
              83.1622951964258,
              19.4892223357011
            ],
            [
              83.1595441549227,
              19.4927814306684
            ],
            [
              83.1579114587892,
              19.4949327172855
            ],
            [
              83.1566912223751,
              19.4966621915408
            ],
            [
              83.1543445269986,
              19.499822526769
            ],
            [
              83.1523453297231,
              19.502300155308
            ],
            [
              83.1508878555698,
              19.5020083990923
            ],
            [
              83.1495642939884,
              19.503299528499
            ],
            [
              83.1475218725755,
              19.5037322990832
            ],
            [
              83.1531886828485,
              19.5056691248424
            ],
            [
              83.1548986474163,
              19.512610888605
            ],
            [
              83.151991481099,
              19.5146405455819
            ],
            [
              83.1520210562417,
              19.5172327743256
            ],
            [
              83.1502388536865,
              19.516819488791
            ],
            [
              83.150763871909,
              19.5212998670938
            ],
            [
              83.1532737401988,
              19.5221280887491
            ],
            [
              83.1521416384346,
              19.5258822599963
            ],
            [
              83.1540333773641,
              19.528612888437
            ],
            [
              83.1524773477003,
              19.5299807930394
            ],
            [
              83.1528473761212,
              19.5324394561232
            ],
            [
              83.1487693859664,
              19.5331553868275
            ],
            [
              83.1451186525631,
              19.5337343341457
            ],
            [
              83.1435144759954,
              19.5339828981619
            ],
            [
              83.142988000923,
              19.5311695483984
            ]
          ]
        ]
      }
    }
  ]
}