<?xml version="1.0" encoding="UTF-8"?>
<kml xmlns="http://www.opengis.net/kml/2.2" xmlns:gx="http://www.google.com/kml/ext/2.2" xmlns:kml="http://www.opengis.net/kml/2.2" xmlns:atom="http://www.w3.org/2005/Atom">
  <Document>
    <name>Component wise land break up Dep-4</name>
    <open>1</open>
    <Document>
      <name>1 Area under Mining Insitu 94dot11 ha</name>
      <open>1</open>
      <Schema name="2" id="kml_schema_ft_2">
        <SimpleField type="xsd:double" name="AREA">
          <displayName>AREA</displayName>
        </SimpleField>
        <SimpleField type="xsd:string" name="Facility">
          <displayName>Facility</displayName>
        </SimpleField>
        <SimpleField type="xsd:string" name="New_compartment_no">
          <displayName>New_compartment_no</displayName>
        </SimpleField>
        <SimpleField type="xsd:string" name="Old_compartment_no">
          <displayName>Old_compartment_no</displayName>
        </SimpleField>
        <SimpleField type="xsd:string" name="Forest_Type">
          <displayName>Forest_Type</displayName>
        </SimpleField>
        <SimpleField type="xsd:string" name="Division">
          <displayName>Division</displayName>
        </SimpleField>
        <SimpleField type="xsd:string" name="Range">
          <displayName>Range</displayName>
        </SimpleField>
        <SimpleField type="xsd:string" name="RF">
          <displayName>RF</displayName>
        </SimpleField>
        <SimpleField type="xsd:string" name="Village">
          <displayName>Village</displayName>
        </SimpleField>
        <SimpleField type="xsd:string" name="Khasra_no">
          <displayName>Khasra_no</displayName>
        </SimpleField>
        <SimpleField type="xsd:string" name="Land_Type">
          <displayName>Land_Type</displayName>
        </SimpleField>
      </Schema>
      <StyleMap id="msn_ylw-pushpin">
        <Pair>
          <key>normal</key>
          <styleUrl>#sn_ylw-pushpin</styleUrl>
        </Pair>
        <Pair>
          <key>highlight</key>
          <styleUrl>#sh_ylw-pushpin</styleUrl>
        </Pair>
      </StyleMap>
      <Style id="sh_ylw-pushpin">
        <IconStyle>
          <scale>1.3</scale>
          <Icon>
            <href>http://maps.google.com/mapfiles/kml/pushpin/ylw-pushpin.png</href>
          </Icon>
          <hotSpot x="20" y="2" xunits="pixels" yunits="pixels" />
        </IconStyle>
        <BalloonStyle>
        </BalloonStyle>
        <LineStyle>
          <color>ff0000ff</color>
        </LineStyle>
        <PolyStyle>
          <fill>0</fill>
        </PolyStyle>
      </Style>
      <Style id="sn_ylw-pushpin">
        <IconStyle>
          <scale>1.1</scale>
          <Icon>
            <href>http://maps.google.com/mapfiles/kml/pushpin/ylw-pushpin.png</href>
          </Icon>
          <hotSpot x="20" y="2" xunits="pixels" yunits="pixels" />
        </IconStyle>
        <BalloonStyle>
        </BalloonStyle>
        <LineStyle>
          <color>ff0000ff</color>
        </LineStyle>
        <PolyStyle>
          <fill>0</fill>
        </PolyStyle>
      </Style>
      <Placemark id="kml_1">
        <name>kml 1</name>
        <snippet>
        </snippet>
        <description><![CDATA[<center><table><tr><th colspan='2' align='center'><em>Attributes</em></th></tr><tr bgcolor="#E3E3F3">
<th>AREA</th>
<td>28456.92665173711</td>
</tr><tr bgcolor="">
<th>Facility</th>
<td>Area under mining (Insitu)</td>
</tr><tr bgcolor="#E3E3F3">
<th>New_compartment_no</th>
<td>1832</td>
</tr><tr bgcolor="">
<th>Old_compartment_no</th>
<td>665</td>
</tr><tr bgcolor="#E3E3F3">
<th>Forest_Type</th>
<td>Reserved forest</td>
</tr><tr bgcolor="">
<th>Division</th>
<td>Dantewada</td>
</tr><tr bgcolor="#E3E3F3">
<th>Range</th>
<td>Bacheli</td>
</tr><tr bgcolor="">
<th>RF</th>
<td>Bailadila</td>
</tr><tr bgcolor="#E3E3F3">
<th>Village</th>
<td>NA</td>
</tr><tr bgcolor="">
<th>Khasra_no</th>
<td>NA</td>
</tr><tr bgcolor="#E3E3F3">
<th>Land_Type</th>
<td>RF</td>
</tr></table></center>]]></description>
        <styleUrl>#msn_ylw-pushpin</styleUrl>
        <ExtendedData>
          <SchemaData schemaUrl="#kml_schema_ft_2">
            <SimpleData name="AREA">28456.92665173711</SimpleData>
            <SimpleData name="Facility">Area under mining (Insitu)</SimpleData>
            <SimpleData name="New_compartment_no">1832</SimpleData>
            <SimpleData name="Old_compartment_no">665</SimpleData>
            <SimpleData name="Forest_Type">Reserved forest</SimpleData>
            <SimpleData name="Division">Dantewada</SimpleData>
            <SimpleData name="Range">Bacheli</SimpleData>
            <SimpleData name="RF">Bailadila</SimpleData>
            <SimpleData name="Village">NA</SimpleData>
            <SimpleData name="Khasra_no">NA</SimpleData>
            <SimpleData name="Land_Type">RF</SimpleData>
          </SchemaData>
        </ExtendedData>
        <Polygon>
          <outerBoundaryIs>
            <LinearRing>
              <coordinates>
81.2120976,18.7267635,0
81.2120716,18.7269140,0
81.2116602,18.7270282,0
81.2113009,18.7271000,0
81.2112111,18.7270085,0
81.2111093,18.7270179,0
81.2110172,18.7270097,0
81.2109689,18.7269007,0
81.2108269,18.7268873,0
81.2107883,18.7267824,0
81.2105986,18.7267628,0
81.2105510,18.7266561,0
81.2104137,18.7266442,0
81.2102551,18.7266179,0
81.2100111,18.7263152,0
81.2113861,18.7249036,0
81.2120976,18.7267635,0
</coordinates>
            </LinearRing>
          </outerBoundaryIs>
        </Polygon>
        <id>FP/CG/MIN/146694/2021</id>
        <id1>4112212521214727Y5CompartmentwiseandComponentwiselandbreakupDep4.kml</id1>
        <id2>Pno_Inserted</id2>
      </Placemark>
      <Placemark id="kml_2">
        <name>kml 2</name>
        <snippet>
        </snippet>
        <description><![CDATA[<center><table><tr><th colspan='2' align='center'><em>Attributes</em></th></tr><tr bgcolor="#E3E3F3">
<th>AREA</th>
<td>124862.63443547684</td>
</tr><tr bgcolor="">
<th>Facility</th>
<td>Area under mining (Insitu)</td>
</tr><tr bgcolor="#E3E3F3">
<th>New_compartment_no</th>
<td>1833</td>
</tr><tr bgcolor="">
<th>Old_compartment_no</th>
<td>664</td>
</tr><tr bgcolor="#E3E3F3">
<th>Forest_Type</th>
<td>Reserved forest</td>
</tr><tr bgcolor="">
<th>Division</th>
<td>Dantewada</td>
</tr><tr bgcolor="#E3E3F3">
<th>Range</th>
<td>Bacheli</td>
</tr><tr bgcolor="">
<th>RF</th>
<td>Bailadila</td>
</tr><tr bgcolor="#E3E3F3">
<th>Village</th>
<td>NA</td>
</tr><tr bgcolor="">
<th>Khasra_no</th>
<td>NA</td>
</tr><tr bgcolor="#E3E3F3">
<th>Land_Type</th>
<td>RF</td>
</tr></table></center>]]></description>
        <styleUrl>#msn_ylw-pushpin</styleUrl>
        <ExtendedData>
          <SchemaData schemaUrl="#kml_schema_ft_2">
            <SimpleData name="AREA">124862.63443547684</SimpleData>
            <SimpleData name="Facility">Area under mining (Insitu)</SimpleData>
            <SimpleData name="New_compartment_no">1833</SimpleData>
            <SimpleData name="Old_compartment_no">664</SimpleData>
            <SimpleData name="Forest_Type">Reserved forest</SimpleData>
            <SimpleData name="Division">Dantewada</SimpleData>
            <SimpleData name="Range">Bacheli</SimpleData>
            <SimpleData name="RF">Bailadila</SimpleData>
            <SimpleData name="Village">NA</SimpleData>
            <SimpleData name="Khasra_no">NA</SimpleData>
            <SimpleData name="Land_Type">RF</SimpleData>
          </SchemaData>
        </ExtendedData>
        <Polygon>
          <outerBoundaryIs>
            <LinearRing>
              <coordinates>
81.2113861,18.7249036,0
81.2100111,18.7263152,0
81.2099508,18.7262404,0
81.2098244,18.7261510,0
81.2097802,18.7259956,0
81.2097593,18.7259165,0
81.2096436,18.7258601,0
81.2096294,18.7257646,0
81.2096073,18.7255693,0
81.2093839,18.7252799,0
81.2092049,18.7250035,0
81.2091123,18.7247189,0
81.2090961,18.7245335,0
81.2090601,18.7243430,0
81.2090453,18.7242780,0
81.2090180,18.7242534,0
81.2089146,18.7241018,0
81.2088440,18.7238140,0
81.2087993,18.7237691,0
81.2087020,18.7236574,0
81.2086518,18.7234630,0
81.2085544,18.7231718,0
81.2083919,18.7227943,0
81.2080791,18.7222124,0
81.2074425,18.7212993,0
81.2073974,18.7212191,0
81.2074375,18.7209080,0
81.2073196,18.7207214,0
81.2072352,18.7203263,0
81.2069496,18.7194072,0
81.2074981,18.7193940,0
81.2085467,18.7194109,0
81.2087084,18.7208533,0
81.2100993,18.7229007,0
81.2103681,18.7233190,0
81.2104600,18.7234621,0
81.2113861,18.7249036,0
</coordinates>
            </LinearRing>
          </outerBoundaryIs>
        </Polygon>
        <id>FP/CG/MIN/146694/2021</id>
        <id1>4112212521214727Y5CompartmentwiseandComponentwiselandbreakupDep4.kml</id1>
        <id2>Pno_Inserted</id2>
      </Placemark>
      <Placemark id="kml_3">
        <name>kml 3</name>
        <snippet>
        </snippet>
        <description><![CDATA[<center><table><tr><th colspan='2' align='center'><em>Attributes</em></th></tr><tr bgcolor="#E3E3F3">
<th>AREA</th>
<td>42994.278566709516</td>
</tr><tr bgcolor="">
<th>Facility</th>
<td>Area under mining (Insitu)</td>
</tr><tr bgcolor="#E3E3F3">
<th>New_compartment_no</th>
<td>1886</td>
</tr><tr bgcolor="">
<th>Old_compartment_no</th>
<td>663</td>
</tr><tr bgcolor="#E3E3F3">
<th>Forest_Type</th>
<td>Reserved forest</td>
</tr><tr bgcolor="">
<th>Division</th>
<td>Dantewada</td>
</tr><tr bgcolor="#E3E3F3">
<th>Range</th>
<td>Bacheli</td>
</tr><tr bgcolor="">
<th>RF</th>
<td>Bailadila</td>
</tr><tr bgcolor="#E3E3F3">
<th>Village</th>
<td>NA</td>
</tr><tr bgcolor="">
<th>Khasra_no</th>
<td>NA</td>
</tr><tr bgcolor="#E3E3F3">
<th>Land_Type</th>
<td>RF</td>
</tr></table></center>]]></description>
        <styleUrl>#msn_ylw-pushpin</styleUrl>
        <ExtendedData>
          <SchemaData schemaUrl="#kml_schema_ft_2">
            <SimpleData name="AREA">42994.278566709516</SimpleData>
            <SimpleData name="Facility">Area under mining (Insitu)</SimpleData>
            <SimpleData name="New_compartment_no">1886</SimpleData>
            <SimpleData name="Old_compartment_no">663</SimpleData>
            <SimpleData name="Forest_Type">Reserved forest</SimpleData>
            <SimpleData name="Division">Dantewada</SimpleData>
            <SimpleData name="Range">Bacheli</SimpleData>
            <SimpleData name="RF">Bailadila</SimpleData>
            <SimpleData name="Village">NA</SimpleData>
            <SimpleData name="Khasra_no">NA</SimpleData>
            <SimpleData name="Land_Type">RF</SimpleData>
          </SchemaData>
        </ExtendedData>
        <Polygon>
          <outerBoundaryIs>
            <LinearRing>
              <coordinates>
81.2085467,18.7194109,0
81.2074981,18.7193940,0
81.2069496,18.7194072,0
81.2069234,18.7193231,0
81.2061390,18.7179781,0
81.2061467,18.7174408,0
81.2061604,18.7174590,0
81.2075224,18.7176103,0
81.2084589,18.7177346,0
81.2085467,18.7194109,0
</coordinates>
            </LinearRing>
          </outerBoundaryIs>
        </Polygon>
        <id>FP/CG/MIN/146694/2021</id>
        <id1>4112212521214727Y5CompartmentwiseandComponentwiselandbreakupDep4.kml</id1>
        <id2>Pno_Inserted</id2>
      </Placemark>
      <Placemark id="kml_4">
        <name>kml 4</name>
        <snippet>
        </snippet>
        <description><![CDATA[<center><table><tr><th colspan='2' align='center'><em>Attributes</em></th></tr><tr bgcolor="#E3E3F3">
<th>AREA</th>
<td>300938.93676547054</td>
</tr><tr bgcolor="">
<th>Facility</th>
<td>Area under mining (Insitu)</td>
</tr><tr bgcolor="#E3E3F3">
<th>New_compartment_no</th>
<td>1885</td>
</tr><tr bgcolor="">
<th>Old_compartment_no</th>
<td>662</td>
</tr><tr bgcolor="#E3E3F3">
<th>Forest_Type</th>
<td>Reserved forest</td>
</tr><tr bgcolor="">
<th>Division</th>
<td>Dantewada</td>
</tr><tr bgcolor="#E3E3F3">
<th>Range</th>
<td>Bacheli</td>
</tr><tr bgcolor="">
<th>RF</th>
<td>Bailadila</td>
</tr><tr bgcolor="#E3E3F3">
<th>Village</th>
<td>NA</td>
</tr><tr bgcolor="">
<th>Khasra_no</th>
<td>NA</td>
</tr><tr bgcolor="#E3E3F3">
<th>Land_Type</th>
<td>RF</td>
</tr></table></center>]]></description>
        <styleUrl>#msn_ylw-pushpin</styleUrl>
        <ExtendedData>
          <SchemaData schemaUrl="#kml_schema_ft_2">
            <SimpleData name="AREA">300938.93676547054</SimpleData>
            <SimpleData name="Facility">Area under mining (Insitu)</SimpleData>
            <SimpleData name="New_compartment_no">1885</SimpleData>
            <SimpleData name="Old_compartment_no">662</SimpleData>
            <SimpleData name="Forest_Type">Reserved forest</SimpleData>
            <SimpleData name="Division">Dantewada</SimpleData>
            <SimpleData name="Range">Bacheli</SimpleData>
            <SimpleData name="RF">Bailadila</SimpleData>
            <SimpleData name="Village">NA</SimpleData>
            <SimpleData name="Khasra_no">NA</SimpleData>
            <SimpleData name="Land_Type">RF</SimpleData>
          </SchemaData>
        </ExtendedData>
        <Polygon>
          <outerBoundaryIs>
            <LinearRing>
              <coordinates>
81.2087053,18.7158750,0
81.2084589,18.7177346,0
81.2075224,18.7176103,0
81.2061604,18.7174590,0
81.2061467,18.7174408,0
81.2061506,18.7171693,0
81.2062412,18.7167034,0
81.2064415,18.7162898,0
81.2070628,18.7145502,0
81.2070849,18.7140757,0
81.2073141,18.7133870,0
81.2073009,18.7132422,0
81.2073990,18.7130275,0
81.2074008,18.7128783,0
81.2075150,18.7126831,0
81.2074157,18.7124280,0
81.2076507,18.7121347,0
81.2078042,18.7119711,0
81.2078212,18.7116638,0
81.2076226,18.7114461,0
81.2075873,18.7112437,0
81.2070367,18.7103076,0
81.2064624,18.7095605,0
81.2063111,18.7089328,0
81.2061983,18.7080333,0
81.2061037,18.7071705,0
81.2059789,18.7066529,0
81.2057270,18.7061268,0
81.2055684,18.7056027,0
81.2055954,18.7052343,0
81.2054651,18.7047796,0
81.2050231,18.7036566,0
81.2050109,18.7032578,0
81.2049906,18.7024607,0
81.2049010,18.7022072,0
81.2048327,18.7018110,0
81.2048244,18.7017349,0
81.2046359,18.7014475,0
81.2045057,18.7010956,0
81.2042462,18.7005994,0
81.2041367,18.7003506,0
81.2040779,18.7001687,0
81.2040161,18.7000805,0
81.2039789,18.6997905,0
81.2039849,18.6997281,0
81.2038752,18.6996963,0
81.2038788,18.6995980,0
81.2038922,18.6994746,0
81.2038245,18.6994734,0
81.2037863,18.6994690,0
81.2037806,18.6994390,0
81.2037923,18.6993378,0
81.2038040,18.6992869,0
81.2038427,18.6992345,0
81.2054532,18.7011331,0
81.2066067,18.7033574,0
81.2068207,18.7040639,0
81.2069671,18.7045473,0
81.2073503,18.7058129,0
81.2082544,18.7092209,0
81.2083574,18.7131191,0
81.2087565,18.7154888,0
81.2087053,18.7158750,0
</coordinates>
            </LinearRing>
          </outerBoundaryIs>
        </Polygon>
        <id>FP/CG/MIN/146694/2021</id>
        <id1>4112212521214727Y5CompartmentwiseandComponentwiselandbreakupDep4.kml</id1>
        <id2>Pno_Inserted</id2>
      </Placemark>
      <Placemark id="kml_5">
        <name>kml 5</name>
        <snippet>
        </snippet>
        <description><![CDATA[<center><table><tr><th colspan='2' align='center'><em>Attributes</em></th></tr><tr bgcolor="#E3E3F3">
<th>AREA</th>
<td>443846.9651069429</td>
</tr><tr bgcolor="">
<th>Facility</th>
<td>Area under mining (Insitu)</td>
</tr><tr bgcolor="#E3E3F3">
<th>New_compartment_no</th>
<td>1834</td>
</tr><tr bgcolor="">
<th>Old_compartment_no</th>
<td>666</td>
</tr><tr bgcolor="#E3E3F3">
<th>Forest_Type</th>
<td>Reserved forest</td>
</tr><tr bgcolor="">
<th>Division</th>
<td>Dantewada</td>
</tr><tr bgcolor="#E3E3F3">
<th>Range</th>
<td>Bacheli</td>
</tr><tr bgcolor="">
<th>RF</th>
<td>Bailadila</td>
</tr><tr bgcolor="#E3E3F3">
<th>Village</th>
<td>NA</td>
</tr><tr bgcolor="">
<th>Khasra_no</th>
<td>NA</td>
</tr><tr bgcolor="#E3E3F3">
<th>Land_Type</th>
<td>RF</td>
</tr></table></center>]]></description>
        <styleUrl>#msn_ylw-pushpin</styleUrl>
        <ExtendedData>
          <SchemaData schemaUrl="#kml_schema_ft_2">
            <SimpleData name="AREA">443846.9651069429</SimpleData>
            <SimpleData name="Facility">Area under mining (Insitu)</SimpleData>
            <SimpleData name="New_compartment_no">1834</SimpleData>
            <SimpleData name="Old_compartment_no">666</SimpleData>
            <SimpleData name="Forest_Type">Reserved forest</SimpleData>
            <SimpleData name="Division">Dantewada</SimpleData>
            <SimpleData name="Range">Bacheli</SimpleData>
            <SimpleData name="RF">Bailadila</SimpleData>
            <SimpleData name="Village">NA</SimpleData>
            <SimpleData name="Khasra_no">NA</SimpleData>
            <SimpleData name="Land_Type">RF</SimpleData>
          </SchemaData>
        </ExtendedData>
        <Polygon>
          <outerBoundaryIs>
            <LinearRing>
              <coordinates>
81.2117054,18.7224391,0
81.2119082,18.7230664,0
81.2120484,18.7231568,0
81.2121230,18.7233973,0
81.2122569,18.7234966,0
81.2123364,18.7238459,0
81.2123589,18.7240260,0
81.2122516,18.7244097,0
81.2122181,18.7248659,0
81.2121920,18.7250863,0
81.2122047,18.7252226,0
81.2122834,18.7254249,0
81.2122695,18.7256518,0
81.2123037,18.7260523,0
81.2123012,18.7262122,0
81.2122011,18.7264285,0
81.2121092,18.7266962,0
81.2120976,18.7267635,0
81.2113861,18.7249036,0
81.2104600,18.7234621,0
81.2103681,18.7233190,0
81.2100993,18.7229007,0
81.2087084,18.7208533,0
81.2085467,18.7194109,0
81.2084589,18.7177346,0
81.2087565,18.7154888,0
81.2083574,18.7131191,0
81.2082544,18.7092209,0
81.2077088,18.7071643,0
81.2076104,18.7067934,0
81.2073503,18.7058129,0
81.2069671,18.7045473,0
81.2068207,18.7040639,0
81.2066067,18.7033574,0
81.2054532,18.7011331,0
81.2038427,18.6992345,0
81.2038917,18.6991681,0
81.2039783,18.6990795,0
81.2040581,18.6990226,0
81.2041061,18.6989900,0
81.2041447,18.6989717,0
81.2043812,18.6989139,0
81.2044321,18.6989170,0
81.2045529,18.6990221,0
81.2045749,18.6990230,0
81.2046836,18.6990531,0
81.2047692,18.6990916,0
81.2047957,18.6991077,0
81.2048555,18.6992495,0
81.2049612,18.6993113,0
81.2050864,18.6994121,0
81.2057460,18.7001249,0
81.2059379,18.7001824,0
81.2062109,18.7005447,0
81.2064090,18.7008827,0
81.2065205,18.7011100,0
81.2065705,18.7011745,0
81.2066846,18.7012997,0
81.2067948,18.7014386,0
81.2068395,18.7016045,0
81.2068510,18.7016801,0
81.2070026,18.7018797,0
81.2072779,18.7023344,0
81.2075066,18.7026784,0
81.2076127,18.7028703,0
81.2078167,18.7030985,0
81.2081230,18.7038654,0
81.2083934,18.7045733,0
81.2085151,18.7051107,0
81.2085830,18.7054711,0
81.2087398,18.7057853,0
81.2090389,18.7065471,0
81.2093841,18.7069449,0
81.2096486,18.7073746,0
81.2097119,18.7075947,0
81.2099473,18.7080375,0
81.2100258,18.7082487,0
81.2100642,18.7086590,0
81.2100138,18.7089271,0
81.2100591,18.7091275,0
81.2099231,18.7095027,0
81.2098944,18.7098308,0
81.2099382,18.7101341,0
81.2098801,18.7104253,0
81.2097714,18.7106376,0
81.2098125,18.7108020,0
81.2096075,18.7111282,0
81.2096724,18.7112829,0
81.2095688,18.7116660,0
81.2095190,18.7120134,0
81.2095515,18.7126487,0
81.2095656,18.7127845,0
81.2095770,18.7130327,0
81.2096012,18.7136876,0
81.2096486,18.7141923,0
81.2096679,18.7143500,0
81.2097297,18.7144539,0
81.2097670,18.7145008,0
81.2097572,18.7146855,0
81.2097519,18.7147168,0
81.2097221,18.7148930,0
81.2098067,18.7150011,0
81.2097698,18.7151687,0
81.2097366,18.7152168,0
81.2097063,18.7152605,0
81.2096469,18.7153477,0
81.2097203,18.7154351,0
81.2096582,18.7155196,0
81.2094808,18.7157042,0
81.2096139,18.7158330,0
81.2094848,18.7159660,0
81.2094530,18.7160188,0
81.2096929,18.7162783,0
81.2096360,18.7165080,0
81.2094718,18.7169713,0
81.2095433,18.7170798,0
81.2095047,18.7172598,0
81.2094977,18.7175618,0
81.2097163,18.7180884,0
81.2101122,18.7187308,0
81.2100967,18.7188982,0
81.2102008,18.7191144,0
81.2101471,18.7192360,0
81.2102501,18.7194538,0
81.2102495,18.7196643,0
81.2110752,18.7209267,0
81.2113051,18.7216970,0
81.2117054,18.7224391,0
</coordinates>
            </LinearRing>
          </outerBoundaryIs>
        </Polygon>
        <id>FP/CG/MIN/146694/2021</id>
        <id1>4112212521214727Y5CompartmentwiseandComponentwiselandbreakupDep4.kml</id1>
        <id2>Pno_Inserted</id2>
      </Placemark>
    </Document>
    <Document>
      <name>2 Area under mining Float ore 70dot52 ha</name>
      <open>1</open>
      <Schema name="7" id="kml_schema_ft_7">
        <SimpleField type="xsd:double" name="AREA">
          <displayName>AREA</displayName>
        </SimpleField>
        <SimpleField type="xsd:string" name="Facility">
          <displayName>Facility</displayName>
        </SimpleField>
        <SimpleField type="xsd:string" name="New_compartment_no">
          <displayName>New_compartment_no</displayName>
        </SimpleField>
        <SimpleField type="xsd:string" name="Old_compartment_no">
          <displayName>Old_compartment_no</displayName>
        </SimpleField>
        <SimpleField type="xsd:string" name="Forest_Type">
          <displayName>Forest_Type</displayName>
        </SimpleField>
        <SimpleField type="xsd:string" name="Division">
          <displayName>Division</displayName>
        </SimpleField>
        <SimpleField type="xsd:string" name="Range">
          <displayName>Range</displayName>
        </SimpleField>
        <SimpleField type="xsd:string" name="RF">
          <displayName>RF</displayName>
        </SimpleField>
        <SimpleField type="xsd:string" name="Village">
          <displayName>Village</displayName>
        </SimpleField>
        <SimpleField type="xsd:string" name="Khasra_no">
          <displayName>Khasra_no</displayName>
        </SimpleField>
        <SimpleField type="xsd:string" name="Land_Type">
          <displayName>Land_Type</displayName>
        </SimpleField>
      </Schema>
      <StyleMap id="m_ylw-pushpin0">
        <Pair>
          <key>normal</key>
          <styleUrl>#s_ylw-pushpin0</styleUrl>
        </Pair>
        <Pair>
          <key>highlight</key>
          <styleUrl>#s_ylw-pushpin_hl0</styleUrl>
        </Pair>
      </StyleMap>
      <StyleMap id="msn_ylw-pushpin0">
        <Pair>
          <key>normal</key>
          <styleUrl>#sn_ylw-pushpin0</styleUrl>
        </Pair>
        <Pair>
          <key>highlight</key>
          <styleUrl>#sh_ylw-pushpin0</styleUrl>
        </Pair>
      </StyleMap>
      <Style id="s_ylw-pushpin0">
        <IconStyle>
          <scale>1.1</scale>
          <Icon>
            <href>http://maps.google.com/mapfiles/kml/pushpin/ylw-pushpin.png</href>
          </Icon>
          <hotSpot x="20" y="2" xunits="pixels" yunits="pixels" />
        </IconStyle>
        <LineStyle>
          <color>ff00aaff</color>
        </LineStyle>
        <PolyStyle>
          <fill>0</fill>
        </PolyStyle>
      </Style>
      <Style id="s_ylw-pushpin_hl0">
        <IconStyle>
          <scale>1.3</scale>
          <Icon>
            <href>http://maps.google.com/mapfiles/kml/pushpin/ylw-pushpin.png</href>
          </Icon>
          <hotSpot x="20" y="2" xunits="pixels" yunits="pixels" />
        </IconStyle>
        <LineStyle>
          <color>ff00aaff</color>
        </LineStyle>
        <PolyStyle>
          <fill>0</fill>
        </PolyStyle>
      </Style>
      <Style id="sh_ylw-pushpin0">
        <IconStyle>
          <scale>1.3</scale>
          <Icon>
            <href>http://maps.google.com/mapfiles/kml/pushpin/ylw-pushpin.png</href>
          </Icon>
          <hotSpot x="20" y="2" xunits="pixels" yunits="pixels" />
        </IconStyle>
        <BalloonStyle>
        </BalloonStyle>
        <LineStyle>
          <color>ff00aaff</color>
        </LineStyle>
        <PolyStyle>
          <fill>0</fill>
        </PolyStyle>
      </Style>
      <Style id="sn_ylw-pushpin0">
        <IconStyle>
          <scale>1.1</scale>
          <Icon>
            <href>http://maps.google.com/mapfiles/kml/pushpin/ylw-pushpin.png</href>
          </Icon>
          <hotSpot x="20" y="2" xunits="pixels" yunits="pixels" />
        </IconStyle>
        <BalloonStyle>
        </BalloonStyle>
        <LineStyle>
          <color>ff00aaff</color>
        </LineStyle>
        <PolyStyle>
          <fill>0</fill>
        </PolyStyle>
      </Style>
      <Placemark id="kml_1">
        <name>kml 1</name>
        <snippet>
        </snippet>
        <description><![CDATA[<center><table><tr><th colspan='2' align='center'><em>Attributes</em></th></tr><tr bgcolor="#E3E3F3">
<th>AREA</th>
<td>18876.396600280714</td>
</tr><tr bgcolor="">
<th>Facility</th>
<td>Area under mining (Float ore)</td>
</tr><tr bgcolor="#E3E3F3">
<th>New_compartment_no</th>
<td>1832</td>
</tr><tr bgcolor="">
<th>Old_compartment_no</th>
<td>665</td>
</tr><tr bgcolor="#E3E3F3">
<th>Forest_Type</th>
<td>Reserved forest</td>
</tr><tr bgcolor="">
<th>Division</th>
<td>Dantewada</td>
</tr><tr bgcolor="#E3E3F3">
<th>Range</th>
<td>Bacheli</td>
</tr><tr bgcolor="">
<th>RF</th>
<td>Bailadila</td>
</tr><tr bgcolor="#E3E3F3">
<th>Village</th>
<td>NA</td>
</tr><tr bgcolor="">
<th>Khasra_no</th>
<td>NA</td>
</tr><tr bgcolor="#E3E3F3">
<th>Land_Type</th>
<td>RF</td>
</tr></table></center>]]></description>
        <styleUrl>#msn_ylw-pushpin0</styleUrl>
        <ExtendedData>
          <SchemaData schemaUrl="#kml_schema_ft_7">
            <SimpleData name="AREA">18876.396600280714</SimpleData>
            <SimpleData name="Facility">Area under mining (Float ore)</SimpleData>
            <SimpleData name="New_compartment_no">1832</SimpleData>
            <SimpleData name="Old_compartment_no">665</SimpleData>
            <SimpleData name="Forest_Type">Reserved forest</SimpleData>
            <SimpleData name="Division">Dantewada</SimpleData>
            <SimpleData name="Range">Bacheli</SimpleData>
            <SimpleData name="RF">Bailadila</SimpleData>
            <SimpleData name="Village">NA</SimpleData>
            <SimpleData name="Khasra_no">NA</SimpleData>
            <SimpleData name="Land_Type">RF</SimpleData>
          </SchemaData>
        </ExtendedData>
        <Polygon>
          <outerBoundaryIs>
            <LinearRing>
              <coordinates>
81.2106051,18.7279895,0
81.2107808,18.7282711,0
81.2060336,18.7282555,0
81.2060868,18.7282064,0
81.2079278,18.7282282,0
81.2090300,18.7278759,0
81.2095455,18.7270128,0
81.2096172,18.7270515,0
81.2098464,18.7272351,0
81.2099920,18.7273682,0
81.2102258,18.7275770,0
81.2103853,18.7277438,0
81.2106051,18.7279895,0
</coordinates>
            </LinearRing>
          </outerBoundaryIs>
        </Polygon>
        <id>FP/CG/MIN/146694/2021</id>
        <id1>4112212521214727Y5CompartmentwiseandComponentwiselandbreakupDep4.kml</id1>
        <id2>Pno_Inserted</id2>
      </Placemark>
      <Placemark id="kml_2">
        <name>kml 2</name>
        <snippet>
        </snippet>
        <description><![CDATA[<center><table><tr><th colspan='2' align='center'><em>Attributes</em></th></tr><tr bgcolor="#E3E3F3">
<th>AREA</th>
<td>38869.359070728664</td>
</tr><tr bgcolor="">
<th>Facility</th>
<td>Area under mining (Float ore)</td>
</tr><tr bgcolor="#E3E3F3">
<th>New_compartment_no</th>
<td>1833</td>
</tr><tr bgcolor="">
<th>Old_compartment_no</th>
<td>664</td>
</tr><tr bgcolor="#E3E3F3">
<th>Forest_Type</th>
<td>Reserved forest</td>
</tr><tr bgcolor="">
<th>Division</th>
<td>Dantewada</td>
</tr><tr bgcolor="#E3E3F3">
<th>Range</th>
<td>Bacheli</td>
</tr><tr bgcolor="">
<th>RF</th>
<td>Bailadila</td>
</tr><tr bgcolor="#E3E3F3">
<th>Village</th>
<td>NA</td>
</tr><tr bgcolor="">
<th>Khasra_no</th>
<td>NA</td>
</tr><tr bgcolor="#E3E3F3">
<th>Land_Type</th>
<td>RF</td>
</tr></table></center>]]></description>
        <styleUrl>#msn_ylw-pushpin0</styleUrl>
        <ExtendedData>
          <SchemaData schemaUrl="#kml_schema_ft_7">
            <SimpleData name="AREA">38869.359070728664</SimpleData>
            <SimpleData name="Facility">Area under mining (Float ore)</SimpleData>
            <SimpleData name="New_compartment_no">1833</SimpleData>
            <SimpleData name="Old_compartment_no">664</SimpleData>
            <SimpleData name="Forest_Type">Reserved forest</SimpleData>
            <SimpleData name="Division">Dantewada</SimpleData>
            <SimpleData name="Range">Bacheli</SimpleData>
            <SimpleData name="RF">Bailadila</SimpleData>
            <SimpleData name="Village">NA</SimpleData>
            <SimpleData name="Khasra_no">NA</SimpleData>
            <SimpleData name="Land_Type">RF</SimpleData>
          </SchemaData>
        </ExtendedData>
        <Polygon>
          <outerBoundaryIs>
            <LinearRing>
              <coordinates>
81.2090300,18.7278759,0
81.2079278,18.7282282,0
81.2060868,18.7282064,0
81.2063559,18.7279583,0
81.2066371,18.7277050,0
81.2068841,18.7274805,0
81.2071475,18.7272636,0
81.2073613,18.7270950,0
81.2076349,18.7268774,0
81.2077864,18.7267865,0
81.2079563,18.7266985,0
81.2081319,18.7266325,0
81.2083663,18.7266044,0
81.2086946,18.7266388,0
81.2088935,18.7267041,0
81.2092376,18.7268464,0
81.2095455,18.7270128,0
81.2090300,18.7278759,0
</coordinates>
            </LinearRing>
          </outerBoundaryIs>
        </Polygon>
        <id>FP/CG/MIN/146694/2021</id>
        <id1>4112212521214727Y5CompartmentwiseandComponentwiselandbreakupDep4.kml</id1>
        <id2>Pno_Inserted</id2>
      </Placemark>
      <Placemark id="kml_3">
        <name>kml 3</name>
        <snippet>
        </snippet>
        <description><![CDATA[<center><table><tr><th colspan='2' align='center'><em>Attributes</em></th></tr><tr bgcolor="#E3E3F3">
<th>AREA</th>
<td>217.1469936948156</td>
</tr><tr bgcolor="">
<th>Facility</th>
<td>Area under mining (Float ore)</td>
</tr><tr bgcolor="#E3E3F3">
<th>New_compartment_no</th>
<td>1841</td>
</tr><tr bgcolor="">
<th>Old_compartment_no</th>
<td>667</td>
</tr><tr bgcolor="#E3E3F3">
<th>Forest_Type</th>
<td>Reserved forest</td>
</tr><tr bgcolor="">
<th>Division</th>
<td>Dantewada</td>
</tr><tr bgcolor="#E3E3F3">
<th>Range</th>
<td>Bacheli</td>
</tr><tr bgcolor="">
<th>RF</th>
<td>Bailadila</td>
</tr><tr bgcolor="#E3E3F3">
<th>Village</th>
<td>NA</td>
</tr><tr bgcolor="">
<th>Khasra_no</th>
<td>NA</td>
</tr><tr bgcolor="#E3E3F3">
<th>Land_Type</th>
<td>RF</td>
</tr></table></center>]]></description>
        <styleUrl>#msn_ylw-pushpin0</styleUrl>
        <ExtendedData>
          <SchemaData schemaUrl="#kml_schema_ft_7">
            <SimpleData name="AREA">217.1469936948156</SimpleData>
            <SimpleData name="Facility">Area under mining (Float ore)</SimpleData>
            <SimpleData name="New_compartment_no">1841</SimpleData>
            <SimpleData name="Old_compartment_no">667</SimpleData>
            <SimpleData name="Forest_Type">Reserved forest</SimpleData>
            <SimpleData name="Division">Dantewada</SimpleData>
            <SimpleData name="Range">Bacheli</SimpleData>
            <SimpleData name="RF">Bailadila</SimpleData>
            <SimpleData name="Village">NA</SimpleData>
            <SimpleData name="Khasra_no">NA</SimpleData>
            <SimpleData name="Land_Type">RF</SimpleData>
          </SchemaData>
        </ExtendedData>
        <Polygon>
          <outerBoundaryIs>
            <LinearRing>
              <coordinates>
81.2135996,18.7213452,0
81.2134741,18.7212555,0
81.2133414,18.7211881,0
81.2132280,18.7211433,0
81.2132811,18.7210459,0
81.2135996,18.7213452,0
</coordinates>
            </LinearRing>
          </outerBoundaryIs>
        </Polygon>
        <id>FP/CG/MIN/146694/2021</id>
        <id1>4112212521214727Y5CompartmentwiseandComponentwiselandbreakupDep4.kml</id1>
        <id2>Pno_Inserted</id2>
      </Placemark>
      <Placemark id="kml_4">
        <name>kml 4</name>
        <snippet>
        </snippet>
        <description><![CDATA[<center><table><tr><th colspan='2' align='center'><em>Attributes</em></th></tr><tr bgcolor="#E3E3F3">
<th>AREA</th>
<td>11770.874791016286</td>
</tr><tr bgcolor="">
<th>Facility</th>
<td>Area under mining (Float ore)</td>
</tr><tr bgcolor="#E3E3F3">
<th>New_compartment_no</th>
<td>1834</td>
</tr><tr bgcolor="">
<th>Old_compartment_no</th>
<td></td>
</tr><tr bgcolor="#E3E3F3">
<th>Forest_Type</th>
<td>Reserved forest</td>
</tr><tr bgcolor="">
<th>Division</th>
<td>Dantewada</td>
</tr><tr bgcolor="#E3E3F3">
<th>Range</th>
<td>Bacheli</td>
</tr><tr bgcolor="">
<th>RF</th>
<td>Bailadila</td>
</tr><tr bgcolor="#E3E3F3">
<th>Village</th>
<td>NA</td>
</tr><tr bgcolor="">
<th>Khasra_no</th>
<td>NA</td>
</tr><tr bgcolor="#E3E3F3">
<th>Land_Type</th>
<td>RF</td>
</tr></table></center>]]></description>
        <styleUrl>#msn_ylw-pushpin0</styleUrl>
        <ExtendedData>
          <SchemaData schemaUrl="#kml_schema_ft_7">
            <SimpleData name="AREA">11770.874791016286</SimpleData>
            <SimpleData name="Facility">Area under mining (Float ore)</SimpleData>
            <SimpleData name="New_compartment_no">1834</SimpleData>
            <SimpleData name="Forest_Type">Reserved forest</SimpleData>
            <SimpleData name="Division">Dantewada</SimpleData>
            <SimpleData name="Range">Bacheli</SimpleData>
            <SimpleData name="RF">Bailadila</SimpleData>
            <SimpleData name="Village">NA</SimpleData>
            <SimpleData name="Khasra_no">NA</SimpleData>
            <SimpleData name="Land_Type">RF</SimpleData>
          </SchemaData>
        </ExtendedData>
        <Polygon>
          <outerBoundaryIs>
            <LinearRing>
              <coordinates>
81.2129394,18.7207249,0
81.2132811,18.7210459,0
81.2132280,18.7211433,0
81.2132053,18.7211344,0
81.2130612,18.7210983,0
81.2129492,18.7210984,0
81.2122328,18.7194738,0
81.2123483,18.7194741,0
81.2123525,18.7180918,0
81.2121500,18.7179180,0
81.2119749,18.7170012,0
81.2120682,18.7169850,0
81.2120002,18.7166294,0
81.2119069,18.7166455,0
81.2118836,18.7165234,0
81.2118362,18.7162753,0
81.2119295,18.7162591,0
81.2119943,18.7162470,0
81.2129394,18.7207249,0
</coordinates>
            </LinearRing>
          </outerBoundaryIs>
        </Polygon>
        <id>FP/CG/MIN/146694/2021</id>
        <id1>4112212521214727Y5CompartmentwiseandComponentwiselandbreakupDep4.kml</id1>
        <id2>Pno_Inserted</id2>
      </Placemark>
      <Placemark id="kml_5">
        <name>kml 5</name>
        <snippet>
        </snippet>
        <description><![CDATA[<center><table><tr><th colspan='2' align='center'><em>Attributes</em></th></tr><tr bgcolor="#E3E3F3">
<th>AREA</th>
<td>13328.808831416041</td>
</tr><tr bgcolor="">
<th>Facility</th>
<td>Area under mining (Float ore)</td>
</tr><tr bgcolor="#E3E3F3">
<th>New_compartment_no</th>
<td>1834</td>
</tr><tr bgcolor="">
<th>Old_compartment_no</th>
<td></td>
</tr><tr bgcolor="#E3E3F3">
<th>Forest_Type</th>
<td>Reserved forest</td>
</tr><tr bgcolor="">
<th>Division</th>
<td>Dantewada</td>
</tr><tr bgcolor="#E3E3F3">
<th>Range</th>
<td>Bacheli</td>
</tr><tr bgcolor="">
<th>RF</th>
<td>Bailadila</td>
</tr><tr bgcolor="#E3E3F3">
<th>Village</th>
<td>NA</td>
</tr><tr bgcolor="">
<th>Khasra_no</th>
<td>NA</td>
</tr><tr bgcolor="#E3E3F3">
<th>Land_Type</th>
<td>RF</td>
</tr></table></center>]]></description>
        <styleUrl>#msn_ylw-pushpin0</styleUrl>
        <ExtendedData>
          <SchemaData schemaUrl="#kml_schema_ft_7">
            <SimpleData name="AREA">13328.808831416041</SimpleData>
            <SimpleData name="Facility">Area under mining (Float ore)</SimpleData>
            <SimpleData name="New_compartment_no">1834</SimpleData>
            <SimpleData name="Forest_Type">Reserved forest</SimpleData>
            <SimpleData name="Division">Dantewada</SimpleData>
            <SimpleData name="Range">Bacheli</SimpleData>
            <SimpleData name="RF">Bailadila</SimpleData>
            <SimpleData name="Village">NA</SimpleData>
            <SimpleData name="Khasra_no">NA</SimpleData>
            <SimpleData name="Land_Type">RF</SimpleData>
          </SchemaData>
        </ExtendedData>
        <Polygon>
          <outerBoundaryIs>
            <LinearRing>
              <coordinates>
81.2124796,18.7212050,0
81.2124367,18.7212077,0
81.2123829,18.7212005,0
81.2123225,18.7211811,0
81.2122788,18.7211635,0
81.2122222,18.7211332,0
81.2121138,18.7210539,0
81.2120185,18.7209640,0
81.2118985,18.7208468,0
81.2117833,18.7206821,0
81.2117161,18.7205662,0
81.2116374,18.7204279,0
81.2115594,18.7202721,0
81.2114914,18.7201228,0
81.2114400,18.7199858,0
81.2113953,18.7198712,0
81.2113438,18.7197403,0
81.2112903,18.7195906,0
81.2112477,18.7194300,0
81.2112118,18.7192682,0
81.2111839,18.7191458,0
81.2111494,18.7190153,0
81.2111175,18.7188916,0
81.2111332,18.7188413,0
81.2111739,18.7186952,0
81.2112146,18.7185666,0
81.2112565,18.7184650,0
81.2112744,18.7183737,0
81.2112901,18.7183155,0
81.2113173,18.7182183,0
81.2113860,18.7181176,0
81.2114804,18.7179838,0
81.2114798,18.7194717,0
81.2117180,18.7194723,0
81.2124796,18.7212050,0
</coordinates>
            </LinearRing>
          </outerBoundaryIs>
        </Polygon>
        <id>FP/CG/MIN/146694/2021</id>
        <id1>4112212521214727Y5CompartmentwiseandComponentwiselandbreakupDep4.kml</id1>
        <id2>Pno_Inserted</id2>
      </Placemark>
      <Placemark id="kml_6">
        <name>kml 6</name>
        <snippet>
        </snippet>
        <description><![CDATA[<center><table><tr><th colspan='2' align='center'><em>Attributes</em></th></tr><tr bgcolor="#E3E3F3">
<th>AREA</th>
<td>183.99146904877094</td>
</tr><tr bgcolor="">
<th>Facility</th>
<td>Area under mining (Float ore)</td>
</tr><tr bgcolor="#E3E3F3">
<th>New_compartment_no</th>
<td>1834</td>
</tr><tr bgcolor="">
<th>Old_compartment_no</th>
<td></td>
</tr><tr bgcolor="#E3E3F3">
<th>Forest_Type</th>
<td>Reserved forest</td>
</tr><tr bgcolor="">
<th>Division</th>
<td>Dantewada</td>
</tr><tr bgcolor="#E3E3F3">
<th>Range</th>
<td>Bacheli</td>
</tr><tr bgcolor="">
<th>RF</th>
<td>Bailadila</td>
</tr><tr bgcolor="#E3E3F3">
<th>Village</th>
<td>NA</td>
</tr><tr bgcolor="">
<th>Khasra_no</th>
<td>NA</td>
</tr><tr bgcolor="#E3E3F3">
<th>Land_Type</th>
<td>RF</td>
</tr></table></center>]]></description>
        <styleUrl>#msn_ylw-pushpin0</styleUrl>
        <ExtendedData>
          <SchemaData schemaUrl="#kml_schema_ft_7">
            <SimpleData name="AREA">183.99146904877094</SimpleData>
            <SimpleData name="Facility">Area under mining (Float ore)</SimpleData>
            <SimpleData name="New_compartment_no">1834</SimpleData>
            <SimpleData name="Forest_Type">Reserved forest</SimpleData>
            <SimpleData name="Division">Dantewada</SimpleData>
            <SimpleData name="Range">Bacheli</SimpleData>
            <SimpleData name="RF">Bailadila</SimpleData>
            <SimpleData name="Village">NA</SimpleData>
            <SimpleData name="Khasra_no">NA</SimpleData>
            <SimpleData name="Land_Type">RF</SimpleData>
          </SchemaData>
        </ExtendedData>
        <Polygon>
          <outerBoundaryIs>
            <LinearRing>
              <coordinates>
81.2116732,18.7179452,0
81.2115079,18.7179447,0
81.2115369,18.7179036,0
81.2116251,18.7177703,0
81.2116354,18.7177472,0
81.2116732,18.7179452,0
</coordinates>
            </LinearRing>
          </outerBoundaryIs>
        </Polygon>
        <id>FP/CG/MIN/146694/2021</id>
        <id1>4112212521214727Y5CompartmentwiseandComponentwiselandbreakupDep4.kml</id1>
        <id2>Pno_Inserted</id2>
      </Placemark>
      <Placemark id="kml_7">
        <name>kml 7</name>
        <snippet>
        </snippet>
        <description><![CDATA[<center><table><tr><th colspan='2' align='center'><em>Attributes</em></th></tr><tr bgcolor="#E3E3F3">
<th>AREA</th>
<td>27472.790933672484</td>
</tr><tr bgcolor="">
<th>Facility</th>
<td>Area under mining (Float ore)</td>
</tr><tr bgcolor="#E3E3F3">
<th>New_compartment_no</th>
<td>1833</td>
</tr><tr bgcolor="">
<th>Old_compartment_no</th>
<td>664</td>
</tr><tr bgcolor="#E3E3F3">
<th>Forest_Type</th>
<td>Reserved forest</td>
</tr><tr bgcolor="">
<th>Division</th>
<td>Dantewada</td>
</tr><tr bgcolor="#E3E3F3">
<th>Range</th>
<td>Bacheli</td>
</tr><tr bgcolor="">
<th>RF</th>
<td>Bailadila</td>
</tr><tr bgcolor="#E3E3F3">
<th>Village</th>
<td>NA</td>
</tr><tr bgcolor="">
<th>Khasra_no</th>
<td>NA</td>
</tr><tr bgcolor="#E3E3F3">
<th>Land_Type</th>
<td>RF</td>
</tr></table></center>]]></description>
        <styleUrl>#msn_ylw-pushpin0</styleUrl>
        <ExtendedData>
          <SchemaData schemaUrl="#kml_schema_ft_7">
            <SimpleData name="AREA">27472.790933672484</SimpleData>
            <SimpleData name="Facility">Area under mining (Float ore)</SimpleData>
            <SimpleData name="New_compartment_no">1833</SimpleData>
            <SimpleData name="Old_compartment_no">664</SimpleData>
            <SimpleData name="Forest_Type">Reserved forest</SimpleData>
            <SimpleData name="Division">Dantewada</SimpleData>
            <SimpleData name="Range">Bacheli</SimpleData>
            <SimpleData name="RF">Bailadila</SimpleData>
            <SimpleData name="Village">NA</SimpleData>
            <SimpleData name="Khasra_no">NA</SimpleData>
            <SimpleData name="Land_Type">RF</SimpleData>
          </SchemaData>
        </ExtendedData>
        <Polygon>
          <outerBoundaryIs>
            <LinearRing>
              <coordinates>
81.2072352,18.7203263,0
81.2073196,18.7207214,0
81.2074375,18.7209080,0
81.2073974,18.7212191,0
81.2074425,18.7212993,0
81.2073193,18.7213543,0
81.2071724,18.7213861,0
81.2069719,18.7214135,0
81.2068083,18.7214169,0
81.2066604,18.7213853,0
81.2064640,18.7213425,0
81.2062762,18.7213201,0
81.2059527,18.7212914,0
81.2059809,18.7211782,0
81.2060460,18.7209629,0
81.2060665,18.7208132,0
81.2060636,18.7206391,0
81.2060542,18.7204506,0
81.2060448,18.7201904,0
81.2060142,18.7199361,0
81.2060041,18.7197782,0
81.2059918,18.7196453,0
81.2059694,18.7195315,0
81.2059327,18.7194316,0
81.2069496,18.7194072,0
81.2072352,18.7203263,0
</coordinates>
            </LinearRing>
          </outerBoundaryIs>
        </Polygon>
        <id>FP/CG/MIN/146694/2021</id>
        <id1>4112212521214727Y5CompartmentwiseandComponentwiselandbreakupDep4.kml</id1>
        <id2>Pno_Inserted</id2>
      </Placemark>
      <Placemark id="kml_8">
        <name>kml 8</name>
        <snippet>
        </snippet>
        <description><![CDATA[<center><table><tr><th colspan='2' align='center'><em>Attributes</em></th></tr><tr bgcolor="#E3E3F3">
<th>AREA</th>
<td>1845.1438243861658</td>
</tr><tr bgcolor="">
<th>Facility</th>
<td>Area under mining (Float ore)</td>
</tr><tr bgcolor="#E3E3F3">
<th>New_compartment_no</th>
<td>1833</td>
</tr><tr bgcolor="">
<th>Old_compartment_no</th>
<td>664</td>
</tr><tr bgcolor="#E3E3F3">
<th>Forest_Type</th>
<td>Reserved forest</td>
</tr><tr bgcolor="">
<th>Division</th>
<td>Dantewada</td>
</tr><tr bgcolor="#E3E3F3">
<th>Range</th>
<td>Bacheli</td>
</tr><tr bgcolor="">
<th>RF</th>
<td>Bailadila</td>
</tr><tr bgcolor="#E3E3F3">
<th>Village</th>
<td>NA</td>
</tr><tr bgcolor="">
<th>Khasra_no</th>
<td>NA</td>
</tr><tr bgcolor="#E3E3F3">
<th>Land_Type</th>
<td>RF</td>
</tr></table></center>]]></description>
        <styleUrl>#msn_ylw-pushpin0</styleUrl>
        <ExtendedData>
          <SchemaData schemaUrl="#kml_schema_ft_7">
            <SimpleData name="AREA">1845.1438243861658</SimpleData>
            <SimpleData name="Facility">Area under mining (Float ore)</SimpleData>
            <SimpleData name="New_compartment_no">1833</SimpleData>
            <SimpleData name="Old_compartment_no">664</SimpleData>
            <SimpleData name="Forest_Type">Reserved forest</SimpleData>
            <SimpleData name="Division">Dantewada</SimpleData>
            <SimpleData name="Range">Bacheli</SimpleData>
            <SimpleData name="RF">Bailadila</SimpleData>
            <SimpleData name="Village">NA</SimpleData>
            <SimpleData name="Khasra_no">NA</SimpleData>
            <SimpleData name="Land_Type">RF</SimpleData>
          </SchemaData>
        </ExtendedData>
        <Polygon>
          <outerBoundaryIs>
            <LinearRing>
              <coordinates>
81.2057974,18.7211322,0
81.2057622,18.7212735,0
81.2056665,18.7212572,0
81.2055804,18.7212369,0
81.2056682,18.7209875,0
81.2057326,18.7208518,0
81.2057721,18.7207264,0
81.2057830,18.7205624,0
81.2057915,18.7204806,0
81.2058045,18.7203405,0
81.2057928,18.7201878,0
81.2057846,18.7200870,0
81.2057764,18.7199828,0
81.2057669,18.7198399,0
81.2057616,18.7197789,0
81.2057595,18.7195564,0
81.2057502,18.7195073,0
81.2057483,18.7194765,0
81.2057554,18.7194764,0
81.2057829,18.7195649,0
81.2058037,18.7196700,0
81.2058149,18.7197916,0
81.2058251,18.7199519,0
81.2058555,18.7202038,0
81.2058647,18.7204580,0
81.2058740,18.7206449,0
81.2058766,18.7208028,0
81.2058598,18.7209260,0
81.2057974,18.7211322,0
</coordinates>
            </LinearRing>
          </outerBoundaryIs>
        </Polygon>
        <id>FP/CG/MIN/146694/2021</id>
        <id1>4112212521214727Y5CompartmentwiseandComponentwiselandbreakupDep4.kml</id1>
        <id2>Pno_Inserted</id2>
      </Placemark>
      <Placemark id="kml_9">
        <name>kml 9</name>
        <snippet>
        </snippet>
        <description><![CDATA[<center><table><tr><th colspan='2' align='center'><em>Attributes</em></th></tr><tr bgcolor="#E3E3F3">
<th>AREA</th>
<td>18178.106581739372</td>
</tr><tr bgcolor="">
<th>Facility</th>
<td>Area under mining (Float ore)</td>
</tr><tr bgcolor="#E3E3F3">
<th>New_compartment_no</th>
<td>1833</td>
</tr><tr bgcolor="">
<th>Old_compartment_no</th>
<td>664</td>
</tr><tr bgcolor="#E3E3F3">
<th>Forest_Type</th>
<td>Reserved forest</td>
</tr><tr bgcolor="">
<th>Division</th>
<td>Dantewada</td>
</tr><tr bgcolor="#E3E3F3">
<th>Range</th>
<td>Bacheli</td>
</tr><tr bgcolor="">
<th>RF</th>
<td>Bailadila</td>
</tr><tr bgcolor="#E3E3F3">
<th>Village</th>
<td>NA</td>
</tr><tr bgcolor="">
<th>Khasra_no</th>
<td>NA</td>
</tr><tr bgcolor="#E3E3F3">
<th>Land_Type</th>
<td>RF</td>
</tr></table></center>]]></description>
        <styleUrl>#msn_ylw-pushpin0</styleUrl>
        <ExtendedData>
          <SchemaData schemaUrl="#kml_schema_ft_7">
            <SimpleData name="AREA">18178.106581739372</SimpleData>
            <SimpleData name="Facility">Area under mining (Float ore)</SimpleData>
            <SimpleData name="New_compartment_no">1833</SimpleData>
            <SimpleData name="Old_compartment_no">664</SimpleData>
            <SimpleData name="Forest_Type">Reserved forest</SimpleData>
            <SimpleData name="Division">Dantewada</SimpleData>
            <SimpleData name="Range">Bacheli</SimpleData>
            <SimpleData name="RF">Bailadila</SimpleData>
            <SimpleData name="Village">NA</SimpleData>
            <SimpleData name="Khasra_no">NA</SimpleData>
            <SimpleData name="Land_Type">RF</SimpleData>
          </SchemaData>
        </ExtendedData>
        <Polygon>
          <outerBoundaryIs>
            <LinearRing>
              <coordinates>
81.2055546,18.7207883,0
81.2054914,18.7209213,0
81.2053693,18.7212680,0
81.2052944,18.7212834,0
81.2050995,18.7213190,0
81.2049046,18.7213459,0
81.2046840,18.7213484,0
81.2046593,18.7213475,0
81.2045823,18.7211942,0
81.2045332,18.7210544,0
81.2045069,18.7209261,0
81.2045225,18.7207382,0
81.2045495,18.7205678,0
81.2045798,18.7204939,0
81.2046666,18.7202103,0
81.2046373,18.7200100,0
81.2046060,18.7198870,0
81.2055603,18.7195089,0
81.2055616,18.7195289,0
81.2055700,18.7195733,0
81.2055720,18.7197871,0
81.2055777,18.7198530,0
81.2055871,18.7199953,0
81.2055955,18.7201008,0
81.2056036,18.7202014,0
81.2056142,18.7203391,0
81.2056026,18.7204638,0
81.2055939,18.7205478,0
81.2055841,18.7206943,0
81.2055546,18.7207883,0
</coordinates>
            </LinearRing>
          </outerBoundaryIs>
        </Polygon>
        <id>FP/CG/MIN/146694/2021</id>
        <id1>4112212521214727Y5CompartmentwiseandComponentwiselandbreakupDep4.kml</id1>
        <id2>Pno_Inserted</id2>
      </Placemark>
      <Placemark id="kml_10">
        <name>kml_10</name>
        <snippet>
        </snippet>
        <description><![CDATA[<center><table><tr><th colspan='2' align='center'><em>Attributes</em></th></tr><tr bgcolor="#E3E3F3">
<th>AREA</th>
<td>5536.0997976186545</td>
</tr><tr bgcolor="">
<th>Facility</th>
<td>Area under mining (Float ore)</td>
</tr><tr bgcolor="#E3E3F3">
<th>New_compartment_no</th>
<td>1833</td>
</tr><tr bgcolor="">
<th>Old_compartment_no</th>
<td>664</td>
</tr><tr bgcolor="#E3E3F3">
<th>Forest_Type</th>
<td>Reserved forest</td>
</tr><tr bgcolor="">
<th>Division</th>
<td>Dantewada</td>
</tr><tr bgcolor="#E3E3F3">
<th>Range</th>
<td>Bacheli</td>
</tr><tr bgcolor="">
<th>RF</th>
<td>Bailadila</td>
</tr><tr bgcolor="#E3E3F3">
<th>Village</th>
<td>NA</td>
</tr><tr bgcolor="">
<th>Khasra_no</th>
<td>NA</td>
</tr><tr bgcolor="#E3E3F3">
<th>Land_Type</th>
<td>RF</td>
</tr></table></center>]]></description>
        <styleUrl>#m_ylw-pushpin0</styleUrl>
        <ExtendedData>
          <SchemaData schemaUrl="#kml_schema_ft_7">
            <SimpleData name="AREA">5536.0997976186545</SimpleData>
            <SimpleData name="Facility">Area under mining (Float ore)</SimpleData>
            <SimpleData name="New_compartment_no">1833</SimpleData>
            <SimpleData name="Old_compartment_no">664</SimpleData>
            <SimpleData name="Forest_Type">Reserved forest</SimpleData>
            <SimpleData name="Division">Dantewada</SimpleData>
            <SimpleData name="Range">Bacheli</SimpleData>
            <SimpleData name="RF">Bailadila</SimpleData>
            <SimpleData name="Village">NA</SimpleData>
            <SimpleData name="Khasra_no">NA</SimpleData>
            <SimpleData name="Land_Type">RF</SimpleData>
          </SchemaData>
        </ExtendedData>
        <Polygon>
          <outerBoundaryIs>
            <LinearRing>
              <coordinates>
81.2043157,18.7209365,0
81.2043494,18.7211006,0
81.2044062,18.7212622,0
81.2044448,18.7213391,0
81.2042708,18.7213208,0
81.2040925,18.7212734,0
81.2040557,18.7212573,0
81.2040390,18.7212064,0
81.2040152,18.7211344,0
81.2039596,18.7209748,0
81.2039296,18.7208218,0
81.2039310,18.7207027,0
81.2039460,18.7206144,0
81.2039721,18.7205612,0
81.2040559,18.7204006,0
81.2041068,18.7202144,0
81.2041105,18.7200645,0
81.2041736,18.7200583,0
81.2044287,18.7199572,0
81.2044507,18.7200438,0
81.2044731,18.7201968,0
81.2044000,18.7204356,0
81.2043651,18.7205209,0
81.2043339,18.7207175,0
81.2043157,18.7209365,0
</coordinates>
            </LinearRing>
          </outerBoundaryIs>
        </Polygon>
        <id>FP/CG/MIN/146694/2021</id>
        <id1>4112212521214727Y5CompartmentwiseandComponentwiselandbreakupDep4.kml</id1>
        <id2>Pno_Inserted</id2>
      </Placemark>
      <Placemark id="kml_11">
        <name>kml_11</name>
        <snippet>
        </snippet>
        <description><![CDATA[<center><table><tr><th colspan='2' align='center'><em>Attributes</em></th></tr><tr bgcolor="#E3E3F3">
<th>AREA</th>
<td>5071.688425625672</td>
</tr><tr bgcolor="">
<th>Facility</th>
<td>Area under mining (Float ore)</td>
</tr><tr bgcolor="#E3E3F3">
<th>New_compartment_no</th>
<td>1833</td>
</tr><tr bgcolor="">
<th>Old_compartment_no</th>
<td>664</td>
</tr><tr bgcolor="#E3E3F3">
<th>Forest_Type</th>
<td>Reserved forest</td>
</tr><tr bgcolor="">
<th>Division</th>
<td>Dantewada</td>
</tr><tr bgcolor="#E3E3F3">
<th>Range</th>
<td>Bacheli</td>
</tr><tr bgcolor="">
<th>RF</th>
<td>Bailadila</td>
</tr><tr bgcolor="#E3E3F3">
<th>Village</th>
<td>NA</td>
</tr><tr bgcolor="">
<th>Khasra_no</th>
<td>NA</td>
</tr><tr bgcolor="#E3E3F3">
<th>Land_Type</th>
<td>RF</td>
</tr></table></center>]]></description>
        <styleUrl>#m_ylw-pushpin0</styleUrl>
        <ExtendedData>
          <SchemaData schemaUrl="#kml_schema_ft_7">
            <SimpleData name="AREA">5071.688425625672</SimpleData>
            <SimpleData name="Facility">Area under mining (Float ore)</SimpleData>
            <SimpleData name="New_compartment_no">1833</SimpleData>
            <SimpleData name="Old_compartment_no">664</SimpleData>
            <SimpleData name="Forest_Type">Reserved forest</SimpleData>
            <SimpleData name="Division">Dantewada</SimpleData>
            <SimpleData name="Range">Bacheli</SimpleData>
            <SimpleData name="RF">Bailadila</SimpleData>
            <SimpleData name="Village">NA</SimpleData>
            <SimpleData name="Khasra_no">NA</SimpleData>
            <SimpleData name="Land_Type">RF</SimpleData>
          </SchemaData>
        </ExtendedData>
        <Polygon>
          <outerBoundaryIs>
            <LinearRing>
              <coordinates>
81.2037415,18.7206872,0
81.2037397,18.7208375,0
81.2037756,18.7210201,0
81.2038205,18.7211491,0
81.2036434,18.7210261,0
81.2035040,18.7208890,0
81.2033930,18.7207632,0
81.2032815,18.7205477,0
81.2032157,18.7203394,0
81.2031877,18.7201329,0
81.2032513,18.7201494,0
81.2039203,18.7200833,0
81.2039177,18.7201892,0
81.2038773,18.7203370,0
81.2038013,18.7204826,0
81.2037630,18.7205606,0
81.2037415,18.7206872,0
</coordinates>
            </LinearRing>
          </outerBoundaryIs>
        </Polygon>
        <id>FP/CG/MIN/146694/2021</id>
        <id1>4112212521214727Y5CompartmentwiseandComponentwiselandbreakupDep4.kml</id1>
        <id2>Pno_Inserted</id2>
      </Placemark>
      <Placemark id="kml_12">
        <name>kml_12</name>
        <snippet>
        </snippet>
        <description><![CDATA[<center><table><tr><th colspan='2' align='center'><em>Attributes</em></th></tr><tr bgcolor="#E3E3F3">
<th>AREA</th>
<td>149095.77771811973</td>
</tr><tr bgcolor="">
<th>Facility</th>
<td>Area under mining (Float ore)</td>
</tr><tr bgcolor="#E3E3F3">
<th>New_compartment_no</th>
<td>1886</td>
</tr><tr bgcolor="">
<th>Old_compartment_no</th>
<td>663</td>
</tr><tr bgcolor="#E3E3F3">
<th>Forest_Type</th>
<td>Reserved forest</td>
</tr><tr bgcolor="">
<th>Division</th>
<td>Dantewada</td>
</tr><tr bgcolor="#E3E3F3">
<th>Range</th>
<td>Bacheli</td>
</tr><tr bgcolor="">
<th>RF</th>
<td>Bailadila</td>
</tr><tr bgcolor="#E3E3F3">
<th>Village</th>
<td>NA</td>
</tr><tr bgcolor="">
<th>Khasra_no</th>
<td>NA</td>
</tr><tr bgcolor="#E3E3F3">
<th>Land_Type</th>
<td>RF</td>
</tr></table></center>]]></description>
        <styleUrl>#m_ylw-pushpin0</styleUrl>
        <ExtendedData>
          <SchemaData schemaUrl="#kml_schema_ft_7">
            <SimpleData name="AREA">149095.77771811973</SimpleData>
            <SimpleData name="Facility">Area under mining (Float ore)</SimpleData>
            <SimpleData name="New_compartment_no">1886</SimpleData>
            <SimpleData name="Old_compartment_no">663</SimpleData>
            <SimpleData name="Forest_Type">Reserved forest</SimpleData>
            <SimpleData name="Division">Dantewada</SimpleData>
            <SimpleData name="Range">Bacheli</SimpleData>
            <SimpleData name="RF">Bailadila</SimpleData>
            <SimpleData name="Village">NA</SimpleData>
            <SimpleData name="Khasra_no">NA</SimpleData>
            <SimpleData name="Land_Type">RF</SimpleData>
          </SchemaData>
        </ExtendedData>
        <Polygon>
          <outerBoundaryIs>
            <LinearRing>
              <coordinates>
81.2069234,18.7193231,0
81.2069496,18.7194072,0
81.2059327,18.7194316,0
81.2059260,18.7194132,0
81.2059124,18.7193810,0
81.2058854,18.7193603,0
81.2058407,18.7193326,0
81.2057981,18.7193099,0
81.2057337,18.7193001,0
81.2056776,18.7193071,0
81.2056268,18.7193240,0
81.2055812,18.7193666,0
81.2055580,18.7194216,0
81.2055589,18.7194874,0
81.2055603,18.7195089,0
81.2046060,18.7198870,0
81.2045767,18.7197713,0
81.2045345,18.7196156,0
81.2044277,18.7193854,0
81.2043466,18.7190791,0
81.2042253,18.7187387,0
81.2040990,18.7185538,0
81.2039683,18.7184295,0
81.2038730,18.7183139,0
81.2038385,18.7182635,0
81.2038033,18.7182180,0
81.2037793,18.7181866,0
81.2037141,18.7181568,0
81.2036071,18.7181535,0
81.2035371,18.7181882,0
81.2034915,18.7182441,0
81.2034859,18.7183366,0
81.2034931,18.7184101,0
81.2035222,18.7184837,0
81.2035996,18.7186642,0
81.2037297,18.7188397,0
81.2037941,18.7189646,0
81.2038291,18.7191007,0
81.2038500,18.7192502,0
81.2038508,18.7194261,0
81.2038491,18.7196041,0
81.2038886,18.7197874,0
81.2039223,18.7199988,0
81.2039203,18.7200833,0
81.2032513,18.7201494,0
81.2031877,18.7201329,0
81.2031787,18.7200667,0
81.2031951,18.7198606,0
81.2032594,18.7195293,0
81.2032970,18.7191818,0
81.2032225,18.7189350,0
81.2031324,18.7186756,0
81.2030356,18.7184510,0
81.2028974,18.7181780,0
81.2027383,18.7178905,0
81.2026495,18.7175911,0
81.2025579,18.7172913,0
81.2024581,18.7169340,0
81.2023432,18.7166673,0
81.2022326,18.7164120,0
81.2021506,18.7162286,0
81.2020405,18.7159696,0
81.2020229,18.7157033,0
81.2020973,18.7154014,0
81.2023118,18.7150587,0
81.2024019,18.7149614,0
81.2028538,18.7152557,0
81.2030092,18.7152779,0
81.2028139,18.7154072,0
81.2028196,18.7156415,0
81.2030377,18.7157507,0
81.2032511,18.7158244,0
81.2037722,18.7158520,0
81.2041492,18.7157988,0
81.2047887,18.7156477,0
81.2047932,18.7156461,0
81.2061467,18.7174408,0
81.2061390,18.7179781,0
81.2069234,18.7193231,0
</coordinates>
            </LinearRing>
          </outerBoundaryIs>
        </Polygon>
        <id>FP/CG/MIN/146694/2021</id>
        <id1>4112212521214727Y5CompartmentwiseandComponentwiselandbreakupDep4.kml</id1>
        <id2>Pno_Inserted</id2>
      </Placemark>
      <Placemark id="kml_13">
        <name>kml_13</name>
        <snippet>
        </snippet>
        <description><![CDATA[<center><table><tr><th colspan='2' align='center'><em>Attributes</em></th></tr><tr bgcolor="#E3E3F3">
<th>AREA</th>
<td>3353.3268389848213</td>
</tr><tr bgcolor="">
<th>Facility</th>
<td>Area under mining (Float ore)</td>
</tr><tr bgcolor="#E3E3F3">
<th>New_compartment_no</th>
<td>1886</td>
</tr><tr bgcolor="">
<th>Old_compartment_no</th>
<td>663</td>
</tr><tr bgcolor="#E3E3F3">
<th>Forest_Type</th>
<td>Reserved forest</td>
</tr><tr bgcolor="">
<th>Division</th>
<td>Dantewada</td>
</tr><tr bgcolor="#E3E3F3">
<th>Range</th>
<td>Bacheli</td>
</tr><tr bgcolor="">
<th>RF</th>
<td>Bailadila</td>
</tr><tr bgcolor="#E3E3F3">
<th>Village</th>
<td>NA</td>
</tr><tr bgcolor="">
<th>Khasra_no</th>
<td>NA</td>
</tr><tr bgcolor="#E3E3F3">
<th>Land_Type</th>
<td>RF</td>
</tr></table></center>]]></description>
        <styleUrl>#m_ylw-pushpin0</styleUrl>
        <ExtendedData>
          <SchemaData schemaUrl="#kml_schema_ft_7">
            <SimpleData name="AREA">3353.3268389848213</SimpleData>
            <SimpleData name="Facility">Area under mining (Float ore)</SimpleData>
            <SimpleData name="New_compartment_no">1886</SimpleData>
            <SimpleData name="Old_compartment_no">663</SimpleData>
            <SimpleData name="Forest_Type">Reserved forest</SimpleData>
            <SimpleData name="Division">Dantewada</SimpleData>
            <SimpleData name="Range">Bacheli</SimpleData>
            <SimpleData name="RF">Bailadila</SimpleData>
            <SimpleData name="Village">NA</SimpleData>
            <SimpleData name="Khasra_no">NA</SimpleData>
            <SimpleData name="Land_Type">RF</SimpleData>
          </SchemaData>
        </ExtendedData>
        <Polygon>
          <outerBoundaryIs>
            <LinearRing>
              <coordinates>
81.2043926,18.7198151,0
81.2044287,18.7199572,0
81.2041736,18.7200583,0
81.2041105,18.7200645,0
81.2041124,18.7199872,0
81.2040754,18.7197556,0
81.2040389,18.7195865,0
81.2040404,18.7194265,0
81.2040397,18.7192379,0
81.2040157,18.7190671,0
81.2039735,18.7189025,0
81.2038933,18.7187471,0
81.2037670,18.7185768,0
81.2037248,18.7184835,0
81.2038445,18.7185672,0
81.2039509,18.7186684,0
81.2040533,18.7188183,0
81.2041646,18.7191303,0
81.2042478,18.7194445,0
81.2043547,18.7196751,0
81.2043926,18.7198151,0
</coordinates>
            </LinearRing>
          </outerBoundaryIs>
        </Polygon>
        <id>FP/CG/MIN/146694/2021</id>
        <id1>4112212521214727Y5CompartmentwiseandComponentwiselandbreakupDep4.kml</id1>
        <id2>Pno_Inserted</id2>
      </Placemark>
      <Placemark id="kml_14">
        <name>kml_14</name>
        <snippet>
        </snippet>
        <description><![CDATA[<center><table><tr><th colspan='2' align='center'><em>Attributes</em></th></tr><tr bgcolor="#E3E3F3">
<th>AREA</th>
<td>5951.133089742047</td>
</tr><tr bgcolor="">
<th>Facility</th>
<td>Area under mining (Float ore)</td>
</tr><tr bgcolor="#E3E3F3">
<th>New_compartment_no</th>
<td>1885</td>
</tr><tr bgcolor="">
<th>Old_compartment_no</th>
<td>662</td>
</tr><tr bgcolor="#E3E3F3">
<th>Forest_Type</th>
<td>Reserved forest</td>
</tr><tr bgcolor="">
<th>Division</th>
<td>Dantewada</td>
</tr><tr bgcolor="#E3E3F3">
<th>Range</th>
<td>Bacheli</td>
</tr><tr bgcolor="">
<th>RF</th>
<td>Bailadila</td>
</tr><tr bgcolor="#E3E3F3">
<th>Village</th>
<td>NA</td>
</tr><tr bgcolor="">
<th>Khasra_no</th>
<td>NA</td>
</tr><tr bgcolor="#E3E3F3">
<th>Land_Type</th>
<td>RF</td>
</tr></table></center>]]></description>
        <styleUrl>#m_ylw-pushpin0</styleUrl>
        <ExtendedData>
          <SchemaData schemaUrl="#kml_schema_ft_7">
            <SimpleData name="AREA">5951.133089742047</SimpleData>
            <SimpleData name="Facility">Area under mining (Float ore)</SimpleData>
            <SimpleData name="New_compartment_no">1885</SimpleData>
            <SimpleData name="Old_compartment_no">662</SimpleData>
            <SimpleData name="Forest_Type">Reserved forest</SimpleData>
            <SimpleData name="Division">Dantewada</SimpleData>
            <SimpleData name="Range">Bacheli</SimpleData>
            <SimpleData name="RF">Bailadila</SimpleData>
            <SimpleData name="Village">NA</SimpleData>
            <SimpleData name="Khasra_no">NA</SimpleData>
            <SimpleData name="Land_Type">RF</SimpleData>
          </SchemaData>
        </ExtendedData>
        <Polygon>
          <outerBoundaryIs>
            <LinearRing>
              <coordinates>
81.2032725,18.7149713,0
81.2030899,18.7152244,0
81.2030092,18.7152779,0
81.2028538,18.7152557,0
81.2024019,18.7149614,0
81.2026290,18.7147159,0
81.2028274,18.7145128,0
81.2029645,18.7142580,0
81.2030838,18.7139448,0
81.2031083,18.7144101,0
81.2032310,18.7147578,0
81.2032725,18.7149713,0
</coordinates>
            </LinearRing>
          </outerBoundaryIs>
        </Polygon>
        <id>FP/CG/MIN/146694/2021</id>
        <id1>4112212521214727Y5CompartmentwiseandComponentwiselandbreakupDep4.kml</id1>
        <id2>Pno_Inserted</id2>
      </Placemark>
      <Placemark id="kml_15">
        <name>kml_15</name>
        <snippet>
        </snippet>
        <description><![CDATA[<center><table><tr><th colspan='2' align='center'><em>Attributes</em></th></tr><tr bgcolor="#E3E3F3">
<th>AREA</th>
<td>2587.0888722662994</td>
</tr><tr bgcolor="">
<th>Facility</th>
<td>Area under mining (Float ore)</td>
</tr><tr bgcolor="#E3E3F3">
<th>New_compartment_no</th>
<td>1885</td>
</tr><tr bgcolor="">
<th>Old_compartment_no</th>
<td>662</td>
</tr><tr bgcolor="#E3E3F3">
<th>Forest_Type</th>
<td>Reserved forest</td>
</tr><tr bgcolor="">
<th>Division</th>
<td>Dantewada</td>
</tr><tr bgcolor="#E3E3F3">
<th>Range</th>
<td>Bacheli</td>
</tr><tr bgcolor="">
<th>RF</th>
<td>Bailadila</td>
</tr><tr bgcolor="#E3E3F3">
<th>Village</th>
<td>NA</td>
</tr><tr bgcolor="">
<th>Khasra_no</th>
<td>NA</td>
</tr><tr bgcolor="#E3E3F3">
<th>Land_Type</th>
<td>RF</td>
</tr></table></center>]]></description>
        <styleUrl>#m_ylw-pushpin0</styleUrl>
        <ExtendedData>
          <SchemaData schemaUrl="#kml_schema_ft_7">
            <SimpleData name="AREA">2587.0888722662994</SimpleData>
            <SimpleData name="Facility">Area under mining (Float ore)</SimpleData>
            <SimpleData name="New_compartment_no">1885</SimpleData>
            <SimpleData name="Old_compartment_no">662</SimpleData>
            <SimpleData name="Forest_Type">Reserved forest</SimpleData>
            <SimpleData name="Division">Dantewada</SimpleData>
            <SimpleData name="Range">Bacheli</SimpleData>
            <SimpleData name="RF">Bailadila</SimpleData>
            <SimpleData name="Village">NA</SimpleData>
            <SimpleData name="Khasra_no">NA</SimpleData>
            <SimpleData name="Land_Type">RF</SimpleData>
          </SchemaData>
        </ExtendedData>
        <Polygon>
          <outerBoundaryIs>
            <LinearRing>
              <coordinates>
81.2027118,18.7062476,0
81.2026964,18.7063641,0
81.2026291,18.7064020,0
81.2024994,18.7066677,0
81.2024510,18.7069913,0
81.2024166,18.7071759,0
81.2023802,18.7070241,0
81.2023719,18.7068398,0
81.2023807,18.7066554,0
81.2024043,18.7064533,0
81.2024497,18.7062598,0
81.2024816,18.7061447,0
81.2025544,18.7060187,0
81.2026793,18.7059026,0
81.2028246,18.7058360,0
81.2028595,18.7059980,0
81.2027118,18.7062476,0
</coordinates>
            </LinearRing>
          </outerBoundaryIs>
        </Polygon>
        <id>FP/CG/MIN/146694/2021</id>
        <id1>4112212521214727Y5CompartmentwiseandComponentwiselandbreakupDep4.kml</id1>
        <id2>Pno_Inserted</id2>
      </Placemark>
      <Placemark id="kml_16">
        <name>kml_16</name>
        <snippet>
        </snippet>
        <description><![CDATA[<center><table><tr><th colspan='2' align='center'><em>Attributes</em></th></tr><tr bgcolor="#E3E3F3">
<th>AREA</th>
<td>2920.5574995779916</td>
</tr><tr bgcolor="">
<th>Facility</th>
<td>Area under mining (Float ore)</td>
</tr><tr bgcolor="#E3E3F3">
<th>New_compartment_no</th>
<td>1834</td>
</tr><tr bgcolor="">
<th>Old_compartment_no</th>
<td></td>
</tr><tr bgcolor="#E3E3F3">
<th>Forest_Type</th>
<td>Reserved forest</td>
</tr><tr bgcolor="">
<th>Division</th>
<td>Dantewada</td>
</tr><tr bgcolor="#E3E3F3">
<th>Range</th>
<td>Bacheli</td>
</tr><tr bgcolor="">
<th>RF</th>
<td>Bailadila</td>
</tr><tr bgcolor="#E3E3F3">
<th>Village</th>
<td>NA</td>
</tr><tr bgcolor="">
<th>Khasra_no</th>
<td>NA</td>
</tr><tr bgcolor="#E3E3F3">
<th>Land_Type</th>
<td>RF</td>
</tr></table></center>]]></description>
        <styleUrl>#m_ylw-pushpin0</styleUrl>
        <ExtendedData>
          <SchemaData schemaUrl="#kml_schema_ft_7">
            <SimpleData name="AREA">2920.5574995779916</SimpleData>
            <SimpleData name="Facility">Area under mining (Float ore)</SimpleData>
            <SimpleData name="New_compartment_no">1834</SimpleData>
            <SimpleData name="Forest_Type">Reserved forest</SimpleData>
            <SimpleData name="Division">Dantewada</SimpleData>
            <SimpleData name="Range">Bacheli</SimpleData>
            <SimpleData name="RF">Bailadila</SimpleData>
            <SimpleData name="Village">NA</SimpleData>
            <SimpleData name="Khasra_no">NA</SimpleData>
            <SimpleData name="Land_Type">RF</SimpleData>
          </SchemaData>
        </ExtendedData>
        <Polygon>
          <outerBoundaryIs>
            <LinearRing>
              <coordinates>
81.2076225,18.6985129,0
81.2076848,18.6985308,0
81.2076871,18.6985375,0
81.2077200,18.6986529,0
81.2077477,18.6987870,0
81.2077492,18.6988000,0
81.2076168,18.6987526,0
81.2074898,18.6985984,0
81.2072822,18.6985487,0
81.2071102,18.6984940,0
81.2069542,18.6984690,0
81.2069326,18.6984156,0
81.2070125,18.6982639,0
81.2070256,18.6980686,0
81.2070232,18.6980360,0
81.2071451,18.6980542,0
81.2072211,18.6980736,0
81.2076225,18.6985129,0
</coordinates>
            </LinearRing>
          </outerBoundaryIs>
        </Polygon>
        <id>FP/CG/MIN/146694/2021</id>
        <id1>4112212521214727Y5CompartmentwiseandComponentwiselandbreakupDep4.kml</id1>
        <id2>Pno_Inserted</id2>
      </Placemark>
      <Placemark id="kml_17">
        <name>kml_17</name>
        <snippet>
        </snippet>
        <description><![CDATA[<center><table><tr><th colspan='2' align='center'><em>Attributes</em></th></tr><tr bgcolor="#E3E3F3">
<th>AREA</th>
<td>235506.09175978834</td>
</tr><tr bgcolor="">
<th>Facility</th>
<td>Area under mining (Float ore)</td>
</tr><tr bgcolor="#E3E3F3">
<th>New_compartment_no</th>
<td>1885</td>
</tr><tr bgcolor="">
<th>Old_compartment_no</th>
<td>662</td>
</tr><tr bgcolor="#E3E3F3">
<th>Forest_Type</th>
<td>Reserved forest</td>
</tr><tr bgcolor="">
<th>Division</th>
<td>Dantewada</td>
</tr><tr bgcolor="#E3E3F3">
<th>Range</th>
<td>Bacheli</td>
</tr><tr bgcolor="">
<th>RF</th>
<td>Bailadila</td>
</tr><tr bgcolor="#E3E3F3">
<th>Village</th>
<td>NA</td>
</tr><tr bgcolor="">
<th>Khasra_no</th>
<td>NA</td>
</tr><tr bgcolor="#E3E3F3">
<th>Land_Type</th>
<td>RF</td>
</tr></table></center>]]></description>
        <styleUrl>#m_ylw-pushpin0</styleUrl>
        <ExtendedData>
          <SchemaData schemaUrl="#kml_schema_ft_7">
            <SimpleData name="AREA">235506.09175978834</SimpleData>
            <SimpleData name="Facility">Area under mining (Float ore)</SimpleData>
            <SimpleData name="New_compartment_no">1885</SimpleData>
            <SimpleData name="Old_compartment_no">662</SimpleData>
            <SimpleData name="Forest_Type">Reserved forest</SimpleData>
            <SimpleData name="Division">Dantewada</SimpleData>
            <SimpleData name="Range">Bacheli</SimpleData>
            <SimpleData name="RF">Bailadila</SimpleData>
            <SimpleData name="Village">NA</SimpleData>
            <SimpleData name="Khasra_no">NA</SimpleData>
            <SimpleData name="Land_Type">RF</SimpleData>
          </SchemaData>
        </ExtendedData>
        <Polygon>
          <outerBoundaryIs>
            <LinearRing>
              <coordinates>
81.2055684,18.7056027,0
81.2057270,18.7061268,0
81.2059789,18.7066529,0
81.2061037,18.7071705,0
81.2061983,18.7080333,0
81.2063111,18.7089328,0
81.2064624,18.7095605,0
81.2070367,18.7103076,0
81.2075873,18.7112437,0
81.2076226,18.7114461,0
81.2078212,18.7116638,0
81.2078042,18.7119711,0
81.2076507,18.7121347,0
81.2074157,18.7124280,0
81.2075150,18.7126831,0
81.2074008,18.7128783,0
81.2073990,18.7130275,0
81.2073009,18.7132422,0
81.2073141,18.7133870,0
81.2070849,18.7140757,0
81.2070628,18.7145502,0
81.2064415,18.7162898,0
81.2062412,18.7167034,0
81.2061506,18.7171693,0
81.2061467,18.7174408,0
81.2047932,18.7156461,0
81.2059651,18.7152185,0
81.2065144,18.7149151,0
81.2068738,18.7146374,0
81.2068505,18.7138317,0
81.2069880,18.7134481,0
81.2070582,18.7131285,0
81.2070305,18.7127696,0
81.2069482,18.7126579,0
81.2059642,18.7118093,0
81.2050666,18.7111453,0
81.2044232,18.7106893,0
81.2038887,18.7103373,0
81.2034634,18.7101374,0
81.2031117,18.7100113,0
81.2028017,18.7099502,0
81.2026053,18.7099696,0
81.2023845,18.7100267,0
81.2023700,18.7102172,0
81.2024198,18.7104793,0
81.2025491,18.7107951,0
81.2025968,18.7110789,0
81.2025646,18.7114444,0
81.2026139,18.7118036,0
81.2027469,18.7120756,0
81.2027984,18.7122998,0
81.2027173,18.7122198,0
81.2025649,18.7120288,0
81.2024507,18.7118839,0
81.2023678,18.7117766,0
81.2022978,18.7116576,0
81.2022187,18.7115421,0
81.2021473,18.7114244,0
81.2020835,18.7113117,0
81.2019938,18.7111129,0
81.2018942,18.7108639,0
81.2018107,18.7106117,0
81.2017262,18.7102824,0
81.2016616,18.7099196,0
81.2016907,18.7096097,0
81.2017832,18.7094443,0
81.2018677,18.7093332,0
81.2020956,18.7091373,0
81.2022641,18.7090575,0
81.2024239,18.7089853,0
81.2025395,18.7089335,0
81.2026581,18.7088828,0
81.2027742,18.7092320,0
81.2029528,18.7093327,0
81.2031294,18.7093651,0
81.2034534,18.7093603,0
81.2037028,18.7092888,0
81.2041151,18.7089636,0
81.2045162,18.7085857,0
81.2051205,18.7077464,0
81.2054318,18.7070175,0
81.2056374,18.7067212,0
81.2055560,18.7060618,0
81.2054958,18.7055148,0
81.2055564,18.7054054,0
81.2055574,18.7051623,0
81.2054468,18.7049426,0
81.2051840,18.7046436,0
81.2050646,18.7044655,0
81.2050466,18.7042988,0
81.2049602,18.7042015,0
81.2044171,18.7037618,0
81.2037467,18.7033870,0
81.2031123,18.7031630,0
81.2026967,18.7031216,0
81.2023443,18.7031503,0
81.2019781,18.7031993,0
81.2018615,18.7024000,0
81.2021443,18.7026320,0
81.2028392,18.7027865,0
81.2037407,18.7027512,0
81.2043072,18.7025255,0
81.2045006,18.7020841,0
81.2045780,18.7016900,0
81.2048327,18.7018110,0
81.2049010,18.7022072,0
81.2049906,18.7024607,0
81.2050109,18.7032578,0
81.2050231,18.7036566,0
81.2054651,18.7047796,0
81.2055954,18.7052343,0
81.2055684,18.7056027,0
</coordinates>
            </LinearRing>
          </outerBoundaryIs>
        </Polygon>
        <id>FP/CG/MIN/146694/2021</id>
        <id1>4112212521214727Y5CompartmentwiseandComponentwiselandbreakupDep4.kml</id1>
        <id2>Pno_Inserted</id2>
      </Placemark>
      <Placemark id="kml_18">
        <name>kml_18</name>
        <snippet>
        </snippet>
        <description><![CDATA[<center><table><tr><th colspan='2' align='center'><em>Attributes</em></th></tr><tr bgcolor="#E3E3F3">
<th>AREA</th>
<td>164435.957091002</td>
</tr><tr bgcolor="">
<th>Facility</th>
<td>Area under mining (Float ore)</td>
</tr><tr bgcolor="#E3E3F3">
<th>New_compartment_no</th>
<td>1834</td>
</tr><tr bgcolor="">
<th>Old_compartment_no</th>
<td></td>
</tr><tr bgcolor="#E3E3F3">
<th>Forest_Type</th>
<td>Reserved forest</td>
</tr><tr bgcolor="">
<th>Division</th>
<td>Dantewada</td>
</tr><tr bgcolor="#E3E3F3">
<th>Range</th>
<td>Bacheli</td>
</tr><tr bgcolor="">
<th>RF</th>
<td>Bailadila</td>
</tr><tr bgcolor="#E3E3F3">
<th>Village</th>
<td>NA</td>
</tr><tr bgcolor="">
<th>Khasra_no</th>
<td>NA</td>
</tr><tr bgcolor="#E3E3F3">
<th>Land_Type</th>
<td>RF</td>
</tr></table></center>]]></description>
        <styleUrl>#m_ylw-pushpin0</styleUrl>
        <ExtendedData>
          <SchemaData schemaUrl="#kml_schema_ft_7">
            <SimpleData name="AREA">164435.957091002</SimpleData>
            <SimpleData name="Facility">Area under mining (Float ore)</SimpleData>
            <SimpleData name="New_compartment_no">1834</SimpleData>
            <SimpleData name="Forest_Type">Reserved forest</SimpleData>
            <SimpleData name="Division">Dantewada</SimpleData>
            <SimpleData name="Range">Bacheli</SimpleData>
            <SimpleData name="RF">Bailadila</SimpleData>
            <SimpleData name="Village">NA</SimpleData>
            <SimpleData name="Khasra_no">NA</SimpleData>
            <SimpleData name="Land_Type">RF</SimpleData>
          </SchemaData>
        </ExtendedData>
        <Polygon>
          <outerBoundaryIs>
            <LinearRing>
              <coordinates>
81.2106753,18.7079783,0
81.2106423,18.7081225,0
81.2105874,18.7082933,0
81.2104926,18.7085005,0
81.2104015,18.7086895,0
81.2103499,18.7088282,0
81.2103163,18.7089496,0
81.2102889,18.7090923,0
81.2102796,18.7092581,0
81.2102916,18.7094171,0
81.2103398,18.7096161,0
81.2099728,18.7096155,0
81.2099719,18.7103404,0
81.2102336,18.7103401,0
81.2103750,18.7103399,0
81.2106358,18.7103396,0
81.2106356,18.7102304,0
81.2106449,18.7102453,0
81.2107097,18.7103277,0
81.2107550,18.7104146,0
81.2107836,18.7105319,0
81.2107976,18.7107058,0
81.2107855,18.7108766,0
81.2107325,18.7110864,0
81.2106975,18.7112468,0
81.2106962,18.7113759,0
81.2106969,18.7114815,0
81.2107136,18.7115847,0
81.2107389,18.7116726,0
81.2104554,18.7116995,0
81.2104376,18.7115196,0
81.2104141,18.7115218,0
81.2102722,18.7115345,0
81.2102487,18.7115367,0
81.2102845,18.7118965,0
81.2103074,18.7118945,0
81.2104497,18.7118816,0
81.2104733,18.7118795,0
81.2104554,18.7116996,0
81.2107389,18.7116726,0
81.2107747,18.7117691,0
81.2108405,18.7119053,0
81.2109219,18.7120570,0
81.2110200,18.7121824,0
81.2111205,18.7123105,0
81.2111781,18.7123794,0
81.2114120,18.7134877,0
81.2113197,18.7135710,0
81.2111179,18.7125147,0
81.2095515,18.7126487,0
81.2095190,18.7120134,0
81.2095688,18.7116660,0
81.2096724,18.7112829,0
81.2096075,18.7111282,0
81.2098125,18.7108020,0
81.2097714,18.7106376,0
81.2098801,18.7104253,0
81.2099382,18.7101341,0
81.2098944,18.7098308,0
81.2099231,18.7095027,0
81.2100591,18.7091275,0
81.2100138,18.7089271,0
81.2100642,18.7086590,0
81.2100258,18.7082487,0
81.2099473,18.7080375,0
81.2097119,18.7075947,0
81.2096486,18.7073746,0
81.2093841,18.7069449,0
81.2090389,18.7065471,0
81.2087398,18.7057853,0
81.2085830,18.7054711,0
81.2085151,18.7051107,0
81.2083934,18.7045733,0
81.2081230,18.7038654,0
81.2078167,18.7030985,0
81.2076127,18.7028703,0
81.2075066,18.7026784,0
81.2072779,18.7023344,0
81.2070026,18.7018797,0
81.2068510,18.7016801,0
81.2068395,18.7016045,0
81.2067948,18.7014386,0
81.2066846,18.7012997,0
81.2066694,18.7011785,0
81.2066273,18.7010572,0
81.2065644,18.7008684,0
81.2064914,18.7006465,0
81.2064288,18.7003789,0
81.2063658,18.7001370,0
81.2063064,18.6998001,0
81.2062720,18.6995649,0
81.2062387,18.6993570,0
81.2062208,18.6991335,0
81.2062398,18.6989316,0
81.2062777,18.6987360,0
81.2063424,18.6985542,0
81.2063898,18.6984242,0
81.2064515,18.6983389,0
81.2065555,18.6982120,0
81.2066979,18.6980972,0
81.2068333,18.6980385,0
81.2068355,18.6980691,0
81.2068257,18.6982157,0
81.2067255,18.6984058,0
81.2068159,18.6986302,0
81.2070642,18.6986699,0
81.2072290,18.6987224,0
81.2073807,18.6987586,0
81.2075004,18.6989040,0
81.2077107,18.6989793,0
81.2077699,18.6989923,0
81.2077767,18.6991091,0
81.2077850,18.6992970,0
81.2078223,18.6995394,0
81.2078958,18.6997545,0
81.2079397,18.6998763,0
81.2080073,18.6999976,0
81.2081149,18.7001411,0
81.2082111,18.7002257,0
81.2083110,18.7003144,0
81.2083814,18.7003793,0
81.2081736,18.7008122,0
81.2095618,18.7060525,0
81.2106753,18.7079783,0
</coordinates>
            </LinearRing>
          </outerBoundaryIs>
        </Polygon>
        <id>FP/CG/MIN/146694/2021</id>
        <id1>4112212521214727Y5CompartmentwiseandComponentwiselandbreakupDep4.kml</id1>
        <id2>Pno_Inserted</id2>
      </Placemark>
    </Document>
    <Document>
      <name>3 Waste dumping 74dot05 ha</name>
      <Schema name="6" id="kml_schema_ft_6">
        <SimpleField type="xsd:double" name="AREA">
          <displayName>AREA</displayName>
        </SimpleField>
        <SimpleField type="xsd:string" name="Facility">
          <displayName>Facility</displayName>
        </SimpleField>
        <SimpleField type="xsd:string" name="New_compartment_no">
          <displayName>New_compartment_no</displayName>
        </SimpleField>
        <SimpleField type="xsd:string" name="Old_compartment_no">
          <displayName>Old_compartment_no</displayName>
        </SimpleField>
        <SimpleField type="xsd:string" name="Forest_Type">
          <displayName>Forest_Type</displayName>
        </SimpleField>
        <SimpleField type="xsd:string" name="Division">
          <displayName>Division</displayName>
        </SimpleField>
        <SimpleField type="xsd:string" name="Range">
          <displayName>Range</displayName>
        </SimpleField>
        <SimpleField type="xsd:string" name="RF">
          <displayName>RF</displayName>
        </SimpleField>
        <SimpleField type="xsd:string" name="Village">
          <displayName>Village</displayName>
        </SimpleField>
        <SimpleField type="xsd:string" name="Khasra_no">
          <displayName>Khasra_no</displayName>
        </SimpleField>
        <SimpleField type="xsd:string" name="Land_Type">
          <displayName>Land_Type</displayName>
        </SimpleField>
      </Schema>
      <StyleMap id="m_ylw-pushpin1">
        <Pair>
          <key>normal</key>
          <styleUrl>#s_ylw-pushpin1</styleUrl>
        </Pair>
        <Pair>
          <key>highlight</key>
          <styleUrl>#s_ylw-pushpin_hl1</styleUrl>
        </Pair>
      </StyleMap>
      <Style id="s_ylw-pushpin1">
        <IconStyle>
          <scale>1.1</scale>
          <Icon>
            <href>http://maps.google.com/mapfiles/kml/pushpin/ylw-pushpin.png</href>
          </Icon>
          <hotSpot x="20" y="2" xunits="pixels" yunits="pixels" />
        </IconStyle>
        <LineStyle>
          <color>ff7faa55</color>
        </LineStyle>
        <PolyStyle>
          <fill>0</fill>
        </PolyStyle>
      </Style>
      <Style id="s_ylw-pushpin_hl1">
        <IconStyle>
          <scale>1.3</scale>
          <Icon>
            <href>http://maps.google.com/mapfiles/kml/pushpin/ylw-pushpin.png</href>
          </Icon>
          <hotSpot x="20" y="2" xunits="pixels" yunits="pixels" />
        </IconStyle>
        <LineStyle>
          <color>ff7faa55</color>
        </LineStyle>
        <PolyStyle>
          <fill>0</fill>
        </PolyStyle>
      </Style>
      <Placemark id="kml_1">
        <name>kml_1</name>
        <snippet>
        </snippet>
        <description><![CDATA[<center><table><tr><th colspan='2' align='center'><em>Attributes</em></th></tr><tr bgcolor="#E3E3F3">
<th>AREA</th>
<td>200622.17219478736</td>
</tr><tr bgcolor="">
<th>Facility</th>
<td>Overburden/Waste dumping</td>
</tr><tr bgcolor="#E3E3F3">
<th>New_compartment_no</th>
<td>1833</td>
</tr><tr bgcolor="">
<th>Old_compartment_no</th>
<td>664</td>
</tr><tr bgcolor="#E3E3F3">
<th>Forest_Type</th>
<td>Reserved forest</td>
</tr><tr bgcolor="">
<th>Division</th>
<td>Dantewada</td>
</tr><tr bgcolor="#E3E3F3">
<th>Range</th>
<td>Bacheli</td>
</tr><tr bgcolor="">
<th>RF</th>
<td>Bailadila</td>
</tr><tr bgcolor="#E3E3F3">
<th>Village</th>
<td>NA</td>
</tr><tr bgcolor="">
<th>Khasra_no</th>
<td>NA</td>
</tr><tr bgcolor="#E3E3F3">
<th>Land_Type</th>
<td>RF</td>
</tr></table></center>]]></description>
        <styleUrl>#m_ylw-pushpin1</styleUrl>
        <ExtendedData>
          <SchemaData schemaUrl="#kml_schema_ft_6">
            <SimpleData name="AREA">200622.17219478736</SimpleData>
            <SimpleData name="Facility">Overburden/Waste dumping</SimpleData>
            <SimpleData name="New_compartment_no">1833</SimpleData>
            <SimpleData name="Old_compartment_no">664</SimpleData>
            <SimpleData name="Forest_Type">Reserved forest</SimpleData>
            <SimpleData name="Division">Dantewada</SimpleData>
            <SimpleData name="Range">Bacheli</SimpleData>
            <SimpleData name="RF">Bailadila</SimpleData>
            <SimpleData name="Village">NA</SimpleData>
            <SimpleData name="Khasra_no">NA</SimpleData>
            <SimpleData name="Land_Type">RF</SimpleData>
          </SchemaData>
        </ExtendedData>
        <Polygon>
          <outerBoundaryIs>
            <LinearRing>
              <coordinates>
81.2031412,18.7234057,0
81.2034213,18.7238211,0
81.2034515,18.7247366,0
81.2035872,18.7251963,0
81.2039129,18.7256612,0
81.2042201,18.7260976,0
81.2045727,18.7263434,0
81.2048648,18.7267798,0
81.2052283,18.7270639,0
81.2063396,18.7270297,0
81.2070818,18.7268369,0
81.2079341,18.7265683,0
81.2080755,18.7259679,0
81.2078980,18.7258037,0
81.2076967,18.7253268,0
81.2078898,18.7249678,0
81.2076510,18.7246330,0
81.2073355,18.7244054,0
81.2071427,18.7240642,0
81.2070029,18.7237454,0
81.2068468,18.7235272,0
81.2065531,18.7234824,0
81.2062148,18.7233982,0
81.2060125,18.7232897,0
81.2059562,18.7231978,0
81.2059257,18.7231343,0
81.2059240,18.7231317,0
81.2058596,18.7230152,0
81.2057845,18.7228041,0
81.2057029,18.7227242,0
81.2055850,18.7226066,0
81.2054583,18.7224891,0
81.2052027,18.7222805,0
81.2050151,18.7221555,0
81.2049711,18.7221288,0
81.2049040,18.7220783,0
81.2047322,18.7219543,0
81.2045165,18.7217987,0
81.2042798,18.7217033,0
81.2041220,18.7216486,0
81.2040626,18.7216280,0
81.2039325,18.7215868,0
81.2036238,18.7215300,0
81.2032786,18.7216067,0
81.2031693,18.7220280,0
81.2031772,18.7226943,0
81.2030978,18.7231358,0
81.2031412,18.7234057,0
</coordinates>
            </LinearRing>
          </outerBoundaryIs>
        </Polygon>
        <id>FP/CG/MIN/146694/2021</id>
        <id1>4112212521214727Y5CompartmentwiseandComponentwiselandbreakupDep4.kml</id1>
        <id2>Pno_Inserted</id2>
      </Placemark>
      <Placemark id="kml_2">
        <name>kml_2</name>
        <snippet>
        </snippet>
        <description><![CDATA[<center><table><tr><th colspan='2' align='center'><em>Attributes</em></th></tr><tr bgcolor="#E3E3F3">
<th>AREA</th>
<td>16722.407730794388</td>
</tr><tr bgcolor="">
<th>Facility</th>
<td>Overburden/Waste dumping</td>
</tr><tr bgcolor="#E3E3F3">
<th>New_compartment_no</th>
<td>1834</td>
</tr><tr bgcolor="">
<th>Old_compartment_no</th>
<td>666</td>
</tr><tr bgcolor="#E3E3F3">
<th>Forest_Type</th>
<td>Reserved forest</td>
</tr><tr bgcolor="">
<th>Division</th>
<td>Dantewada</td>
</tr><tr bgcolor="#E3E3F3">
<th>Range</th>
<td>Bacheli</td>
</tr><tr bgcolor="">
<th>RF</th>
<td>Bailadila</td>
</tr><tr bgcolor="#E3E3F3">
<th>Village</th>
<td>NA</td>
</tr><tr bgcolor="">
<th>Khasra_no</th>
<td>NA</td>
</tr><tr bgcolor="#E3E3F3">
<th>Land_Type</th>
<td>RF</td>
</tr></table></center>]]></description>
        <styleUrl>#m_ylw-pushpin1</styleUrl>
        <ExtendedData>
          <SchemaData schemaUrl="#kml_schema_ft_6">
            <SimpleData name="AREA">16722.407730794388</SimpleData>
            <SimpleData name="Facility">Overburden/Waste dumping</SimpleData>
            <SimpleData name="New_compartment_no">1834</SimpleData>
            <SimpleData name="Old_compartment_no">666</SimpleData>
            <SimpleData name="Forest_Type">Reserved forest</SimpleData>
            <SimpleData name="Division">Dantewada</SimpleData>
            <SimpleData name="Range">Bacheli</SimpleData>
            <SimpleData name="RF">Bailadila</SimpleData>
            <SimpleData name="Village">NA</SimpleData>
            <SimpleData name="Khasra_no">NA</SimpleData>
            <SimpleData name="Land_Type">RF</SimpleData>
          </SchemaData>
        </ExtendedData>
        <Polygon>
          <outerBoundaryIs>
            <LinearRing>
              <coordinates>
81.2107687,18.7173415,0
81.2108562,18.7173280,0
81.2109234,18.7173307,0
81.2110311,18.7173486,0
81.2111034,18.7173805,0
81.2111286,18.7173988,0
81.2111938,18.7174461,0
81.2112620,18.7175673,0
81.2113335,18.7177138,0
81.2113453,18.7179813,0
81.2113366,18.7181491,0
81.2113173,18.7182183,0
81.2112901,18.7183155,0
81.2112744,18.7183737,0
81.2112565,18.7184650,0
81.2112146,18.7185666,0
81.2111739,18.7186952,0
81.2111332,18.7188413,0
81.2111175,18.7188916,0
81.2111079,18.7189224,0
81.2110999,18.7189481,0
81.2110711,18.7190749,0
81.2110351,18.7191476,0
81.2110000,18.7192561,0
81.2109644,18.7193782,0
81.2109400,18.7194526,0
81.2108660,18.7196903,0
81.2108395,18.7197944,0
81.2108097,18.7197939,0
81.2107607,18.7197959,0
81.2106782,18.7197900,0
81.2105534,18.7197565,0
81.2104592,18.7197050,0
81.2103673,18.7196356,0
81.2103178,18.7195639,0
81.2102990,18.7194892,0
81.2103382,18.7193845,0
81.2103673,18.7193130,0
81.2104118,18.7192163,0
81.2104557,18.7191329,0
81.2105057,18.7190357,0
81.2105386,18.7189563,0
81.2105815,18.7188662,0
81.2106088,18.7187737,0
81.2106332,18.7186737,0
81.2106399,18.7185925,0
81.2106480,18.7184809,0
81.2106535,18.7183692,0
81.2106511,18.7182599,0
81.2106642,18.7180984,0
81.2106728,18.7179404,0
81.2106763,18.7178660,0
81.2106678,18.7178120,0
81.2106553,18.7177269,0
81.2106652,18.7176370,0
81.2106833,18.7175315,0
81.2107042,18.7174286,0
81.2107305,18.7173688,0
81.2107687,18.7173415,0
</coordinates>
            </LinearRing>
          </outerBoundaryIs>
        </Polygon>
        <id>FP/CG/MIN/146694/2021</id>
        <id1>4112212521214727Y5CompartmentwiseandComponentwiselandbreakupDep4.kml</id1>
        <id2>Pno_Inserted</id2>
      </Placemark>
      <Placemark id="kml_3">
        <name>kml_3</name>
        <snippet>
        </snippet>
        <description><![CDATA[<center><table><tr><th colspan='2' align='center'><em>Attributes</em></th></tr><tr bgcolor="#E3E3F3">
<th>AREA</th>
<td>202684.59577938128</td>
</tr><tr bgcolor="">
<th>Facility</th>
<td>Overburden/Waste dumping</td>
</tr><tr bgcolor="#E3E3F3">
<th>New_compartment_no</th>
<td>1885</td>
</tr><tr bgcolor="">
<th>Old_compartment_no</th>
<td>662</td>
</tr><tr bgcolor="#E3E3F3">
<th>Forest_Type</th>
<td>Reserved forest</td>
</tr><tr bgcolor="">
<th>Division</th>
<td>Dantewada</td>
</tr><tr bgcolor="#E3E3F3">
<th>Range</th>
<td>Bacheli</td>
</tr><tr bgcolor="">
<th>RF</th>
<td>Bailadila</td>
</tr><tr bgcolor="#E3E3F3">
<th>Village</th>
<td>NA</td>
</tr><tr bgcolor="">
<th>Khasra_no</th>
<td>NA</td>
</tr><tr bgcolor="#E3E3F3">
<th>Land_Type</th>
<td>RF</td>
</tr></table></center>]]></description>
        <styleUrl>#m_ylw-pushpin1</styleUrl>
        <ExtendedData>
          <SchemaData schemaUrl="#kml_schema_ft_6">
            <SimpleData name="AREA">202684.59577938128</SimpleData>
            <SimpleData name="Facility">Overburden/Waste dumping</SimpleData>
            <SimpleData name="New_compartment_no">1885</SimpleData>
            <SimpleData name="Old_compartment_no">662</SimpleData>
            <SimpleData name="Forest_Type">Reserved forest</SimpleData>
            <SimpleData name="Division">Dantewada</SimpleData>
            <SimpleData name="Range">Bacheli</SimpleData>
            <SimpleData name="RF">Bailadila</SimpleData>
            <SimpleData name="Village">NA</SimpleData>
            <SimpleData name="Khasra_no">NA</SimpleData>
            <SimpleData name="Land_Type">RF</SimpleData>
          </SchemaData>
        </ExtendedData>
        <Polygon>
          <outerBoundaryIs>
            <LinearRing>
              <coordinates>
81.2065144,18.7149151,0
81.2059651,18.7152185,0
81.2047932,18.7156461,0
81.2046969,18.7155184,0
81.2030092,18.7152779,0
81.2030899,18.7152244,0
81.2032725,18.7149713,0
81.2032310,18.7147578,0
81.2031083,18.7144101,0
81.2030838,18.7139448,0
81.2030834,18.7136463,0
81.2028650,18.7131882,0
81.2027792,18.7129596,0
81.2027613,18.7127586,0
81.2028025,18.7123970,0
81.2027984,18.7122998,0
81.2027469,18.7120756,0
81.2026139,18.7118036,0
81.2025646,18.7114444,0
81.2025968,18.7110789,0
81.2025491,18.7107951,0
81.2024198,18.7104793,0
81.2023700,18.7102172,0
81.2023845,18.7100267,0
81.2026053,18.7099696,0
81.2028017,18.7099502,0
81.2031117,18.7100113,0
81.2034634,18.7101374,0
81.2038887,18.7103373,0
81.2044232,18.7106893,0
81.2050666,18.7111453,0
81.2059642,18.7118093,0
81.2069482,18.7126579,0
81.2070305,18.7127696,0
81.2070582,18.7131285,0
81.2069880,18.7134481,0
81.2068505,18.7138317,0
81.2068738,18.7146374,0
81.2065144,18.7149151,0
</coordinates>
            </LinearRing>
          </outerBoundaryIs>
        </Polygon>
        <id>FP/CG/MIN/146694/2021</id>
        <id1>4112212521214727Y5CompartmentwiseandComponentwiselandbreakupDep4.kml</id1>
        <id2>Pno_Inserted</id2>
      </Placemark>
      <Placemark id="kml_4">
        <name>kml_4</name>
        <snippet>
        </snippet>
        <description><![CDATA[<center><table><tr><th colspan='2' align='center'><em>Attributes</em></th></tr><tr bgcolor="#E3E3F3">
<th>AREA</th>
<td>8650.112016220439</td>
</tr><tr bgcolor="">
<th>Facility</th>
<td>Overburden/Waste dumping</td>
</tr><tr bgcolor="#E3E3F3">
<th>New_compartment_no</th>
<td>1886</td>
</tr><tr bgcolor="">
<th>Old_compartment_no</th>
<td>663</td>
</tr><tr bgcolor="#E3E3F3">
<th>Forest_Type</th>
<td>Reserved forest</td>
</tr><tr bgcolor="">
<th>Division</th>
<td>Dantewada</td>
</tr><tr bgcolor="#E3E3F3">
<th>Range</th>
<td>Bacheli</td>
</tr><tr bgcolor="">
<th>RF</th>
<td>Bailadila</td>
</tr><tr bgcolor="#E3E3F3">
<th>Village</th>
<td>NA</td>
</tr><tr bgcolor="">
<th>Khasra_no</th>
<td>NA</td>
</tr><tr bgcolor="#E3E3F3">
<th>Land_Type</th>
<td>RF</td>
</tr></table></center>]]></description>
        <styleUrl>#m_ylw-pushpin1</styleUrl>
        <ExtendedData>
          <SchemaData schemaUrl="#kml_schema_ft_6">
            <SimpleData name="AREA">8650.112016220439</SimpleData>
            <SimpleData name="Facility">Overburden/Waste dumping</SimpleData>
            <SimpleData name="New_compartment_no">1886</SimpleData>
            <SimpleData name="Old_compartment_no">663</SimpleData>
            <SimpleData name="Forest_Type">Reserved forest</SimpleData>
            <SimpleData name="Division">Dantewada</SimpleData>
            <SimpleData name="Range">Bacheli</SimpleData>
            <SimpleData name="RF">Bailadila</SimpleData>
            <SimpleData name="Village">NA</SimpleData>
            <SimpleData name="Khasra_no">NA</SimpleData>
            <SimpleData name="Land_Type">RF</SimpleData>
          </SchemaData>
        </ExtendedData>
        <Polygon>
          <outerBoundaryIs>
            <LinearRing>
              <coordinates>
81.2047932,18.7156461,0
81.2047887,18.7156477,0
81.2041492,18.7157988,0
81.2037722,18.7158520,0
81.2032511,18.7158244,0
81.2030377,18.7157507,0
81.2028196,18.7156415,0
81.2028139,18.7154072,0
81.2030092,18.7152779,0
81.2046969,18.7155184,0
81.2047932,18.7156461,0
</coordinates>
            </LinearRing>
          </outerBoundaryIs>
        </Polygon>
        <id>FP/CG/MIN/146694/2021</id>
        <id1>4112212521214727Y5CompartmentwiseandComponentwiselandbreakupDep4.kml</id1>
        <id2>Pno_Inserted</id2>
      </Placemark>
      <Placemark id="kml_5">
        <name>kml_5</name>
        <snippet>
        </snippet>
        <description><![CDATA[<center><table><tr><th colspan='2' align='center'><em>Attributes</em></th></tr><tr bgcolor="#E3E3F3">
<th>AREA</th>
<td>184984.4339585818</td>
</tr><tr bgcolor="">
<th>Facility</th>
<td>Overburden/Waste dumping</td>
</tr><tr bgcolor="#E3E3F3">
<th>New_compartment_no</th>
<td>1885</td>
</tr><tr bgcolor="">
<th>Old_compartment_no</th>
<td>662</td>
</tr><tr bgcolor="#E3E3F3">
<th>Forest_Type</th>
<td>Reserved forest</td>
</tr><tr bgcolor="">
<th>Division</th>
<td>Dantewada</td>
</tr><tr bgcolor="#E3E3F3">
<th>Range</th>
<td>Bacheli</td>
</tr><tr bgcolor="">
<th>RF</th>
<td>Bailadila</td>
</tr><tr bgcolor="#E3E3F3">
<th>Village</th>
<td>NA</td>
</tr><tr bgcolor="">
<th>Khasra_no</th>
<td>NA</td>
</tr><tr bgcolor="#E3E3F3">
<th>Land_Type</th>
<td>RF</td>
</tr></table></center>]]></description>
        <styleUrl>#m_ylw-pushpin1</styleUrl>
        <ExtendedData>
          <SchemaData schemaUrl="#kml_schema_ft_6">
            <SimpleData name="AREA">184984.4339585818</SimpleData>
            <SimpleData name="Facility">Overburden/Waste dumping</SimpleData>
            <SimpleData name="New_compartment_no">1885</SimpleData>
            <SimpleData name="Old_compartment_no">662</SimpleData>
            <SimpleData name="Forest_Type">Reserved forest</SimpleData>
            <SimpleData name="Division">Dantewada</SimpleData>
            <SimpleData name="Range">Bacheli</SimpleData>
            <SimpleData name="RF">Bailadila</SimpleData>
            <SimpleData name="Village">NA</SimpleData>
            <SimpleData name="Khasra_no">NA</SimpleData>
            <SimpleData name="Land_Type">RF</SimpleData>
          </SchemaData>
        </ExtendedData>
        <Polygon>
          <outerBoundaryIs>
            <LinearRing>
              <coordinates>
81.2021577,18.7042694,0
81.2023024,18.7046530,0
81.2023290,18.7050391,0
81.2024759,18.7053111,0
81.2027509,18.7055918,0
81.2028246,18.7058360,0
81.2028595,18.7059980,0
81.2027118,18.7062476,0
81.2026964,18.7063641,0
81.2026291,18.7064020,0
81.2024994,18.7066677,0
81.2024510,18.7069913,0
81.2024166,18.7071759,0
81.2023289,18.7074919,0
81.2024012,18.7080315,0
81.2025631,18.7085359,0
81.2026581,18.7088828,0
81.2027742,18.7092320,0
81.2029528,18.7093327,0
81.2031294,18.7093651,0
81.2034534,18.7093603,0
81.2037028,18.7092888,0
81.2041151,18.7089636,0
81.2045162,18.7085857,0
81.2051205,18.7077464,0
81.2054318,18.7070175,0
81.2056374,18.7067212,0
81.2055560,18.7060618,0
81.2054958,18.7055148,0
81.2055564,18.7054054,0
81.2055574,18.7051623,0
81.2054468,18.7049426,0
81.2051840,18.7046436,0
81.2050646,18.7044655,0
81.2050466,18.7042988,0
81.2049602,18.7042015,0
81.2044171,18.7037618,0
81.2037467,18.7033870,0
81.2031123,18.7031630,0
81.2026967,18.7031216,0
81.2023443,18.7031503,0
81.2019781,18.7031993,0
81.2016593,18.7032480,0
81.2016011,18.7034043,0
81.2017998,18.7037250,0
81.2019083,18.7038086,0
81.2021396,18.7039428,0
81.2021709,18.7040669,0
81.2021577,18.7042694,0
</coordinates>
            </LinearRing>
          </outerBoundaryIs>
        </Polygon>
        <id>FP/CG/MIN/146694/2021</id>
        <id1>4112212521214727Y5CompartmentwiseandComponentwiselandbreakupDep4.kml</id1>
        <id2>Pno_Inserted</id2>
      </Placemark>
      <Placemark id="kml_6">
        <name>kml_6</name>
        <snippet>
        </snippet>
        <description><![CDATA[<center><table><tr><th colspan='2' align='center'><em>Attributes</em></th></tr><tr bgcolor="#E3E3F3">
<th>AREA</th>
<td>127036.21435424779</td>
</tr><tr bgcolor="">
<th>Facility</th>
<td>Overburden/Waste dumping</td>
</tr><tr bgcolor="#E3E3F3">
<th>New_compartment_no</th>
<td>1885</td>
</tr><tr bgcolor="">
<th>Old_compartment_no</th>
<td>662</td>
</tr><tr bgcolor="#E3E3F3">
<th>Forest_Type</th>
<td>Reserved forest</td>
</tr><tr bgcolor="">
<th>Division</th>
<td>Dantewada</td>
</tr><tr bgcolor="#E3E3F3">
<th>Range</th>
<td>Bacheli</td>
</tr><tr bgcolor="">
<th>RF</th>
<td>Bailadila</td>
</tr><tr bgcolor="#E3E3F3">
<th>Village</th>
<td>NA</td>
</tr><tr bgcolor="">
<th>Khasra_no</th>
<td>NA</td>
</tr><tr bgcolor="#E3E3F3">
<th>Land_Type</th>
<td>RF</td>
</tr></table></center>]]></description>
        <styleUrl>#m_ylw-pushpin1</styleUrl>
        <ExtendedData>
          <SchemaData schemaUrl="#kml_schema_ft_6">
            <SimpleData name="AREA">127036.21435424779</SimpleData>
            <SimpleData name="Facility">Overburden/Waste dumping</SimpleData>
            <SimpleData name="New_compartment_no">1885</SimpleData>
            <SimpleData name="Old_compartment_no">662</SimpleData>
            <SimpleData name="Forest_Type">Reserved forest</SimpleData>
            <SimpleData name="Division">Dantewada</SimpleData>
            <SimpleData name="Range">Bacheli</SimpleData>
            <SimpleData name="RF">Bailadila</SimpleData>
            <SimpleData name="Village">NA</SimpleData>
            <SimpleData name="Khasra_no">NA</SimpleData>
            <SimpleData name="Land_Type">RF</SimpleData>
          </SchemaData>
        </ExtendedData>
        <Polygon>
          <outerBoundaryIs>
            <LinearRing>
              <coordinates>
81.2002004,18.7004540,0
81.2006065,18.7012292,0
81.2010381,18.7017871,0
81.2014861,18.7019685,0
81.2018615,18.7024000,0
81.2021443,18.7026320,0
81.2028392,18.7027865,0
81.2037407,18.7027512,0
81.2043072,18.7025255,0
81.2045006,18.7020841,0
81.2045780,18.7016900,0
81.2046044,18.7014833,0
81.2044729,18.7012150,0
81.2040095,18.7005164,0
81.2038856,18.7002257,0
81.2035279,18.6999170,0
81.2030367,18.6996201,0
81.2025418,18.6992812,0
81.2018788,18.6992544,0
81.2014140,18.6992919,0
81.2009070,18.6994871,0
81.2006034,18.6997243,0
81.2003522,18.6999475,0
81.2001807,18.7003138,0
81.2002004,18.7004540,0
</coordinates>
            </LinearRing>
          </outerBoundaryIs>
        </Polygon>
        <id>FP/CG/MIN/146694/2021</id>
        <id1>4112212521214727Y5CompartmentwiseandComponentwiselandbreakupDep4.kml</id1>
        <id2>Pno_Inserted</id2>
      </Placemark>
    </Document>
    <Document>
      <name>4 Infrastructure inside ML 65dot90 ha</name>
      <Schema name="5" id="kml_schema_ft_5">
        <SimpleField type="xsd:double" name="AREA">
          <displayName>AREA</displayName>
        </SimpleField>
        <SimpleField type="xsd:string" name="Facility">
          <displayName>Facility</displayName>
        </SimpleField>
        <SimpleField type="xsd:string" name="New_compartment_no">
          <displayName>New_compartment_no</displayName>
        </SimpleField>
        <SimpleField type="xsd:string" name="Old_compartment_no">
          <displayName>Old_compartment_no</displayName>
        </SimpleField>
        <SimpleField type="xsd:string" name="Forest_Type">
          <displayName>Forest_Type</displayName>
        </SimpleField>
        <SimpleField type="xsd:string" name="Division">
          <displayName>Division</displayName>
        </SimpleField>
        <SimpleField type="xsd:string" name="Range">
          <displayName>Range</displayName>
        </SimpleField>
        <SimpleField type="xsd:string" name="RF">
          <displayName>RF</displayName>
        </SimpleField>
        <SimpleField type="xsd:string" name="Village">
          <displayName>Village</displayName>
        </SimpleField>
        <SimpleField type="xsd:string" name="Khasra_no">
          <displayName>Khasra_no</displayName>
        </SimpleField>
        <SimpleField type="xsd:string" name="Land_Type">
          <displayName>Land_Type</displayName>
        </SimpleField>
      </Schema>
      <StyleMap id="m_ylw-pushpin2">
        <Pair>
          <key>normal</key>
          <styleUrl>#s_ylw-pushpin2</styleUrl>
        </Pair>
        <Pair>
          <key>highlight</key>
          <styleUrl>#s_ylw-pushpin_hl2</styleUrl>
        </Pair>
      </StyleMap>
      <Style id="s_ylw-pushpin2">
        <IconStyle>
          <scale>1.1</scale>
          <Icon>
            <href>http://maps.google.com/mapfiles/kml/pushpin/ylw-pushpin.png</href>
          </Icon>
          <hotSpot x="20" y="2" xunits="pixels" yunits="pixels" />
        </IconStyle>
        <LineStyle>
          <color>ffff55aa</color>
        </LineStyle>
        <PolyStyle>
          <fill>0</fill>
        </PolyStyle>
      </Style>
      <Style id="s_ylw-pushpin_hl2">
        <IconStyle>
          <scale>1.3</scale>
          <Icon>
            <href>http://maps.google.com/mapfiles/kml/pushpin/ylw-pushpin.png</href>
          </Icon>
          <hotSpot x="20" y="2" xunits="pixels" yunits="pixels" />
        </IconStyle>
        <LineStyle>
          <color>ffff55aa</color>
        </LineStyle>
        <PolyStyle>
          <fill>0</fill>
        </PolyStyle>
      </Style>
      <Placemark id="kml_1">
        <name>kml_1</name>
        <snippet>
        </snippet>
        <description><![CDATA[<center><table><tr><th colspan='2' align='center'><em>Attributes</em></th></tr><tr bgcolor="#E3E3F3">
<th>AREA</th>
<td>1000.0000001009794</td>
</tr><tr bgcolor="">
<th>Facility</th>
<td>Infrastructure inside Mine Lease</td>
</tr><tr bgcolor="#E3E3F3">
<th>New_compartment_no</th>
<td>1834</td>
</tr><tr bgcolor="">
<th>Old_compartment_no</th>
<td>666</td>
</tr><tr bgcolor="#E3E3F3">
<th>Forest_Type</th>
<td>Reserved forest</td>
</tr><tr bgcolor="">
<th>Division</th>
<td>Dantewada</td>
</tr><tr bgcolor="#E3E3F3">
<th>Range</th>
<td>Bacheli</td>
</tr><tr bgcolor="">
<th>RF</th>
<td>Bailadila</td>
</tr><tr bgcolor="#E3E3F3">
<th>Village</th>
<td>NA</td>
</tr><tr bgcolor="">
<th>Khasra_no</th>
<td>NA</td>
</tr><tr bgcolor="#E3E3F3">
<th>Land_Type</th>
<td>RF</td>
</tr></table></center>]]></description>
        <styleUrl>#m_ylw-pushpin2</styleUrl>
        <ExtendedData>
          <SchemaData schemaUrl="#kml_schema_ft_5">
            <SimpleData name="AREA">1000.0000001009794</SimpleData>
            <SimpleData name="Facility">Infrastructure inside Mine Lease</SimpleData>
            <SimpleData name="New_compartment_no">1834</SimpleData>
            <SimpleData name="Old_compartment_no">666</SimpleData>
            <SimpleData name="Forest_Type">Reserved forest</SimpleData>
            <SimpleData name="Division">Dantewada</SimpleData>
            <SimpleData name="Range">Bacheli</SimpleData>
            <SimpleData name="RF">Bailadila</SimpleData>
            <SimpleData name="Village">NA</SimpleData>
            <SimpleData name="Khasra_no">NA</SimpleData>
            <SimpleData name="Land_Type">RF</SimpleData>
          </SchemaData>
        </ExtendedData>
        <Polygon>
          <outerBoundaryIs>
            <LinearRing>
              <coordinates>
81.2148140,18.7280261,0
81.2148113,18.7282069,0
81.2152855,18.7282132,0
81.2152881,18.7280325,0
81.2148140,18.7280261,0
</coordinates>
            </LinearRing>
          </outerBoundaryIs>
        </Polygon>
        <id>FP/CG/MIN/146694/2021</id>
        <id1>4112212521214727Y5CompartmentwiseandComponentwiselandbreakupDep4.kml</id1>
        <id2>Pno_Inserted</id2>
      </Placemark>
      <Placemark id="kml_2">
        <name>kml_2</name>
        <snippet>
        </snippet>
        <description><![CDATA[<center><table><tr><th colspan='2' align='center'><em>Attributes</em></th></tr><tr bgcolor="#E3E3F3">
<th>AREA</th>
<td>174.43209727648093</td>
</tr><tr bgcolor="">
<th>Facility</th>
<td>Infrastructure inside Mine Lease</td>
</tr><tr bgcolor="#E3E3F3">
<th>New_compartment_no</th>
<td>1834</td>
</tr><tr bgcolor="">
<th>Old_compartment_no</th>
<td>666</td>
</tr><tr bgcolor="#E3E3F3">
<th>Forest_Type</th>
<td>Reserved forest</td>
</tr><tr bgcolor="">
<th>Division</th>
<td>Dantewada</td>
</tr><tr bgcolor="#E3E3F3">
<th>Range</th>
<td>Bacheli</td>
</tr><tr bgcolor="">
<th>RF</th>
<td>Bailadila</td>
</tr><tr bgcolor="#E3E3F3">
<th>Village</th>
<td>NA</td>
</tr><tr bgcolor="">
<th>Khasra_no</th>
<td>NA</td>
</tr><tr bgcolor="#E3E3F3">
<th>Land_Type</th>
<td>RF</td>
</tr></table></center>]]></description>
        <styleUrl>#m_ylw-pushpin2</styleUrl>
        <ExtendedData>
          <SchemaData schemaUrl="#kml_schema_ft_5">
            <SimpleData name="AREA">174.43209727648093</SimpleData>
            <SimpleData name="Facility">Infrastructure inside Mine Lease</SimpleData>
            <SimpleData name="New_compartment_no">1834</SimpleData>
            <SimpleData name="Old_compartment_no">666</SimpleData>
            <SimpleData name="Forest_Type">Reserved forest</SimpleData>
            <SimpleData name="Division">Dantewada</SimpleData>
            <SimpleData name="Range">Bacheli</SimpleData>
            <SimpleData name="RF">Bailadila</SimpleData>
            <SimpleData name="Village">NA</SimpleData>
            <SimpleData name="Khasra_no">NA</SimpleData>
            <SimpleData name="Land_Type">RF</SimpleData>
          </SchemaData>
        </ExtendedData>
        <Polygon>
          <outerBoundaryIs>
            <LinearRing>
              <coordinates>
81.2160361,18.7280983,0
81.2160712,18.7281778,0
81.2161781,18.7282453,0
81.2162406,18.7282888,0
81.2163007,18.7282890,0
81.2163020,18.7282644,0
81.2162106,18.7282008,0
81.2161001,18.7281311,0
81.2160361,18.7280983,0
</coordinates>
            </LinearRing>
          </outerBoundaryIs>
        </Polygon>
        <id>FP/CG/MIN/146694/2021</id>
        <id1>4112212521214727Y5CompartmentwiseandComponentwiselandbreakupDep4.kml</id1>
        <id2>Pno_Inserted</id2>
      </Placemark>
      <Placemark id="kml_3">
        <name>kml_3</name>
        <snippet>
        </snippet>
        <description><![CDATA[<center><table><tr><th colspan='2' align='center'><em>Attributes</em></th></tr><tr bgcolor="#E3E3F3">
<th>AREA</th>
<td>5957.758107475355</td>
</tr><tr bgcolor="">
<th>Facility</th>
<td>Infrastructure inside Mine Lease</td>
</tr><tr bgcolor="#E3E3F3">
<th>New_compartment_no</th>
<td>1833</td>
</tr><tr bgcolor="">
<th>Old_compartment_no</th>
<td>664</td>
</tr><tr bgcolor="#E3E3F3">
<th>Forest_Type</th>
<td>Reserved forest</td>
</tr><tr bgcolor="">
<th>Division</th>
<td>Dantewada</td>
</tr><tr bgcolor="#E3E3F3">
<th>Range</th>
<td>Bacheli</td>
</tr><tr bgcolor="">
<th>RF</th>
<td>Bailadila</td>
</tr><tr bgcolor="#E3E3F3">
<th>Village</th>
<td>NA</td>
</tr><tr bgcolor="">
<th>Khasra_no</th>
<td>NA</td>
</tr><tr bgcolor="#E3E3F3">
<th>Land_Type</th>
<td>RF</td>
</tr></table></center>]]></description>
        <styleUrl>#m_ylw-pushpin2</styleUrl>
        <ExtendedData>
          <SchemaData schemaUrl="#kml_schema_ft_5">
            <SimpleData name="AREA">5957.758107475355</SimpleData>
            <SimpleData name="Facility">Infrastructure inside Mine Lease</SimpleData>
            <SimpleData name="New_compartment_no">1833</SimpleData>
            <SimpleData name="Old_compartment_no">664</SimpleData>
            <SimpleData name="Forest_Type">Reserved forest</SimpleData>
            <SimpleData name="Division">Dantewada</SimpleData>
            <SimpleData name="Range">Bacheli</SimpleData>
            <SimpleData name="RF">Bailadila</SimpleData>
            <SimpleData name="Village">NA</SimpleData>
            <SimpleData name="Khasra_no">NA</SimpleData>
            <SimpleData name="Land_Type">RF</SimpleData>
          </SchemaData>
        </ExtendedData>
        <Polygon>
          <outerBoundaryIs>
            <LinearRing>
              <coordinates>
81.2086518,18.7234630,0
81.2087020,18.7236574,0
81.2087993,18.7237691,0
81.2088440,18.7238140,0
81.2089146,18.7241018,0
81.2090180,18.7242534,0
81.2090453,18.7242780,0
81.2090601,18.7243430,0
81.2089432,18.7242357,0
81.2087596,18.7240016,0
81.2085938,18.7237696,0
81.2084558,18.7235001,0
81.2082338,18.7229070,0
81.2079574,18.7223057,0
81.2078500,18.7221026,0
81.2075116,18.7216879,0
81.2074461,18.7214393,0
81.2074425,18.7212993,0
81.2080791,18.7222124,0
81.2083919,18.7227943,0
81.2085544,18.7231718,0
81.2086518,18.7234630,0
</coordinates>
            </LinearRing>
          </outerBoundaryIs>
        </Polygon>
        <id>FP/CG/MIN/146694/2021</id>
        <id1>4112212521214727Y5CompartmentwiseandComponentwiselandbreakupDep4.kml</id1>
        <id2>Pno_Inserted</id2>
      </Placemark>
      <Placemark id="kml_4">
        <name>kml_4</name>
        <snippet>
        </snippet>
        <description><![CDATA[<center><table><tr><th colspan='2' align='center'><em>Attributes</em></th></tr><tr bgcolor="#E3E3F3">
<th>AREA</th>
<td>8659.987506262392</td>
</tr><tr bgcolor="">
<th>Facility</th>
<td>Infrastructure inside Mine Lease</td>
</tr><tr bgcolor="#E3E3F3">
<th>New_compartment_no</th>
<td>1834</td>
</tr><tr bgcolor="">
<th>Old_compartment_no</th>
<td>666</td>
</tr><tr bgcolor="#E3E3F3">
<th>Forest_Type</th>
<td>Reserved forest</td>
</tr><tr bgcolor="">
<th>Division</th>
<td>Dantewada</td>
</tr><tr bgcolor="#E3E3F3">
<th>Range</th>
<td>Bacheli</td>
</tr><tr bgcolor="">
<th>RF</th>
<td>Bailadila</td>
</tr><tr bgcolor="#E3E3F3">
<th>Village</th>
<td>NA</td>
</tr><tr bgcolor="">
<th>Khasra_no</th>
<td>NA</td>
</tr><tr bgcolor="#E3E3F3">
<th>Land_Type</th>
<td>RF</td>
</tr></table></center>]]></description>
        <styleUrl>#m_ylw-pushpin2</styleUrl>
        <ExtendedData>
          <SchemaData schemaUrl="#kml_schema_ft_5">
            <SimpleData name="AREA">8659.987506262392</SimpleData>
            <SimpleData name="Facility">Infrastructure inside Mine Lease</SimpleData>
            <SimpleData name="New_compartment_no">1834</SimpleData>
            <SimpleData name="Old_compartment_no">666</SimpleData>
            <SimpleData name="Forest_Type">Reserved forest</SimpleData>
            <SimpleData name="Division">Dantewada</SimpleData>
            <SimpleData name="Range">Bacheli</SimpleData>
            <SimpleData name="RF">Bailadila</SimpleData>
            <SimpleData name="Village">NA</SimpleData>
            <SimpleData name="Khasra_no">NA</SimpleData>
            <SimpleData name="Land_Type">RF</SimpleData>
          </SchemaData>
        </ExtendedData>
        <Polygon>
          <outerBoundaryIs>
            <LinearRing>
              <coordinates>
81.2104414,18.7167977,0
81.2103625,18.7166893,0
81.2103160,18.7166004,0
81.2102655,18.7165084,0
81.2102366,18.7164054,0
81.2102107,18.7162851,0
81.2101893,18.7161873,0
81.2101625,18.7160716,0
81.2101256,18.7159466,0
81.2100926,18.7158717,0
81.2100481,18.7157906,0
81.2100111,18.7157282,0
81.2099315,18.7155969,0
81.2098894,18.7155333,0
81.2098502,18.7154667,0
81.2097254,18.7152936,0
81.2097063,18.7152605,0
81.2096469,18.7153477,0
81.2097203,18.7154351,0
81.2096582,18.7155196,0
81.2096890,18.7155623,0
81.2097263,18.7156257,0
81.2097691,18.7156904,0
81.2098464,18.7158179,0
81.2098814,18.7158769,0
81.2099208,18.7159487,0
81.2099462,18.7160063,0
81.2099785,18.7161156,0
81.2100039,18.7162252,0
81.2100250,18.7163216,0
81.2100519,18.7164469,0
81.2100877,18.7165744,0
81.2101470,18.7166825,0
81.2101988,18.7167816,0
81.2102915,18.7169089,0
81.2103686,18.7169932,0
81.2104475,18.7170827,0
81.2104806,18.7171241,0
81.2104998,18.7171712,0
81.2105013,18.7172079,0
81.2104949,18.7172507,0
81.2104834,18.7173038,0
81.2104657,18.7173571,0
81.2104340,18.7174362,0
81.2104146,18.7174931,0
81.2103915,18.7175660,0
81.2103739,18.7176336,0
81.2103668,18.7176697,0
81.2103475,18.7177368,0
81.2103326,18.7177965,0
81.2103242,18.7178624,0
81.2103127,18.7179557,0
81.2103031,18.7180321,0
81.2102880,18.7180880,0
81.2102715,18.7181531,0
81.2102567,18.7182177,0
81.2102461,18.7182692,0
81.2102345,18.7183222,0
81.2102264,18.7183811,0
81.2102236,18.7184304,0
81.2102195,18.7184863,0
81.2102192,18.7185244,0
81.2102164,18.7185885,0
81.2102133,18.7186405,0
81.2102137,18.7187165,0
81.2102023,18.7187805,0
81.2101872,18.7187966,0
81.2101449,18.7188415,0
81.2101181,18.7188690,0
81.2101001,18.7188906,0
81.2100980,18.7188953,0
81.2100967,18.7188982,0
81.2101873,18.7190863,0
81.2101914,18.7190798,0
81.2102128,18.7190499,0
81.2102389,18.7190147,0
81.2102620,18.7189869,0
81.2102849,18.7189635,0
81.2103285,18.7189172,0
81.2103443,18.7189003,0
81.2103601,18.7188826,0
81.2103741,18.7188577,0
81.2103834,18.7188382,0
81.2103926,18.7188071,0
81.2103991,18.7187671,0
81.2104028,18.7187308,0
81.2104055,18.7186881,0
81.2104032,18.7186413,0
81.2104059,18.7185953,0
81.2104064,18.7185729,0
81.2104088,18.7185301,0
81.2104092,18.7184934,0
81.2104129,18.7184416,0
81.2104154,18.7183977,0
81.2104216,18.7183524,0
81.2104320,18.7183051,0
81.2104424,18.7182543,0
81.2104563,18.7181936,0
81.2104720,18.7181318,0
81.2104954,18.7180329,0
81.2105086,18.7179333,0
81.2105196,18.7178284,0
81.2105306,18.7177843,0
81.2105523,18.7177080,0
81.2105688,18.7176367,0
81.2105861,18.7175679,0
81.2106101,18.7175034,0
81.2106302,18.7174533,0
81.2106433,18.7174205,0
81.2106581,18.7173821,0
81.2106753,18.7173142,0
81.2106829,18.7172763,0
81.2106879,18.7172264,0
81.2106877,18.7171734,0
81.2106822,18.7171192,0
81.2106678,18.7170846,0
81.2106480,18.7170353,0
81.2105957,18.7169698,0
81.2105127,18.7168756,0
81.2104414,18.7167977,0
</coordinates>
            </LinearRing>
          </outerBoundaryIs>
        </Polygon>
        <id>FP/CG/MIN/146694/2021</id>
        <id1>4112212521214727Y5CompartmentwiseandComponentwiselandbreakupDep4.kml</id1>
        <id2>Pno_Inserted</id2>
      </Placemark>
      <Placemark id="kml_5">
        <name>kml_5</name>
        <snippet>
        </snippet>
        <description><![CDATA[<center><table><tr><th colspan='2' align='center'><em>Attributes</em></th></tr><tr bgcolor="#E3E3F3">
<th>AREA</th>
<td>7772.75134607698</td>
</tr><tr bgcolor="">
<th>Facility</th>
<td>Infrastructure inside Mine Lease</td>
</tr><tr bgcolor="#E3E3F3">
<th>New_compartment_no</th>
<td>1834</td>
</tr><tr bgcolor="">
<th>Old_compartment_no</th>
<td>666</td>
</tr><tr bgcolor="#E3E3F3">
<th>Forest_Type</th>
<td>Reserved forest</td>
</tr><tr bgcolor="">
<th>Division</th>
<td>Dantewada</td>
</tr><tr bgcolor="#E3E3F3">
<th>Range</th>
<td>Bacheli</td>
</tr><tr bgcolor="">
<th>RF</th>
<td>Bailadila</td>
</tr><tr bgcolor="#E3E3F3">
<th>Village</th>
<td>NA</td>
</tr><tr bgcolor="">
<th>Khasra_no</th>
<td>NA</td>
</tr><tr bgcolor="#E3E3F3">
<th>Land_Type</th>
<td>RF</td>
</tr></table></center>]]></description>
        <styleUrl>#m_ylw-pushpin2</styleUrl>
        <ExtendedData>
          <SchemaData schemaUrl="#kml_schema_ft_5">
            <SimpleData name="AREA">7772.75134607698</SimpleData>
            <SimpleData name="Facility">Infrastructure inside Mine Lease</SimpleData>
            <SimpleData name="New_compartment_no">1834</SimpleData>
            <SimpleData name="Old_compartment_no">666</SimpleData>
            <SimpleData name="Forest_Type">Reserved forest</SimpleData>
            <SimpleData name="Division">Dantewada</SimpleData>
            <SimpleData name="Range">Bacheli</SimpleData>
            <SimpleData name="RF">Bailadila</SimpleData>
            <SimpleData name="Village">NA</SimpleData>
            <SimpleData name="Khasra_no">NA</SimpleData>
            <SimpleData name="Land_Type">RF</SimpleData>
          </SchemaData>
        </ExtendedData>
        <Polygon>
          <outerBoundaryIs>
            <LinearRing>
              <coordinates>
81.2100411,18.7146607,0
81.2098447,18.7146779,0
81.2098380,18.7147047,0
81.2098331,18.7147403,0
81.2098285,18.7147741,0
81.2098346,18.7148479,0
81.2098359,18.7148631,0
81.2098713,18.7149366,0
81.2099263,18.7150036,0
81.2099450,18.7150148,0
81.2099889,18.7150414,0
81.2100402,18.7150655,0
81.2100469,18.7150673,0
81.2100861,18.7150782,0
81.2100977,18.7150837,0
81.2101203,18.7150954,0
81.2101288,18.7151016,0
81.2101488,18.7151202,0
81.2101621,18.7151384,0
81.2101708,18.7151552,0
81.2101931,18.7152047,0
81.2102195,18.7152507,0
81.2102404,18.7152810,0
81.2102521,18.7153014,0
81.2102669,18.7153305,0
81.2102800,18.7153632,0
81.2102911,18.7153933,0
81.2103053,18.7154438,0
81.2103176,18.7154760,0
81.2103574,18.7155797,0
81.2103673,18.7156387,0
81.2103671,18.7156534,0
81.2103668,18.7156768,0
81.2103668,18.7157287,0
81.2103770,18.7157945,0
81.2103981,18.7158612,0
81.2104224,18.7159200,0
81.2104409,18.7159644,0
81.2104641,18.7160148,0
81.2104737,18.7160446,0
81.2104813,18.7160891,0
81.2104893,18.7161415,0
81.2104951,18.7161896,0
81.2105025,18.7162580,0
81.2104695,18.7162035,0
81.2104098,18.7160770,0
81.2103449,18.7159222,0
81.2102846,18.7157945,0
81.2101785,18.7156238,0
81.2100774,18.7154475,0
81.2099892,18.7152655,0
81.2099347,18.7151687,0
81.2098442,18.7150392,0
81.2098067,18.7150011,0
81.2097698,18.7151687,0
81.2097366,18.7152168,0
81.2097738,18.7152652,0
81.2098193,18.7153462,0
81.2099079,18.7155289,0
81.2100136,18.7157132,0
81.2101160,18.7158779,0
81.2101703,18.7159929,0
81.2102352,18.7161477,0
81.2103004,18.7162859,0
81.2103382,18.7163484,0
81.2103818,18.7164035,0
81.2104303,18.7164537,0
81.2104830,18.7164998,0
81.2105344,18.7165242,0
81.2105885,18.7165241,0
81.2106469,18.7165023,0
81.2106753,18.7164493,0
81.2106909,18.7163950,0
81.2106951,18.7163407,0
81.2106912,18.7162394,0
81.2106837,18.7161700,0
81.2106774,18.7161181,0
81.2106687,18.7160616,0
81.2106589,18.7160036,0
81.2106423,18.7159518,0
81.2106160,18.7158947,0
81.2105988,18.7158535,0
81.2105774,18.7158019,0
81.2105626,18.7157551,0
81.2105565,18.7157153,0
81.2105564,18.7156780,0
81.2105572,18.7156261,0
81.2105476,18.7155669,0
81.2105413,18.7155320,0
81.2105223,18.7154839,0
81.2105021,18.7154327,0
81.2104867,18.7153907,0
81.2104725,18.7153399,0
81.2104581,18.7153008,0
81.2104411,18.7152586,0
81.2104209,18.7152188,0
81.2104033,18.7151880,0
81.2103822,18.7151574,0
81.2103639,18.7151255,0
81.2103432,18.7150796,0
81.2103259,18.7150462,0
81.2102941,18.7150027,0
81.2102533,18.7149649,0
81.2102240,18.7149433,0
81.2101850,18.7149233,0
81.2101555,18.7149092,0
81.2101092,18.7148964,0
81.2100819,18.7148836,0
81.2100556,18.7148677,0
81.2100344,18.7148419,0
81.2100223,18.7148168,0
81.2100192,18.7147787,0
81.2100248,18.7147375,0
81.2100336,18.7147025,0
81.2100411,18.7146673,0
81.2100411,18.7146607,0
</coordinates>
            </LinearRing>
          </outerBoundaryIs>
        </Polygon>
        <id>FP/CG/MIN/146694/2021</id>
        <id1>4112212521214727Y5CompartmentwiseandComponentwiselandbreakupDep4.kml</id1>
        <id2>Pno_Inserted</id2>
      </Placemark>
      <Placemark id="kml_6">
        <name>kml_6</name>
        <snippet>
        </snippet>
        <description><![CDATA[<center><table><tr><th colspan='2' align='center'><em>Attributes</em></th></tr><tr bgcolor="#E3E3F3">
<th>AREA</th>
<td>877.7211488243083</td>
</tr><tr bgcolor="">
<th>Facility</th>
<td>Infrastructure inside Mine Lease</td>
</tr><tr bgcolor="#E3E3F3">
<th>New_compartment_no</th>
<td>1834</td>
</tr><tr bgcolor="">
<th>Old_compartment_no</th>
<td>666</td>
</tr><tr bgcolor="#E3E3F3">
<th>Forest_Type</th>
<td>Reserved forest</td>
</tr><tr bgcolor="">
<th>Division</th>
<td>Dantewada</td>
</tr><tr bgcolor="#E3E3F3">
<th>Range</th>
<td>Bacheli</td>
</tr><tr bgcolor="">
<th>RF</th>
<td>Bailadila</td>
</tr><tr bgcolor="#E3E3F3">
<th>Village</th>
<td>NA</td>
</tr><tr bgcolor="">
<th>Khasra_no</th>
<td>NA</td>
</tr><tr bgcolor="#E3E3F3">
<th>Land_Type</th>
<td>RF</td>
</tr></table></center>]]></description>
        <styleUrl>#m_ylw-pushpin2</styleUrl>
        <ExtendedData>
          <SchemaData schemaUrl="#kml_schema_ft_5">
            <SimpleData name="AREA">877.7211488243083</SimpleData>
            <SimpleData name="Facility">Infrastructure inside Mine Lease</SimpleData>
            <SimpleData name="New_compartment_no">1834</SimpleData>
            <SimpleData name="Old_compartment_no">666</SimpleData>
            <SimpleData name="Forest_Type">Reserved forest</SimpleData>
            <SimpleData name="Division">Dantewada</SimpleData>
            <SimpleData name="Range">Bacheli</SimpleData>
            <SimpleData name="RF">Bailadila</SimpleData>
            <SimpleData name="Village">NA</SimpleData>
            <SimpleData name="Khasra_no">NA</SimpleData>
            <SimpleData name="Land_Type">RF</SimpleData>
          </SchemaData>
        </ExtendedData>
        <Polygon>
          <outerBoundaryIs>
            <LinearRing>
              <coordinates>
81.2112000,18.7174254,0
81.2111820,18.7173244,0
81.2110798,18.7170396,0
81.2108395,18.7164767,0
81.2106939,18.7161428,0
81.2106752,18.7161038,0
81.2106774,18.7161181,0
81.2106837,18.7161700,0
81.2106912,18.7162394,0
81.2106929,18.7162829,0
81.2107869,18.7164973,0
81.2110265,18.7170586,0
81.2111269,18.7173383,0
81.2111336,18.7173749,0
81.2111286,18.7173988,0
81.2111938,18.7174461,0
81.2112000,18.7174254,0
</coordinates>
            </LinearRing>
          </outerBoundaryIs>
        </Polygon>
        <id>FP/CG/MIN/146694/2021</id>
        <id1>4112212521214727Y5CompartmentwiseandComponentwiselandbreakupDep4.kml</id1>
        <id2>Pno_Inserted</id2>
      </Placemark>
      <Placemark id="kml_7">
        <name>kml_7</name>
        <snippet>
        </snippet>
        <description><![CDATA[<center><table><tr><th colspan='2' align='center'><em>Attributes</em></th></tr><tr bgcolor="#E3E3F3">
<th>AREA</th>
<td>421.33506312851165</td>
</tr><tr bgcolor="">
<th>Facility</th>
<td>Infrastructure inside Mine Lease</td>
</tr><tr bgcolor="#E3E3F3">
<th>New_compartment_no</th>
<td>1834</td>
</tr><tr bgcolor="">
<th>Old_compartment_no</th>
<td>666</td>
</tr><tr bgcolor="#E3E3F3">
<th>Forest_Type</th>
<td>Reserved forest</td>
</tr><tr bgcolor="">
<th>Division</th>
<td>Dantewada</td>
</tr><tr bgcolor="#E3E3F3">
<th>Range</th>
<td>Bacheli</td>
</tr><tr bgcolor="">
<th>RF</th>
<td>Bailadila</td>
</tr><tr bgcolor="#E3E3F3">
<th>Village</th>
<td>NA</td>
</tr><tr bgcolor="">
<th>Khasra_no</th>
<td>NA</td>
</tr><tr bgcolor="#E3E3F3">
<th>Land_Type</th>
<td>RF</td>
</tr></table></center>]]></description>
        <styleUrl>#m_ylw-pushpin2</styleUrl>
        <ExtendedData>
          <SchemaData schemaUrl="#kml_schema_ft_5">
            <SimpleData name="AREA">421.33506312851165</SimpleData>
            <SimpleData name="Facility">Infrastructure inside Mine Lease</SimpleData>
            <SimpleData name="New_compartment_no">1834</SimpleData>
            <SimpleData name="Old_compartment_no">666</SimpleData>
            <SimpleData name="Forest_Type">Reserved forest</SimpleData>
            <SimpleData name="Division">Dantewada</SimpleData>
            <SimpleData name="Range">Bacheli</SimpleData>
            <SimpleData name="RF">Bailadila</SimpleData>
            <SimpleData name="Village">NA</SimpleData>
            <SimpleData name="Khasra_no">NA</SimpleData>
            <SimpleData name="Land_Type">RF</SimpleData>
          </SchemaData>
        </ExtendedData>
        <Polygon>
          <outerBoundaryIs>
            <LinearRing>
              <coordinates>
81.2100469,18.7150673,0
81.2100402,18.7150655,0
81.2099889,18.7150414,0
81.2099450,18.7150148,0
81.2101867,18.7153806,0
81.2103671,18.7156534,0
81.2103673,18.7156387,0
81.2103574,18.7155797,0
81.2103176,18.7154760,0
81.2102348,18.7153517,0
81.2100469,18.7150673,0
</coordinates>
            </LinearRing>
          </outerBoundaryIs>
        </Polygon>
        <id>FP/CG/MIN/146694/2021</id>
        <id1>4112212521214727Y5CompartmentwiseandComponentwiselandbreakupDep4.kml</id1>
        <id2>Pno_Inserted</id2>
      </Placemark>
      <Placemark id="kml_8">
        <name>kml_8</name>
        <snippet>
        </snippet>
        <description><![CDATA[<center><table><tr><th colspan='2' align='center'><em>Attributes</em></th></tr><tr bgcolor="#E3E3F3">
<th>AREA</th>
<td>77.16110960065114</td>
</tr><tr bgcolor="">
<th>Facility</th>
<td>Infrastructure inside Mine Lease</td>
</tr><tr bgcolor="#E3E3F3">
<th>New_compartment_no</th>
<td>1834</td>
</tr><tr bgcolor="">
<th>Old_compartment_no</th>
<td>666</td>
</tr><tr bgcolor="#E3E3F3">
<th>Forest_Type</th>
<td>Reserved forest</td>
</tr><tr bgcolor="">
<th>Division</th>
<td>Dantewada</td>
</tr><tr bgcolor="#E3E3F3">
<th>Range</th>
<td>Bacheli</td>
</tr><tr bgcolor="">
<th>RF</th>
<td>Bailadila</td>
</tr><tr bgcolor="#E3E3F3">
<th>Village</th>
<td>NA</td>
</tr><tr bgcolor="">
<th>Khasra_no</th>
<td>NA</td>
</tr><tr bgcolor="#E3E3F3">
<th>Land_Type</th>
<td>RF</td>
</tr></table></center>]]></description>
        <styleUrl>#m_ylw-pushpin2</styleUrl>
        <ExtendedData>
          <SchemaData schemaUrl="#kml_schema_ft_5">
            <SimpleData name="AREA">77.16110960065114</SimpleData>
            <SimpleData name="Facility">Infrastructure inside Mine Lease</SimpleData>
            <SimpleData name="New_compartment_no">1834</SimpleData>
            <SimpleData name="Old_compartment_no">666</SimpleData>
            <SimpleData name="Forest_Type">Reserved forest</SimpleData>
            <SimpleData name="Division">Dantewada</SimpleData>
            <SimpleData name="Range">Bacheli</SimpleData>
            <SimpleData name="RF">Bailadila</SimpleData>
            <SimpleData name="Village">NA</SimpleData>
            <SimpleData name="Khasra_no">NA</SimpleData>
            <SimpleData name="Land_Type">RF</SimpleData>
          </SchemaData>
        </ExtendedData>
        <Polygon>
          <outerBoundaryIs>
            <LinearRing>
              <coordinates>
81.2098331,18.7147403,0
81.2097967,18.7146821,0
81.2097572,18.7146855,0
81.2097519,18.7147168,0
81.2097759,18.7147547,0
81.2097992,18.7147914,0
81.2098346,18.7148479,0
81.2098285,18.7147741,0
81.2098331,18.7147403,0
</coordinates>
            </LinearRing>
          </outerBoundaryIs>
        </Polygon>
        <id>FP/CG/MIN/146694/2021</id>
        <id1>4112212521214727Y5CompartmentwiseandComponentwiselandbreakupDep4.kml</id1>
        <id2>Pno_Inserted</id2>
      </Placemark>
      <Placemark id="kml_9">
        <name>kml_9</name>
        <snippet>
        </snippet>
        <description><![CDATA[<center><table><tr><th colspan='2' align='center'><em>Attributes</em></th></tr><tr bgcolor="#E3E3F3">
<th>AREA</th>
<td>800.0000002344623</td>
</tr><tr bgcolor="">
<th>Facility</th>
<td>Infrastructure inside Mine Lease</td>
</tr><tr bgcolor="#E3E3F3">
<th>New_compartment_no</th>
<td>1834</td>
</tr><tr bgcolor="">
<th>Old_compartment_no</th>
<td>666</td>
</tr><tr bgcolor="#E3E3F3">
<th>Forest_Type</th>
<td>Reserved forest</td>
</tr><tr bgcolor="">
<th>Division</th>
<td>Dantewada</td>
</tr><tr bgcolor="#E3E3F3">
<th>Range</th>
<td>Bacheli</td>
</tr><tr bgcolor="">
<th>RF</th>
<td>Bailadila</td>
</tr><tr bgcolor="#E3E3F3">
<th>Village</th>
<td>NA</td>
</tr><tr bgcolor="">
<th>Khasra_no</th>
<td>NA</td>
</tr><tr bgcolor="#E3E3F3">
<th>Land_Type</th>
<td>RF</td>
</tr></table></center>]]></description>
        <styleUrl>#m_ylw-pushpin2</styleUrl>
        <ExtendedData>
          <SchemaData schema