<?xml version="1.0" encoding="UTF-8"?>
<kml xmlns="http://www.opengis.net/kml/2.2" xmlns:gx="http://www.google.com/kml/ext/2.2" xmlns:kml="http://www.opengis.net/kml/2.2" xmlns:atom="http://www.w3.org/2005/Atom">
<Folder>
	<name>Temporary Places</name>
	<open>1</open>
	<Document>
		<name>Conveyorpipelinepowerline</name>
		<Schema name="Conveyor_pipeline_powerline" id="S_Conveyor_pipeline_powerline_DSSSSSSS">
			<SimpleField type="double" name="AREA"><displayName>&lt;b&gt;AREA&lt;/b&gt;</displayName>
</SimpleField>
			<SimpleField type="string" name="Compartmen"><displayName>&lt;b&gt;Compartmen&lt;/b&gt;</displayName>
</SimpleField>
			<SimpleField type="string" name="Facility"><displayName>&lt;b&gt;Facility&lt;/b&gt;</displayName>
</SimpleField>
			<SimpleField type="string" name="ForestType"><displayName>&lt;b&gt;ForestType&lt;/b&gt;</displayName>
</SimpleField>
			<SimpleField type="string" name="Division"><displayName>&lt;b&gt;Division&lt;/b&gt;</displayName>
</SimpleField>
			<SimpleField type="string" name="Range"><displayName>&lt;b&gt;Range&lt;/b&gt;</displayName>
</SimpleField>
			<SimpleField type="string" name="RF"><displayName>&lt;b&gt;RF&lt;/b&gt;</displayName>
</SimpleField>
			<SimpleField type="string" name="Old_Compar"><displayName>&lt;b&gt;Old_Compar&lt;/b&gt;</displayName>
</SimpleField>
		</Schema>
		<StyleMap id="falseColor2">
			<Pair>
				<key>normal</key>
				<styleUrl>#falseColor42</styleUrl>
			</Pair>
			<Pair>
				<key>highlight</key>
				<styleUrl>#falseColor32</styleUrl>
			</Pair>
		</StyleMap>
		<StyleMap id="falseColor20">
			<Pair>
				<key>normal</key>
				<styleUrl>#falseColor4</styleUrl>
			</Pair>
			<Pair>
				<key>highlight</key>
				<styleUrl>#falseColor30</styleUrl>
			</Pair>
		</StyleMap>
		<StyleMap id="falseColor21">
			<Pair>
				<key>normal</key>
				<styleUrl>#falseColor41</styleUrl>
			</Pair>
			<Pair>
				<key>highlight</key>
				<styleUrl>#falseColor33</styleUrl>
			</Pair>
		</StyleMap>
		<StyleMap id="falseColor22">
			<Pair>
				<key>normal</key>
				<styleUrl>#falseColor40</styleUrl>
			</Pair>
			<Pair>
				<key>highlight</key>
				<styleUrl>#falseColor3</styleUrl>
			</Pair>
		</StyleMap>
		<StyleMap id="falseColor23">
			<Pair>
				<key>normal</key>
				<styleUrl>#falseColor43</styleUrl>
			</Pair>
			<Pair>
				<key>highlight</key>
				<styleUrl>#falseColor31</styleUrl>
			</Pair>
		</StyleMap>
		<Style id="falseColor3">
			<BalloonStyle>
				<text><![CDATA[<table border="0">
<b>DIV:Dantewada Range:Bacheli RF:Bailadila OldComp:666 NewComp:1834</b>
  <tr><td><b>Area (Ha.)</b></td><td>$[Conveyor_pipeline_powerline/AREA]</td></tr>
  <tr><td><b>New Compartment No</b></td><td>$[Conveyor_pipeline_powerline/Compartmen]</td></tr>
 <tr><td><b>Old Compartment No</b></td><td>$[Conveyor_pipeline_powerline/Old_Compar]</td></tr>
  <tr><td><b>Facility</b></td><td>$[Conveyor_pipeline_powerline/Facility]</td></tr>
  <tr><td><b>ForestType</b></td><td>$[Conveyor_pipeline_powerline/ForestType]</td></tr>
  <tr><td><b>Division</b></td><td>$[Conveyor_pipeline_powerline/Division]</td></tr>
  <tr><td><b>Range</b></td><td>$[Conveyor_pipeline_powerline/Range]</td></tr>
  <tr><td><b>RF</b></td><td>$[Conveyor_pipeline_powerline/RF]</td></tr>
 </table>]]></text>
			</BalloonStyle>
			<LineStyle>
				<color>80ffffff</color>
			</LineStyle>
			<PolyStyle>
				<color>80ffffff</color>
				<colorMode>random</colorMode>
			</PolyStyle>
		</Style>
		<Style id="falseColor30">
			<BalloonStyle>
				<text><![CDATA[<table border="0">
<b>DIV:Dantewada Range:Bacheli RF:Bailadila OldComp:676 NewComp:1826</b>
  <tr><td><b>Area (Ha.)</b></td><td>$[Conveyor_pipeline_powerline/AREA]</td></tr>
  <tr><td><b>New Compartment No</b></td><td>$[Conveyor_pipeline_powerline/Compartmen]</td></tr>
 <tr><td><b>Old Compartment No</b></td><td>$[Conveyor_pipeline_powerline/Old_Compar]</td></tr>
  <tr><td><b>Facility</b></td><td>$[Conveyor_pipeline_powerline/Facility]</td></tr>
  <tr><td><b>ForestType</b></td><td>$[Conveyor_pipeline_powerline/ForestType]</td></tr>
  <tr><td><b>Division</b></td><td>$[Conveyor_pipeline_powerline/Division]</td></tr>
  <tr><td><b>Range</b></td><td>$[Conveyor_pipeline_powerline/Range]</td></tr>
  <tr><td><b>RF</b></td><td>$[Conveyor_pipeline_powerline/RF]</td></tr>
 </table>]]></text>
			</BalloonStyle>
			<LineStyle>
				<color>80ffffff</color>
			</LineStyle>
			<PolyStyle>
				<color>80ffffff</color>
				<colorMode>random</colorMode>
			</PolyStyle>
		</Style>
		<Style id="falseColor31">
			<BalloonStyle>
				<text><![CDATA[<table border="0">
<b>DIV:Dantewada Range:Bacheli RF:Bailadila OldComp:689 NewComp:1825</b>
  <tr><td><b>Area (Ha.)</b></td><td>$[Conveyor_pipeline_powerline/AREA]</td></tr>
  <tr><td><b>New Compartment No</b></td><td>$[Conveyor_pipeline_powerline/Compartmen]</td></tr>
 <tr><td><b>Old Compartment No</b></td><td>$[Conveyor_pipeline_powerline/Old_Compar]</td></tr>
  <tr><td><b>Facility</b></td><td>$[Conveyor_pipeline_powerline/Facility]</td></tr>
  <tr><td><b>ForestType</b></td><td>$[Conveyor_pipeline_powerline/ForestType]</td></tr>
  <tr><td><b>Division</b></td><td>$[Conveyor_pipeline_powerline/Division]</td></tr>
  <tr><td><b>Range</b></td><td>$[Conveyor_pipeline_powerline/Range]</td></tr>
  <tr><td><b>RF</b></td><td>$[Conveyor_pipeline_powerline/RF]</td></tr>
 </table>]]></text>
			</BalloonStyle>
			<LineStyle>
				<color>80ffffff</color>
			</LineStyle>
			<PolyStyle>
				<color>80ffffff</color>
				<colorMode>random</colorMode>
			</PolyStyle>
		</Style>
		<Style id="falseColor32">
			<BalloonStyle>
				<text><![CDATA[<table border="0">
<b>DIV:Dantewada Range:Bacheli RF:Bailadila OldComp:690 NewComp:1824</b>
  <tr><td><b>Area (Ha.)</b></td><td>$[Conveyor_pipeline_powerline/AREA]</td></tr>
  <tr><td><b>New Compartment No</b></td><td>$[Conveyor_pipeline_powerline/Compartmen]</td></tr>
 <tr><td><b>Old Compartment No</b></td><td>$[Conveyor_pipeline_powerline/Old_Compar]</td></tr>
  <tr><td><b>Facility</b></td><td>$[Conveyor_pipeline_powerline/Facility]</td></tr>
  <tr><td><b>ForestType</b></td><td>$[Conveyor_pipeline_powerline/ForestType]</td></tr>
  <tr><td><b>Division</b></td><td>$[Conveyor_pipeline_powerline/Division]</td></tr>
  <tr><td><b>Range</b></td><td>$[Conveyor_pipeline_powerline/Range]</td></tr>
  <tr><td><b>RF</b></td><td>$[Conveyor_pipeline_powerline/RF]</td></tr>
 </table>]]></text>
			</BalloonStyle>
			<LineStyle>
				<color>80ffffff</color>
			</LineStyle>
			<PolyStyle>
				<color>80ffffff</color>
				<colorMode>random</colorMode>
			</PolyStyle>
		</Style>
		<Style id="falseColor33">
			<BalloonStyle>
				<text><![CDATA[<table border="0">
<b>DIV:Dantewada Range:Bacheli RF:Bailadila OldComp:688 NewComp:1822</b>
  <tr><td><b>Area (Ha.)</b></td><td>$[Conveyor_pipeline_powerline/AREA]</td></tr>
  <tr><td><b>New Compartment No</b></td><td>$[Conveyor_pipeline_powerline/Compartmen]</td></tr>
 <tr><td><b>Old Compartment No</b></td><td>$[Conveyor_pipeline_powerline/Old_Compar]</td></tr>
  <tr><td><b>Facility</b></td><td>$[Conveyor_pipeline_powerline/Facility]</td></tr>
  <tr><td><b>ForestType</b></td><td>$[Conveyor_pipeline_powerline/ForestType]</td></tr>
  <tr><td><b>Division</b></td><td>$[Conveyor_pipeline_powerline/Division]</td></tr>
  <tr><td><b>Range</b></td><td>$[Conveyor_pipeline_powerline/Range]</td></tr>
  <tr><td><b>RF</b></td><td>$[Conveyor_pipeline_powerline/RF]</td></tr>
 </table>]]></text>
			</BalloonStyle>
			<LineStyle>
				<color>80ffffff</color>
			</LineStyle>
			<PolyStyle>
				<color>80ffffff</color>
				<colorMode>random</colorMode>
			</PolyStyle>
		</Style>
		<Style id="falseColor4">
			<BalloonStyle>
				<text><![CDATA[<table border="0">
<b>DIV:Dantewada Range:Bacheli RF:Bailadila OldComp:676 NewComp:1826</b>
  <tr><td><b>Area (Ha.)</b></td><td>$[Conveyor_pipeline_powerline/AREA]</td></tr>
  <tr><td><b>New Compartment No</b></td><td>$[Conveyor_pipeline_powerline/Compartmen]</td></tr>
 <tr><td><b>Old Compartment No</b></td><td>$[Conveyor_pipeline_powerline/Old_Compar]</td></tr>
  <tr><td><b>Facility</b></td><td>$[Conveyor_pipeline_powerline/Facility]</td></tr>
  <tr><td><b>ForestType</b></td><td>$[Conveyor_pipeline_powerline/ForestType]</td></tr>
  <tr><td><b>Division</b></td><td>$[Conveyor_pipeline_powerline/Division]</td></tr>
  <tr><td><b>Range</b></td><td>$[Conveyor_pipeline_powerline/Range]</td></tr>
  <tr><td><b>RF</b></td><td>$[Conveyor_pipeline_powerline/RF]</td></tr>
 </table>]]></text>
			</BalloonStyle>
			<LineStyle>
				<color>80ffffff</color>
			</LineStyle>
			<PolyStyle>
				<color>80ffffff</color>
				<colorMode>random</colorMode>
			</PolyStyle>
		</Style>
		<Style id="falseColor40">
			<BalloonStyle>
				<text><![CDATA[<table border="0">
<b>DIV:Dantewada Range:Bacheli RF:Bailadila OldComp:666 NewComp:1834</b>
  <tr><td><b>Area (Ha.)</b></td><td>$[Conveyor_pipeline_powerline/AREA]</td></tr>
  <tr><td><b>New Compartment No</b></td><td>$[Conveyor_pipeline_powerline/Compartmen]</td></tr>
 <tr><td><b>Old Compartment No</b></td><td>$[Conveyor_pipeline_powerline/Old_Compar]</td></tr>
  <tr><td><b>Facility</b></td><td>$[Conveyor_pipeline_powerline/Facility]</td></tr>
  <tr><td><b>ForestType</b></td><td>$[Conveyor_pipeline_powerline/ForestType]</td></tr>
  <tr><td><b>Division</b></td><td>$[Conveyor_pipeline_powerline/Division]</td></tr>
  <tr><td><b>Range</b></td><td>$[Conveyor_pipeline_powerline/Range]</td></tr>
  <tr><td><b>RF</b></td><td>$[Conveyor_pipeline_powerline/RF]</td></tr>
 </table>]]></text>
			</BalloonStyle>
			<LineStyle>
				<color>80ffffff</color>
			</LineStyle>
			<PolyStyle>
				<color>80ffffff</color>
				<colorMode>random</colorMode>
			</PolyStyle>
		</Style>
		<Style id="falseColor41">
			<BalloonStyle>
				<text><![CDATA[<table border="0">
<b>DIV:Dantewada Range:Bacheli RF:Bailadila OldComp:688 NewComp:1822</b>
  <tr><td><b>Area (Ha.)</b></td><td>$[Conveyor_pipeline_powerline/AREA]</td></tr>
  <tr><td><b>New Compartment No</b></td><td>$[Conveyor_pipeline_powerline/Compartmen]</td></tr>
 <tr><td><b>Old Compartment No</b></td><td>$[Conveyor_pipeline_powerline/Old_Compar]</td></tr>
  <tr><td><b>Facility</b></td><td>$[Conveyor_pipeline_powerline/Facility]</td></tr>
  <tr><td><b>ForestType</b></td><td>$[Conveyor_pipeline_powerline/ForestType]</td></tr>
  <tr><td><b>Division</b></td><td>$[Conveyor_pipeline_powerline/Division]</td></tr>
  <tr><td><b>Range</b></td><td>$[Conveyor_pipeline_powerline/Range]</td></tr>
  <tr><td><b>RF</b></td><td>$[Conveyor_pipeline_powerline/RF]</td></tr>
 </table>]]></text>
			</BalloonStyle>
			<LineStyle>
				<color>80ffffff</color>
			</LineStyle>
			<PolyStyle>
				<color>80ffffff</color>
				<colorMode>random</colorMode>
			</PolyStyle>
		</Style>
		<Style id="falseColor42">
			<BalloonStyle>
				<text><![CDATA[<table border="0">
<b>DIV:Dantewada Range:Bacheli RF:Bailadila OldComp:690 NewComp:1824</b>
  <tr><td><b>Area (Ha.)</b></td><td>$[Conveyor_pipeline_powerline/AREA]</td></tr>
  <tr><td><b>New Compartment No</b></td><td>$[Conveyor_pipeline_powerline/Compartmen]</td></tr>
 <tr><td><b>Old Compartment No</b></td><td>$[Conveyor_pipeline_powerline/Old_Compar]</td></tr>
  <tr><td><b>Facility</b></td><td>$[Conveyor_pipeline_powerline/Facility]</td></tr>
  <tr><td><b>ForestType</b></td><td>$[Conveyor_pipeline_powerline/ForestType]</td></tr>
  <tr><td><b>Division</b></td><td>$[Conveyor_pipeline_powerline/Division]</td></tr>
  <tr><td><b>Range</b></td><td>$[Conveyor_pipeline_powerline/Range]</td></tr>
  <tr><td><b>RF</b></td><td>$[Conveyor_pipeline_powerline/RF]</td></tr>
 </table>]]></text>
			</BalloonStyle>
			<LineStyle>
				<color>80ffffff</color>
			</LineStyle>
			<PolyStyle>
				<color>80ffffff</color>
				<colorMode>random</colorMode>
			</PolyStyle>
		</Style>
		<Style id="falseColor43">
			<BalloonStyle>
				<text><![CDATA[<table border="0">
<b>DIV:Dantewada Range:Bacheli RF:Bailadila OldComp:689 NewComp:1825</b>
  <tr><td><b>Area (Ha.)</b></td><td>$[Conveyor_pipeline_powerline/AREA]</td></tr>
  <tr><td><b>New Compartment No</b></td><td>$[Conveyor_pipeline_powerline/Compartmen]</td></tr>
 <tr><td><b>Old Compartment No</b></td><td>$[Conveyor_pipeline_powerline/Old_Compar]</td></tr>
  <tr><td><b>Facility</b></td><td>$[Conveyor_pipeline_powerline/Facility]</td></tr>
  <tr><td><b>ForestType</b></td><td>$[Conveyor_pipeline_powerline/ForestType]</td></tr>
  <tr><td><b>Division</b></td><td>$[Conveyor_pipeline_powerline/Division]</td></tr>
  <tr><td><b>Range</b></td><td>$[Conveyor_pipeline_powerline/Range]</td></tr>
  <tr><td><b>RF</b></td><td>$[Conveyor_pipeline_powerline/RF]</td></tr>
 </table>]]></text>
			</BalloonStyle>
			<LineStyle>
				<color>80ffffff</color>
			</LineStyle>
			<PolyStyle>
				<color>80ffffff</color>
				<colorMode>random</colorMode>
			</PolyStyle>
		</Style>
		<Folder>
			<name>1822</name>
			<Placemark>
				<name>1822</name>
				<open>1</open>
				<styleUrl>#falseColor21</styleUrl>
				<ExtendedData>
					<SchemaData schemaUrl="#S_Conveyor_pipeline_powerline_DSSSSSSS">
						<SimpleData name="AREA">5.714</SimpleData>
						<SimpleData name="Compartmen">1822</SimpleData>
						<SimpleData name="Facility">Conveyor_pipeline_powerline</SimpleData>
						<SimpleData name="ForestType">Reserved Forest</SimpleData>
						<SimpleData name="Division">Dantewada</SimpleData>
						<SimpleData name="Range">Bacheli</SimpleData>
						<SimpleData name="RF">Bailadila</SimpleData>
						<SimpleData name="Old_Compar">688</SimpleData>
					</SchemaData>
				</ExtendedData>
				<Polygon>
					<outerBoundaryIs>
						<LinearRing>
							<coordinates>
81.2307580,18.7616087,0
81.2310474,18.7614093,0
81.2311152,18.7618645,0
81.2306577,18.7621797,0
81.2304916,18.7622941,0
81.2301775,18.7625105,0
81.2290483,18.7599427,0
81.2292350,18.7598140,0
81.2293892,18.7597078,0
81.2294429,18.7596708,0
81.2282302,18.7569130,0
81.2278306,18.7570725,0
81.2277927,18.7570876,0
81.2276405,18.7567414,0
81.2274251,18.7562516,0
81.2275777,18.7560887,0
81.2280476,18.7555415,0
81.2280758,18.7555096,0
81.2307580,18.7616087,0
</coordinates>
						</LinearRing>
					</outerBoundaryIs>
				</Polygon>
			</Placemark>
		</Folder>
		<Folder>
			<name>1826</name>
			<Placemark>
				<name>1826</name>
				<open>1</open>
				<styleUrl>#falseColor20</styleUrl>
				<ExtendedData>
					<SchemaData schemaUrl="#S_Conveyor_pipeline_powerline_DSSSSSSS">
						<SimpleData name="AREA">17.165</SimpleData>
						<SimpleData name="Compartmen">1826</SimpleData>
						<SimpleData name="Facility">Conveyor_pipeline_powerline</SimpleData>
						<SimpleData name="ForestType">Reserved Forest</SimpleData>
						<SimpleData name="Division">Dantewada</SimpleData>
						<SimpleData name="Range">Bacheli</SimpleData>
						<SimpleData name="RF">Bailadila</SimpleData>
						<SimpleData name="Old_Compar">676</SimpleData>
					</SchemaData>
				</ExtendedData>
				<Polygon>
					<outerBoundaryIs>
						<LinearRing>
							<coordinates>
81.2280476,18.7555415,0
81.2275777,18.7560887,0
81.2274251,18.7562516,0
81.2270010,18.7552871,0
81.2268433,18.7549287,0
81.2268810,18.7549136,0
81.2272808,18.7547541,0
81.2248034,18.7491201,0
81.2246049,18.7491993,0
81.2243692,18.7492934,0
81.2235866,18.7475137,0
81.2235035,18.7473247,0
81.2239377,18.7471514,0
81.2221150,18.7430059,0
81.2216873,18.7431766,0
81.2216776,18.7431805,0
81.2211749,18.7420372,0
81.2211275,18.7419293,0
81.2215649,18.7417547,0
81.2194030,18.7368801,0
81.2176772,18.7329883,0
81.2162406,18.7297488,0
81.2162839,18.7296401,0
81.2163981,18.7293879,0
81.2164266,18.7293070,0
81.2164361,18.7290361,0
81.2168714,18.7300263,0
81.2171465,18.7306520,0
81.2280758,18.7555096,0
81.2280476,18.7555415,0
</coordinates>
						</LinearRing>
					</outerBoundaryIs>
				</Polygon>
			</Placemark>
		</Folder>
		<Folder>
			<name>1824</name>
			<Placemark>
				<name>1824</name>
				<open>1</open>
				<styleUrl>#falseColor2</styleUrl>
				<ExtendedData>
					<SchemaData schemaUrl="#S_Conveyor_pipeline_powerline_DSSSSSSS">
						<SimpleData name="AREA">12.006</SimpleData>
						<SimpleData name="Compartmen">1824</SimpleData>
						<SimpleData name="Facility">Conveyor_pipeline_powerline</SimpleData>
						<SimpleData name="ForestType">Reserved Forest</SimpleData>
						<SimpleData name="Division">Dantewada</SimpleData>
						<SimpleData name="Range">Bacheli</SimpleData>
						<SimpleData name="RF">Bailadila</SimpleData>
						<SimpleData name="Old_Compar">690</SimpleData>
					</SchemaData>
				</ExtendedData>
				<Polygon>
					<outerBoundaryIs>
						<LinearRing>
							<coordinates>
81.2392717,18.7622566,0
81.2393931,18.7623565,0
81.2396571,18.7626135,0
81.2399320,18.7628229,0
81.2419867,18.7668856,0
81.2423233,18.7669659,0
81.2424944,18.7670068,0
81.2471619,18.7681209,0
81.2473453,18.7681646,0
81.2545491,18.7698839,0
81.2547190,18.7699245,0
81.2559079,18.7702082,0
81.2559093,18.7710935,0
81.2535365,18.7705214,0
81.2536559,18.7700743,0
81.2420688,18.7672778,0
81.2419641,18.7677598,0
81.2413581,18.7676206,0
81.2400706,18.7650418,0
81.2404727,18.7648347,0
81.2391644,18.7622457,0
81.2392717,18.7622566,0
</coordinates>
						</LinearRing>
					</outerBoundaryIs>
				</Polygon>
			</Placemark>
		</Folder>
		<Folder>
			<name>1825</name>
			<Placemark>
				<name>1825</name>
				<open>1</open>
				<styleUrl>#falseColor23</styleUrl>
				<ExtendedData>
					<SchemaData schemaUrl="#S_Conveyor_pipeline_powerline_DSSSSSSS">
						<SimpleData name="AREA">7.468</SimpleData>
						<SimpleData name="Compartmen">1825</SimpleData>
						<SimpleData name="Facility">Conveyor_pipeline_powerline</SimpleData>
						<SimpleData name="ForestType">Reserved Forest</SimpleData>
						<SimpleData name="Division">Dantewada</SimpleData>
						<SimpleData name="Range">Bacheli</SimpleData>
						<SimpleData name="RF">Bailadila</SimpleData>
						<SimpleData name="Old_Compar">689</SimpleData>
					</SchemaData>
				</ExtendedData>
				<Polygon>
					<outerBoundaryIs>
						<LinearRing>
							<coordinates>
81.2367208,18.7580024,0
81.2346786,18.7594095,0
81.2344997,18.7595327,0
81.2311152,18.7618645,0
81.2310474,18.7614093,0
81.2347245,18.7588760,0
81.2345817,18.7585769,0
81.2369179,18.7568629,0
81.2384680,18.7599281,0
81.2385335,18.7600574,0
81.2386246,18.7602377,0
81.2386936,18.7603741,0
81.2392060,18.7613872,0
81.2393086,18.7615903,0
81.2399320,18.7628229,0
81.2396571,18.7626135,0
81.2393931,18.7623565,0
81.2392717,18.7622566,0
81.2391644,18.7622457,0
81.2389144,18.7617509,0
81.2388338,18.7615913,0
81.2383092,18.7605533,0
81.2382244,18.7603855,0
81.2380773,18.7600944,0
81.2380166,18.7599742,0
81.2369430,18.7578494,0
81.2368319,18.7579259,0
81.2367208,18.7580024,0
</coordinates>
						</LinearRing>
					</outerBoundaryIs>
				</Polygon>
			</Placemark>
		</Folder>
		<Folder>
			<name>1834</name>
			<Placemark>
				<name>1834</name>
				<open>1</open>
				<styleUrl>#falseColor22</styleUrl>
				<ExtendedData>
					<SchemaData schemaUrl="#S_Conveyor_pipeline_powerline_DSSSSSSS">
						<SimpleData name="AREA">0.647</SimpleData>
						<SimpleData name="Compartmen">1834</SimpleData>
						<SimpleData name="Facility">Conveyor_pipeline_powerline</SimpleData>
						<SimpleData name="ForestType">Reserved Forest</SimpleData>
						<SimpleData name="Division">Dantewada</SimpleData>
						<SimpleData name="Range">Bacheli</SimpleData>
						<SimpleData name="RF">Bailadila</SimpleData>
						<SimpleData name="Old_Compar">666</SimpleData>
					</SchemaData>
				</ExtendedData>
				<Polygon>
					<outerBoundaryIs>
						<LinearRing>
							<coordinates>
81.2164266,18.7293070,0
81.2163981,18.7293879,0
81.2162839,18.7296401,0
81.2162406,18.7297488,0
81.2156224,18.7283546,0
81.2161340,18.7283562,0
81.2161445,18.7283727,0
81.2164361,18.7290361,0
81.2164266,18.7293070,0
</coordinates>
						</LinearRing>
					</outerBoundaryIs>
				</Polygon>
			</Placemark>
		</Folder>
	</Document>
	<Document>
		<name>Road</name>
		<Schema name="Road" id="S_Road_DSSSSSSS">
			<SimpleField type="double" name="AREA"><displayName>&lt;b&gt;AREA&lt;/b&gt;</displayName>
</SimpleField>
			<SimpleField type="string" name="Compartmen"><displayName>&lt;b&gt;Compartmen&lt;/b&gt;</displayName>
</SimpleField>
			<SimpleField type="string" name="Facility"><displayName>&lt;b&gt;Facility&lt;/b&gt;</displayName>
</SimpleField>
			<SimpleField type="string" name="ForestType"><displayName>&lt;b&gt;ForestType&lt;/b&gt;</displayName>
</SimpleField>
			<SimpleField type="string" name="Old_Compar"><displayName>&lt;b&gt;Old_Compar&lt;/b&gt;</displayName>
</SimpleField>
			<SimpleField type="string" name="Division"><displayName>&lt;b&gt;Division&lt;/b&gt;</displayName>
</SimpleField>
			<SimpleField type="string" name="Range"><displayName>&lt;b&gt;Range&lt;/b&gt;</displayName>
</SimpleField>
			<SimpleField type="string" name="RF"><displayName>&lt;b&gt;RF&lt;/b&gt;</displayName>
</SimpleField>
		</Schema>
		<Schema name="Slurry_line" id="S_Slurry_line_DSSSSSSS">
			<SimpleField type="double" name="AREA"><displayName>&lt;b&gt;AREA&lt;/b&gt;</displayName>
</SimpleField>
			<SimpleField type="string" name="Compartmen"><displayName>&lt;b&gt;Compartmen&lt;/b&gt;</displayName>
</SimpleField>
			<SimpleField type="string" name="Facility"><displayName>&lt;b&gt;Facility&lt;/b&gt;</displayName>
</SimpleField>
			<SimpleField type="string" name="ForestType"><displayName>&lt;b&gt;ForestType&lt;/b&gt;</displayName>
</SimpleField>
			<SimpleField type="string" name="Old_Compar"><displayName>&lt;b&gt;Old_Compar&lt;/b&gt;</displayName>
</SimpleField>
			<SimpleField type="string" name="Division"><displayName>&lt;b&gt;Division&lt;/b&gt;</displayName>
</SimpleField>
			<SimpleField type="string" name="Range"><displayName>&lt;b&gt;Range&lt;/b&gt;</displayName>
</SimpleField>
			<SimpleField type="string" name="RF"><displayName>&lt;b&gt;RF&lt;/b&gt;</displayName>
</SimpleField>
		</Schema>
		<StyleMap id="falseColor">
			<Pair>
				<key>normal</key>
				<styleUrl>#falseColor01</styleUrl>
			</Pair>
			<Pair>
				<key>highlight</key>
				<styleUrl>#falseColor1</styleUrl>
			</Pair>
		</StyleMap>
		<StyleMap id="falseColor0">
			<Pair>
				<key>normal</key>
				<styleUrl>#falseColor00</styleUrl>
			</Pair>
			<Pair>
				<key>highlight</key>
				<styleUrl>#falseColor10</styleUrl>
			</Pair>
		</StyleMap>
		<Style id="falseColor00">
			<BalloonStyle>
				<text><![CDATA[<table border="0">
<b>DIV:Dantewada Range:Bacheli RF:Bailadila OldComp:689 NewComp:1825</b>
  <tr><td><b>Area (Ha.)</b></td><td>$[Slurry_line/AREA]</td></tr>
  <tr><td><b>New Compartment No</b></td><td>$[Slurry_line/Compartmen]</td></tr>
 <tr><td><b>Old Compartment No</b></td><td>$[Slurry_line/Old_Compar]</td></tr>
  <tr><td><b>Facility</b></td><td>$[Slurry_line/Facility]</td></tr>
  <tr><td><b>ForestType</b></td><td>$[Slurry_line/ForestType]</td></tr>
   <tr><td><b>Division</b></td><td>$[Slurry_line/Division]</td></tr>
  <tr><td><b>Range</b></td><td>$[Slurry_line/Range]</td></tr>
  <tr><td><b>RF</b></td><td>$[Slurry_line/RF]</td></tr>
</table>]]></text>
			</BalloonStyle>
			<LineStyle>
				<color>80ffffff</color>
			</LineStyle>
			<PolyStyle>
				<color>80ffffff</color>
				<colorMode>random</colorMode>
			</PolyStyle>
		</Style>
		<Style id="falseColor01">
			<BalloonStyle>
				<text><![CDATA[<table border="0">
<b>DIV:Dantewada Range:Bacheli RF:Bailadila OldComp:690 NewComp:1824</b>
  <tr><td><b>Area (Ha.)</b></td><td>$[Slurry_line/AREA]</td></tr>
  <tr><td><b>New Compartment No</b></td><td>$[Slurry_line/Compartmen]</td></tr>
 <tr><td><b>Old Compartment No</b></td><td>$[Slurry_line/Old_Compar]</td></tr>
  <tr><td><b>Facility</b></td><td>$[Slurry_line/Facility]</td></tr>
  <tr><td><b>ForestType</b></td><td>$[Slurry_line/ForestType]</td></tr>
   <tr><td><b>Division</b></td><td>$[Slurry_line/Division]</td></tr>
  <tr><td><b>Range</b></td><td>$[Slurry_line/Range]</td></tr>
  <tr><td><b>RF</b></td><td>$[Slurry_line/RF]</td></tr>
</table>]]></text>
			</BalloonStyle>
			<LineStyle>
				<color>80ffffff</color>
			</LineStyle>
			<PolyStyle>
				<color>80ffffff</color>
				<colorMode>random</colorMode>
			</PolyStyle>
		</Style>
		<Style id="falseColor1">
			<BalloonStyle>
				<text><![CDATA[<table border="0">
<b>DIV:Dantewada Range:Bacheli RF:Bailadila OldComp:690 NewComp:1824</b>
  <tr><td><b>Area (Ha.)</b></td><td>$[Slurry_line/AREA]</td></tr>
  <tr><td><b>New Compartment No</b></td><td>$[Slurry_line/Compartmen]</td></tr>
 <tr><td><b>Old Compartment No</b></td><td>$[Slurry_line/Old_Compar]</td></tr>
  <tr><td><b>Facility</b></td><td>$[Slurry_line/Facility]</td></tr>
  <tr><td><b>ForestType</b></td><td>$[Slurry_line/ForestType]</td></tr>
   <tr><td><b>Division</b></td><td>$[Slurry_line/Division]</td></tr>
  <tr><td><b>Range</b></td><td>$[Slurry_line/Range]</td></tr>
  <tr><td><b>RF</b></td><td>$[Slurry_line/RF]</td></tr>
</table>]]></text>
			</BalloonStyle>
			<LineStyle>
				<color>80ffffff</color>
			</LineStyle>
			<PolyStyle>
				<color>80ffffff</color>
				<colorMode>random</colorMode>
			</PolyStyle>
		</Style>
		<Style id="falseColor10">
			<BalloonStyle>
				<text><![CDATA[<table border="0">
<b>DIV:Dantewada Range:Bacheli RF:Bailadila OldComp:689 NewComp:1825</b>
  <tr><td><b>Area (Ha.)</b></td><td>$[Slurry_line/AREA]</td></tr>
  <tr><td><b>New Compartment No</b></td><td>$[Slurry_line/Compartmen]</td></tr>
 <tr><td><b>Old Compartment No</b></td><td>$[Slurry_line/Old_Compar]</td></tr>
  <tr><td><b>Facility</b></td><td>$[Slurry_line/Facility]</td></tr>
  <tr><td><b>ForestType</b></td><td>$[Slurry_line/ForestType]</td></tr>
   <tr><td><b>Division</b></td><td>$[Slurry_line/Division]</td></tr>
  <tr><td><b>Range</b></td><td>$[Slurry_line/Range]</td></tr>
  <tr><td><b>RF</b></td><td>$[Slurry_line/RF]</td></tr>
</table>]]></text>
			</BalloonStyle>
			<LineStyle>
				<color>80ffffff</color>
			</LineStyle>
			<PolyStyle>
				<color>80ffffff</color>
				<colorMode>random</colorMode>
			</PolyStyle>
		</Style>
		<Style id="falseColor11">
			<BalloonStyle>
				<text><![CDATA[<table border="0">
<b>DIV:Dantewada Range:Bacheli RF:Bailadila OldComp:690 NewComp:1824</b>
  <tr><td><b>Area (Ha.)</b></td><td>$[Road/AREA]</td></tr>
  <tr><td><b>New Compartment No</b></td><td>$[Road/Compartmen]</td></tr>
<tr><td><b>Old Compartment No</b></td><td>$[Road/Old_Compar]</td></tr>
  <tr><td><b>Facility</b></td><td>$[Road/Facility]</td></tr>
  <tr><td><b>ForestType</b></td><td>$[Road/ForestType]</td></tr>
    <tr><td><b>Division</b></td><td>$[Road/Division]</td></tr>
  <tr><td><b>Range</b></td><td>$[Road/Range]</td></tr>
  <tr><td><b>RF</b></td><td>$[Road/RF]</td></tr>
</table>]]></text>
			</BalloonStyle>
			<LineStyle>
				<color>80ffffff</color>
			</LineStyle>
			<PolyStyle>
				<color>80ffffff</color>
				<colorMode>random</colorMode>
			</PolyStyle>
		</Style>
		<Style id="falseColor110">
			<BalloonStyle>
				<text><![CDATA[<table border="0">
<b>DIV:Dantewada Range:Bacheli RF:Bailadila OldComp:689 NewComp:1825</b>
  <tr><td><b>Area (Ha.)</b></td><td>$[Road/AREA]</td></tr>
  <tr><td><b>New Compartment No</b></td><td>$[Road/Compartmen]</td></tr>
<tr><td><b>Old Compartment No</b></td><td>$[Road/Old_Compar]</td></tr>
  <tr><td><b>Facility</b></td><td>$[Road/Facility]</td></tr>
  <tr><td><b>ForestType</b></td><td>$[Road/ForestType]</td></tr>
    <tr><td><b>Division</b></td><td>$[Road/Division]</td></tr>
  <tr><td><b>Range</b></td><td>$[Road/Range]</td></tr>
  <tr><td><b>RF</b></td><td>$[Road/RF]</td></tr>
</table>]]></text>
			</BalloonStyle>
			<LineStyle>
				<color>80ffffff</color>
			</LineStyle>
			<PolyStyle>
				<color>80ffffff</color>
				<colorMode>random</colorMode>
			</PolyStyle>
		</Style>
		<Style id="falseColor111">
			<BalloonStyle>
				<text><![CDATA[<table border="0">
<b>DIV:Dantewada Range:Bacheli RF:Bailadila OldComp:676 NewComp:1826</b>
  <tr><td><b>Area (Ha.)</b></td><td>$[Road/AREA]</td></tr>
  <tr><td><b>New Compartment No</b></td><td>$[Road/Compartmen]</td></tr>
<tr><td><b>Old Compartment No</b></td><td>$[Road/Old_Compar]</td></tr>
  <tr><td><b>Facility</b></td><td>$[Road/Facility]</td></tr>
  <tr><td><b>ForestType</b></td><td>$[Road/ForestType]</td></tr>
    <tr><td><b>Division</b></td><td>$[Road/Division]</td></tr>
  <tr><td><b>Range</b></td><td>$[Road/Range]</td></tr>
  <tr><td><b>RF</b></td><td>$[Road/RF]</td></tr>
</table>]]></text>
			</BalloonStyle>
			<LineStyle>
				<color>80ffffff</color>
			</LineStyle>
			<PolyStyle>
				<color>80ffffff</color>
				<colorMode>random</colorMode>
			</PolyStyle>
		</Style>
		<Style id="falseColor112">
			<BalloonStyle>
				<text><![CDATA[<table border="0">
<b>DIV:Dantewada Range:Bacheli RF:Bailadila OldComp:688 NewComp:1822</b>
  <tr><td><b>Area (Ha.)</b></td><td>$[Road/AREA]</td></tr>
  <tr><td><b>New Compartment No</b></td><td>$[Road/Compartmen]</td></tr>
<tr><td><b>Old Compartment No</b></td><td>$[Road/Old_Compar]</td></tr>
  <tr><td><b>Facility</b></td><td>$[Road/Facility]</td></tr>
  <tr><td><b>ForestType</b></td><td>$[Road/ForestType]</td></tr>
    <tr><td><b>Division</b></td><td>$[Road/Division]</td></tr>
  <tr><td><b>Range</b></td><td>$[Road/Range]</td></tr>
  <tr><td><b>RF</b></td><td>$[Road/RF]</td></tr>
</table>]]></text>
			</BalloonStyle>
			<LineStyle>
				<color>80ffffff</color>
			</LineStyle>
			<PolyStyle>
				<color>80ffffff</color>
				<colorMode>random</colorMode>
			</PolyStyle>
		</Style>
		<StyleMap id="falseColor12">
			<Pair>
				<key>normal</key>
				<styleUrl>#falseColor112</styleUrl>
			</Pair>
			<Pair>
				<key>highlight</key>
				<styleUrl>#falseColor132</styleUrl>
			</Pair>
		</StyleMap>
		<StyleMap id="falseColor120">
			<Pair>
				<key>normal</key>
				<styleUrl>#falseColor11</styleUrl>
			</Pair>
			<Pair>
				<key>highlight</key>
				<styleUrl>#falseColor13</styleUrl>
			</Pair>
		</StyleMap>
		<StyleMap id="falseColor121">
			<Pair>
				<key>normal</key>
				<styleUrl>#falseColor110</styleUrl>
			</Pair>
			<Pair>
				<key>highlight</key>
				<styleUrl>#falseColor130</styleUrl>
			</Pair>
		</StyleMap>
		<StyleMap id="falseColor122">
			<Pair>
				<key>normal</key>
				<styleUrl>#falseColor111</styleUrl>
			</Pair>
			<Pair>
				<key>highlight</key>
				<styleUrl>#falseColor131</styleUrl>
			</Pair>
		</StyleMap>
		<Style id="falseColor13">
			<BalloonStyle>
				<text><![CDATA[<table border="0">
<b>DIV:Dantewada Range:Bacheli RF:Bailadila OldComp:690 NewComp:1824</b>
  <tr><td><b>Area (Ha.)</b></td><td>$[Road/AREA]</td></tr>
  <tr><td><b>New Compartment No</b></td><td>$[Road/Compartmen]</td></tr>
<tr><td><b>Old Compartment No</b></td><td>$[Road/Old_Compar]</td></tr>
  <tr><td><b>Facility</b></td><td>$[Road/Facility]</td></tr>
  <tr><td><b>ForestType</b></td><td>$[Road/ForestType]</td></tr>
    <tr><td><b>Division</b></td><td>$[Road/Division]</td></tr>
  <tr><td><b>Range</b></td><td>$[Road/Range]</td></tr>
  <tr><td><b>RF</b></td><td>$[Road/RF]</td></tr>
</table>]]></text>
			</BalloonStyle>
			<LineStyle>
				<color>80ffffff</color>
			</LineStyle>
			<PolyStyle>
				<color>80ffffff</color>
				<colorMode>random</colorMode>
			</PolyStyle>
		</Style>
		<Style id="falseColor130">
			<BalloonStyle>
				<text><![CDATA[<table border="0">
<b>DIV:Dantewada Range:Bacheli RF:Bailadila OldComp:689 NewComp:1825</b>
  <tr><td><b>Area (Ha.)</b></td><td>$[Road/AREA]</td></tr>
  <tr><td><b>New Compartment No</b></td><td>$[Road/Compartmen]</td></tr>
<tr><td><b>Old Compartment No</b></td><td>$[Road/Old_Compar]</td></tr>
  <tr><td><b>Facility</b></td><td>$[Road/Facility]</td></tr>
  <tr><td><b>ForestType</b></td><td>$[Road/ForestType]</td></tr>
    <tr><td><b>Division</b></td><td>$[Road/Division]</td></tr>
  <tr><td><b>Range</b></td><td>$[Road/Range]</td></tr>
  <tr><td><b>RF</b></td><td>$[Road/RF]</td></tr>
</table>]]></text>
			</BalloonStyle>
			<LineStyle>
				<color>80ffffff</color>
			</LineStyle>
			<PolyStyle>
				<color>80ffffff</color>
				<colorMode>random</colorMode>
			</PolyStyle>
		</Style>
		<Style id="falseColor131">
			<BalloonStyle>
				<text><![CDATA[<table border="0">
<b>DIV:Dantewada Range:Bacheli RF:Bailadila OldComp:676 NewComp:1826</b>
  <tr><td><b>Area (Ha.)</b></td><td>$[Road/AREA]</td></tr>
  <tr><td><b>New Compartment No</b></td><td>$[Road/Compartmen]</td></tr>
<tr><td><b>Old Compartment No</b></td><td>$[Road/Old_Compar]</td></tr>
  <tr><td><b>Facility</b></td><td>$[Road/Facility]</td></tr>
  <tr><td><b>ForestType</b></td><td>$[Road/ForestType]</td></tr>
    <tr><td><b>Division</b></td><td>$[Road/Division]</td></tr>
  <tr><td><b>Range</b></td><td>$[Road/Range]</td></tr>
  <tr><td><b>RF</b></td><td>$[Road/RF]</td></tr>
</table>]]></text>
			</BalloonStyle>
			<LineStyle>
				<color>80ffffff</color>
			</LineStyle>
			<PolyStyle>
				<color>80ffffff</color>
				<colorMode>random</colorMode>
			</PolyStyle>
		</Style>
		<Style id="falseColor132">
			<BalloonStyle>
				<text><![CDATA[<table border="0">
<b>DIV:Dantewada Range:Bacheli RF:Bailadila OldComp:688 NewComp:1822</b>
  <tr><td><b>Area (Ha.)</b></td><td>$[Road/AREA]</td></tr>
  <tr><td><b>New Compartment No</b></td><td>$[Road/Compartmen]</td></tr>
<tr><td><b>Old Compartment No</b></td><td>$[Road/Old_Compar]</td></tr>
  <tr><td><b>Facility</b></td><td>$[Road/Facility]</td></tr>
  <tr><td><b>ForestType</b></td><td>$[Road/ForestType]</td></tr>
    <tr><td><b>Division</b></td><td>$[Road/Division]</td></tr>
  <tr><td><b>Range</b></td><td>$[Road/Range]</td></tr>
  <tr><td><b>RF</b></td><td>$[Road/RF]</td></tr>
</table>]]></text>
			</BalloonStyle>
			<LineStyle>
				<color>80ffffff</color>
			</LineStyle>
			<PolyStyle>
				<color>80ffffff</color>
				<colorMode>random</colorMode>
			</PolyStyle>
		</Style>
		<Folder>
			<name>1822</name>
			<Placemark>
				<name>1822</name>
				<open>1</open>
				<styleUrl>#falseColor12</styleUrl>
				<ExtendedData>
					<SchemaData schemaUrl="#S_Road_DSSSSSSS">
						<SimpleData name="AREA">0.153</SimpleData>
						<SimpleData name="Compartmen">1822</SimpleData>
						<SimpleData name="Facility">Road</SimpleData>
						<SimpleData name="ForestType">Reserved Forest</SimpleData>
						<SimpleData name="Old_Compar">688</SimpleData>
						<SimpleData name="Division">Dantewada</SimpleData>
						<SimpleData name="Range">Bacheli</SimpleData>
						<SimpleData name="RF">Bailadila</SimpleData>
					</SchemaData>
				</ExtendedData>
				<Polygon>
					<outerBoundaryIs>
						<LinearRing>
							<coordinates>
81.2312303,18.7625448,0
81.2310283,18.7625736,0
81.2308475,18.7625077,0
81.2307139,18.7624229,0
81.2306283,18.7623722,0
81.2304916,18.7622941,0
81.2306577,18.7621797,0
81.2307308,18.7622198,0
81.2308759,18.7623086,0
81.2309350,18.7623461,0
81.2310503,18.7623880,0
81.2311697,18.7623707,0
81.2312045,18.7623502,0
81.2312212,18.7624241,0
81.2312582,18.7625289,0
81.2312303,18.7625448,0
</coordinates>
						</LinearRing>
					</outerBoundaryIs>
				</Polygon>
			</Placemark>
			<Placemark>
				<name>1822</name>
				<styleUrl>#falseColor12</styleUrl>
				<ExtendedData>
					<SchemaData schemaUrl="#S_Road_DSSSSSSS">
						<SimpleData name="AREA">0.76</SimpleData>
						<SimpleData name="Compartmen">1822</SimpleData>
						<SimpleData name="Facility">Road</SimpleData>
						<SimpleData name="ForestType">Reserved Forest</SimpleData>
						<SimpleData name="Old_Compar">688</SimpleData>
						<SimpleData name="Division">Dantewada</SimpleData>
						<SimpleData name="Range">Bacheli</SimpleData>
						<SimpleData name="RF">Bailadila</SimpleData>
					</SchemaData>
				</ExtendedData>
				<Polygon>
					<outerBoundaryIs>
						<LinearRing>
							<coordinates>
81.2278469,18.7577742,0
81.2281255,18.7585509,0
81.2283544,18.7589776,0
81.2285626,18.7591257,0
81.2289873,18.7593792,0
81.2292624,18.7595520,0
81.2293892,18.7597078,0
81.2292350,18.7598140,0
81.2291258,18.7596907,0
81.2284553,18.7592749,0
81.2282055,18.7590973,0
81.2279504,18.7586216,0
81.2276579,18.7578065,0
81.2276405,18.7567414,0
81.2277927,18.7570876,0
81.2278306,18.7570725,0
81.2278469,18.7577742,0
</coordinates>
						</LinearRing>
					</outerBoundaryIs>
				</Polygon>
			</Placemark>
		</Folder>
		<Folder>
			<name>1825</name>
			<Placemark>
				<name>1825</name>
				<styleUrl>#falseColor121</styleUrl>
				<ExtendedData>
					<SchemaData schemaUrl="#S_Road_DSSSSSSS">
						<SimpleData name="AREA">0.574</SimpleData>
						<SimpleData name="Compartmen">1825</SimpleData>
						<SimpleData name="Facility">Road</SimpleData>
						<SimpleData name="ForestType">Reserved Forest</SimpleData>
						<SimpleData name="Old_Compar">689</SimpleData>
						<SimpleData name="Division">Dantewada</SimpleData>
						<SimpleData name="Range">Bacheli</SimpleData>
						<SimpleData name="RF">Bailadila</SimpleData>
					</SchemaData>
				</ExtendedData>
				<Polygon>
					<outerBoundaryIs>
						<LinearRing>
							<coordinates>
81.2346064,18.7629474,0
81.2346062,18.7629453,0
81.2347744,18.7624132,0
81.2350187,18.7616875,0
81.2356148,18.7611000,0
81.2359719,18.7606386,0
81.2359708,18.7606771,0
81.2360299,18.7608682,0
81.2357600,18.7612170,0
81.2351859,18.7617828,0
81.2349556,18.7624668,0
81.2347989,18.7629626,0
81.2348023,18.7629935,0
81.2346064,18.7629474,0
</coordinates>
						</LinearRing>
					</outerBoundaryIs>
				</Polygon>
			</Placemark>
			<Placemark>
				<name>1825</name>
				<styleUrl>#falseColor121</styleUrl>
				<ExtendedData>
					<SchemaData schemaUrl="#S_Road_DSSSSSSS">
						<SimpleData name="AREA">0.391</SimpleData>
						<SimpleData name="Compartmen">1825</SimpleData>
						<SimpleData name="Facility">Road</SimpleData>
						<SimpleData name="ForestType">Reserved Forest</SimpleData>
						<SimpleData name="Old_Compar">689</SimpleData>
						<SimpleData name="Division">Dantewada</SimpleData>
						<SimpleData name="Range">Bacheli</SimpleData>
						<SimpleData name="RF">Bailadila</SimpleData>
					</SchemaData>
				</ExtendedData>
				<Polygon>
					<outerBoundaryIs>
						<LinearRing>
							<coordinates>
81.2414162,18.7620397,0
81.2410433,18.7623544,0
81.2406903,18.7627041,0
81.2406543,18.7628634,0
81.2406962,18.7631741,0
81.2407080,18.7631839,0
81.2405636,18.7631488,0
81.2405380,18.7631359,0
81.2405004,18.7628572,0
81.2405510,18.7626335,0
81.2409339,18.7622542,0
81.2412717,18.7619504,0
81.2414679,18.7614391,0
81.2416873,18.7613691,0
81.2414162,18.7620397,0
</coordinates>
						</LinearRing>
					</outerBoundaryIs>
				</Polygon>
			</Placemark>
			<Placemark>
				<name>1825</name>
				<styleUrl>#falseColor121</styleUrl>
				<ExtendedData>
					<SchemaData schemaUrl="#S_Road_DSSSSSSS">
						<SimpleData name="AREA">0.599</SimpleData>
						<SimpleData name="Compartmen">1825</SimpleData>
						<SimpleData name="Facility">Road</SimpleData>
						<SimpleData name="ForestType">Reserved Forest</SimpleData>
						<SimpleData name="Old_Compar">689</SimpleData>
						<SimpleData name="Division">Dantewada</SimpleData>
						<SimpleData name="Range">Bacheli</SimpleData>
						<SimpleData name="RF">Bailadila</SimpleData>
					</SchemaData>
				</ExtendedData>
				<Polygon>
					<outerBoundaryIs>
						<LinearRing>
							<coordinates>
81.2382082,18.7622923,0
81.2380552,18.7623322,0
81.2378781,18.7622698,0
81.2378251,18.7621442,0
81.2378434,18.7619730,0
81.2379424,18.7618177,0
81.2380868,18.7616673,0
81.2380877,18.7616467,0
81.2379542,18.7615561,0
81.2377617,18.7613896,0
81.2376306,18.7611956,0
81.2375681,18.7609534,0
81.2376053,18.7607330,0
81.2377678,18.7605839,0
81.2379786,18.7604983,0
81.2382244,18.7603855,0
81.2383092,18.7605533,0
81.2378743,18.7607371,0
81.2377825,18.7608213,0
81.2377615,18.7609459,0
81.2378073,18.7611231,0
81.2379143,18.7612815,0
81.2380723,18.7614144,0
81.2382818,18.7615564,0
81.2382733,18.7617409,0
81.2380949,18.7619266,0
81.2380274,18.7620326,0
81.2380178,18.7621163,0
81.2380228,18.7621281,0
81.2381431,18.7621705,0
81.2383872,18.7621902,0
81.2385871,18.7622460,0
81.2382082,18.7622923,0
</coordinates>
						</LinearRing>
					</outerBoundaryIs>
				</Polygon>
			</Placemark>
			<Placemark>
				<name>1825</name>
				<styleUrl>#falseColor121</styleUrl>
				<ExtendedData>
					<SchemaData schemaUrl="#S_Road_DSSSSSSS">
						<SimpleData name="AREA">1.214</SimpleData>
						<SimpleData name="Compartmen">1825</SimpleData>
						<SimpleData name="Facility">Road</SimpleData>
						<SimpleData name="ForestType">Reserved Forest</SimpleData>
						<SimpleData name="Old_Compar">689</SimpleData>
						<SimpleData name="Division">Dantewada</SimpleData>
						<SimpleData name="Range">Bacheli</SimpleData>
						<SimpleData name="RF">Bailadila</SimpleData>
					</SchemaData>
				</ExtendedData>
				<Polygon>
					<outerBoundaryIs>
						<LinearRing>
							<coordinates>
81.2547414,18.7630677,0
81.2548781,18.7633033,0
81.2549781,18.7636731,0
81.2549363,18.7639142,0
81.2548144,18.7640801,0
81.2545556,18.7642598,0
81.2542152,18.7644260,0
81.2534885,18.7650089,0
81.2533718,18.7652560,0
81.2533538,18.7653469,0
81.2539569,18.7655153,0
81.2543230,18.7656500,0
81.2547453,18.7658427,0
81.2556262,18.7658366,0
81.2565502,18.7658557,0
81.2565850,18.7658708,0
81.2558805,18.7659136,0
81.2546916,18.7659785,0
81.2542683,18.7657849,0
81.2539022,18.7656502,0
81.2533724,18.7655027,0
81.2534076,18.7655742,0
81.2535126,18.7656973,0
81.2538047,18.7658951,0
81.2540146,18.7659877,0
81.2540445,18.7660138,0
81.2537491,18.7660299,0
81.2537282,18.7660207,0
81.2535875,18.7659255,0
81.2534078,18.7658038,0
81.2532781,18.7656517,0
81.2531789,18.7654503,0
81.2532259,18.7652123,0
81.2533626,18.7649230,0
81.2537994,18.7645345,0
81.2541355,18.7643024,0
81.2544758,18.7641363,0
81.2547046,18.7639775,0
81.2547922,18.7638582,0
81.2548231,18.7636796,0
81.2547360,18.7633571,0
81.2546169,18.7631520,0
81.2543084,18.7629734,0
81.2545595,18.7628533,0
81.2547414,18.7630677,0
</coordinates>
						</LinearRing>
					</outerBoundaryIs>
				</Polygon>
			</Placemark>
			<Placemark>
				<name>1825</name>
				<styleUrl>#falseColor121</styleUrl>
				<ExtendedData>
					<SchemaData schemaUrl="#S_Road_DSSSSSSS">
						<SimpleData name="AREA">4.921</SimpleData>
						<SimpleData name="Compartmen">1825</SimpleData>
						<SimpleData name="Facility">Road</SimpleData>
						<SimpleData name="ForestType">Reserved Forest</SimpleData>
						<SimpleData name="Old_Compar">689</SimpleData>
						<SimpleData name="Division">Dantewada</SimpleData>
						<SimpleData name="Range">Bacheli</SimpleData>
						<SimpleData name="RF">Bailadila</SimpleData>
					</SchemaData>
				</ExtendedData>
				<Polygon>
					<outerBoundaryIs>
						<LinearRing>
							<coordinates>
81.2392060,18.7613872,0
81.2393867,18.7610357,0
81.2394402,18.7605503,0
81.2396069,18.7602583,0
81.2397927,18.7601990,0
81.2402161,18.7601985,0
81.2406258,18.7606853,0
81.2407164,18.7617056,0
81.2407904,18.7617525,0
81.2409275,18.7617523,0
81.2409965,18.7617303,0
81.2410350,18.7615456,0
81.2412012,18.7613337,0
81.2416468,18.7611914,0
81.2422967,18.7611265,0
81.2425404,18.7610099,0
81.2435200,18.7601274,0
81.2436805,18.7599937,0
81.2438360,18.7599805,0
81.2439605,18.7600248,0
81.2442419,18.7602346,0
81.2444576,18.7603283,0
81.2449227,18.7603877,0
81.2453051,18.7604502,0
81.2462044,18.7607502,0
81.2468975,18.7610072,0
81.2476370,18.7613812,0
81.2479651,18.7615616,0
81.2484520,18.7616104,0
81.2488507,18.7616004,0
81.2493397,18.7616505,0
81.2495800,18.7617073,0
81.2497702,18.7617929,0
81.2500431,18.7618969,0
81.2503551,18.7619692,0
81.2507066,18.7620457,0
81.2511486,18.7621280,0
81.2514787,18.7621828,0
81.2518366,18.7621913,0
81.2525319,18.7621462,0
81.2534147,18.7624549,0
81.2536820,18.7625662,0
81.2540003,18.7627931,0
81.2542633,18.7627928,0
81.2545802,18.7626412,0
81.2551405,18.7617194,0
81.2555279,18.7614415,0
81.2557944,18.7613395,0
81.2560241,18.7613939,0
81.2562414,18.7615488,0
81.2566099,18.7623798,0
81.2567725,18.7625730,0
81.2568365,18.7627095,0
81.2568598,18.7628448,0
81.2569470,18.7631165,0
81.2571077,18.7633074,0
81.2573109,18.7634233,0
81.2573424,18.7634350,0
81.2573620,18.7635874,0
81.2572480,18.7635454,0
81.2570127,18.7634112,0
81.2568236,18.7631866,0
81.2566696,18.7627748,0
81.2566458,18.7627115,0
81.2564454,18.7624733,0
81.2560866,18.7616642,0
81.2559411,18.7615605,0
81.2558082,18.7615290,0
81.2556220,18.7616003,0
81.2552854,18.7618417,0
81.2547159,18.7627785,0
81.2545595,18.7628533,0
81.2543084,18.7629734,0
81.2539373,18.7629739,0
81.2535859,18.7627235,0
81.2533440,18.7626227,0
81.2525044,18.7623291,0
81.2518407,18.7623722,0
81.2514599,18.7623632,0
81.2511141,18.7623058,0
81.2506673,18.7622225,0
81.2503115,18.7621451,0
81.2499851,18.7620694,0
81.2496944,18.7619587,0
81.2495160,18.7618784,0
81.2493066,18.7618289,0
81.2488430,18.7617814,0
81.2484446,18.7617914,0
81.2479051,18.7617373,0
81.2475451,18.7615393,0
81.2468183,18.7611718,0
81.2461386,18.7609197,0
81.2452574,18.7606258,0
81.2448940,18.7605664,0
81.2444045,18.7605039,0
81.2441427,18.7603901,0
81.2438667,18.7601843,0
81.2438100,18.7601642,0
81.2437589,18.7601685,0
81.2436477,18.7602612,0
81.2426505,18.7611595,0
81.2423509,18.7613028,0
81.2416873,18.7613691,0
81.2414679,18.7614391,0
81.2413177,18.7614871,0
81.2412127,18.7616210,0
81.2411612,18.7618683,0
81.2409585,18.7619330,0
81.2407332,18.7619333,0
81.2405351,18.7618078,0
81.2404416,18.7607554,0
81.2401252,18.7603793,0
81.2398238,18.7603797,0
81.2397379,18.7604071,0
81.2396249,18.7606050,0
81.2395718,18.7610865,0
81.2393086,18.7615903,0
81.2392060,18.7613872,0
</coordinates>
						</LinearRing>
					</outerBoundaryIs>
				</Polygon>
			</Placemark>
			<Placemark>
				<name>1825</name>
				<styleUrl>#falseColor121</styleUrl>
				<ExtendedData>
					<SchemaData schemaUrl="#S_Road_DSSSSSSS">
						<SimpleData name="AREA">0.15</SimpleData>
						<SimpleData name="Compartmen">1825</SimpleData>
						<SimpleData name="Facility">Road</SimpleData>
						<SimpleData name="ForestType">Reserved Forest</SimpleData>
						<SimpleData name="Old_Compar">689</SimpleData>
						<SimpleData name="Division">Dantewada</SimpleData>
						<SimpleData name="Range">Bacheli</SimpleData>
						<SimpleData name="RF">Bailadila</SimpleData>
					</SchemaData>
				</ExtendedData>
				<Polygon>
					<outerBoundaryIs>
						<LinearRing>
							<coordinates>
81.2388517,18.7617796,0
81.2388519,18.7619629,0
81.2390654,18.7622356,0
81.2388506,18.7622138,0
81.2388159,18.7622180,0
81.2386623,18.7620233,0
81.2386618,18.7616661,0
81.2388338,18.7615913,0
81.2389144,18.7617509,0
81.2388517,18.7617796,0
</coordinates>
						</LinearRing>
					</outerBoundaryIs>
				</Polygon>
			</Placemark>
			<Placemark>
				<name>1825</name>
				<styleUrl>#falseColor121</styleUrl>
				<ExtendedData>
					<SchemaData schemaUrl="#S_Road_DSSSSSSS">
						<SimpleData name="AREA">0.061</SimpleData>
						<SimpleData name="Compartmen">1825</SimpleData>
						<SimpleData name="Facility">Road</SimpleData>
						<SimpleData name="ForestType">Reserved Forest</SimpleData>
						<SimpleData name="Old_Compar">689</SimpleData>
						<SimpleData name="Division">Dantewada</SimpleData>
						<SimpleData name="Range">Bacheli</SimpleData>
						<SimpleData name="RF">Bailadila</SimpleData>
					</SchemaData>
				</ExtendedData>
				<Polygon>
					<outerBoundaryIs>
						<LinearRing>
							<coordinates>
81.2386063,18.7599735,0
81.2386951,18.7600252,0
81.2387443,18.7601338,0
81.2387432,18.7602458,0
81.2386936,18.7603741,0
81.2386246,18.7602377,0
81.2385335,18.7600574,0
81.2384680,18.7599281,0
81.2386063,18.7599735,0
</coordinates>
						</LinearRing>
					</outerBoundaryIs>
				</Polygon>
			</Placemark>
			<Placemark>
				<name>1825</name>
				<styleUrl>#falseColor121</styleUrl>
				<ExtendedData>
					<SchemaData schemaUrl="#S_Road_DSSSSSSS">
						<SimpleData name="AREA">0.745</SimpleData>
						<SimpleData name="Compartmen">1825</SimpleData>
						<SimpleData name="Facility">Road</SimpleData>
						<SimpleData name="ForestType">Reserved Forest</SimpleData>
						<SimpleData name="Old_Compar">689</SimpleData>
						<SimpleData name="Division">Dantewada</SimpleData>
						<SimpleData name="Range">Bacheli</SimpleData>
						<SimpleData name="RF">Bailadila</SimpleData>
					</SchemaData>
				</ExtendedData>
				<Polygon>
					<outerBoundaryIs>
						<LinearRing>
							<coordinates>
81.2376038,18.7594682,0
81.2376145,18.7595565,0
81.2376020,18.7596813,0
81.2375037,18.7596222,0
81.2374578,18.7595947,0
81.2374751,18.7594442,0
81.2373083,18.7591047,0
81.2371273,18.7587362,0
81.2368119,18.7584793,0
81.2364458,18.7585381,0
81.2362487,18.7587335,0
81.2363925,18.7591670,0
81.2365954,18.7595627,0
81.2365540,18.7599488,0
81.2363823,18.7603694,0
81.2362021,18.7606457,0
81.2361288,18.7607404,0
81.2361041,18.7606605,0
81.2361079,18.7605262,0
81.2362535,18.7603012,0
81.2363985,18.7599221,0
81.2364418,18.7595760,0
81.2362792,18.7592197,0
81.2361112,18.7586949,0
81.2363861,18.7584169,0
81.2368240,18.7583413,0
81.2369168,18.7583968,0
81.2368017,18.7581640,0
81.2367208,18.7580024,0
81.2368319,18.7579259,0
81.2376038,18.7594682,0
</coordinates>
						</LinearRing>
					</outerBoundaryIs>
				</Polygon>
			</Placemark>
			<Placemark>
				<name>1825</name>
				<styleUrl>#falseColor121</styleUrl>
				<ExtendedData>
					<SchemaData schemaUrl="#S_Road_DSSSSSSS">
						<SimpleData name="AREA">0.367</SimpleData>
						<SimpleData name="Compartmen">1825</SimpleData>
						<SimpleData name="Facility">Road</SimpleData>
						<SimpleData name="ForestType">Reserved Forest</SimpleData>
						<SimpleData name="Old_Compar">689</SimpleData>
						<SimpleData name="Division">Dantewada</SimpleData>
						<SimpleData name="Range">Bacheli</SimpleData>
						<SimpleData name="RF">Bailadila</SimpleData>
					</SchemaData>
				</ExtendedData>
				<Polygon>
					<outerBoundaryIs>
						<LinearRing>
							<coordinates>
81.2324125,18.7637418,0
81.2323663,18.7636424,0
81.2321439,18.7631633,0
81.2319706,18.7627902,0
81.2315709,18.7626332,0
81.2312672,18.7625544,0
81.2312582,18.7625289,0
81.2313813,18.7624587,0
81.2314760,18.7624212,0
81.2316323,18.7624618,0
81.2321133,18.7626507,0
81.2323174,18.7630902,0
81.2324851,18.7634514,0
81.2324125,18.7637418,0
</coordinates>
						</LinearRing>
					</outerBoundaryIs>
				</Polygon>
			</Placemark>
			<Placemark>
				<name>1825</name>
				<styleUrl>#falseColor121</styleUrl>
				<ExtendedData>
					<SchemaData schemaUrl="#S_Road_DSSSSSSS">
						<SimpleData name="AREA">2.685</SimpleData>
						<SimpleData name="Compartmen">1825</SimpleData>
						<SimpleData name="Facility">Road</SimpleData>
						<SimpleData name="ForestType">Reserved Forest</SimpleData>
						<SimpleData name="Old_Compar">689</SimpleData>
						<SimpleData name="Division">Dantewada</SimpleData>
						<SimpleData name="Range">Bacheli</SimpleData>
						<SimpleData name="RF">Bailadila</SimpleData>
					</SchemaData>
				</ExtendedData>
				<Polygon>
					<outerBoundaryIs>
						<LinearRing>
							<coordinates>
81.2313813,18.7624587,0
81.2312582,18.7625289,0
81.2312212,18.7624241,0
81.2312045,18.7623502,0
81.2313000,18.7622941,0
81.2315509,18.7621992,0
81.2316723,18.7619669,0
81.2318342,18.7618331,0
81.2320625,18.7616984,0
81.2322996,18.7615918,0
81.2325270,18.7615274,0
81.2328113,18.7615270,0
81.2329086,18.7615435,0
81.2332968,18.7614815,0
81.2334221,18.7614777,0
81.2334991,18.7615723,0
81.2335159,18.7617141,0
81.2334075,18.7617996,0
81.2332238,18.7618998,0
81.2331013,18.7620005,0
81.2330097,18.7621327,0
81.2329660,18.7622841,0
81.2329661,18.7624217,0
81.2329772,18.7625562,0
81.2330154,18.7626144,0
81.2332316,18.7626492,0
81.2334154,18.7627168,0
81.2335239,18.7627401,0
81.2335842,18.7627417,0
81.2336099,18.7627207,0
81.2336701,18.7625847,0
81.2337092,18.7624406,0
81.2337302,18.7623070,0
81.2337104,18.7622257,0
81.2338333,18.7619498,0
81.2342055,18.7613690,0
81.2343814,18.7611255,0
81.2344723,18.7609564,0
81.2345468,18.7605906,0
81.2345551,18.7602936,0
81.2345524,18.7599179,0
81.2345370,18.7597195,0
81.2345055,18.7596004,0
81.2344997,18.7595327,0
81.2346786,18.7594095,0
81.2347227,18.7594147,0
81.2347943,18.7595377,0
81.2348339,18.7597185,0
81.2349495,18.7601365,0
81.2350361,18.7605774,0
81.2350517,18.7606890,0
81.2350548,18.7606977,0
81.2350645,18.7606876,0
81.2350950,18.7605710,0
81.2352653,18.7596614,0
81.2353466,18.7594406,0
81.2355568,18.7594070,0
81.2356310,18.7595476,0
81.2356783,18.7601206,0
81.2356961,18.7601588,0
81.2357220,18.7601575,0
81.2357847,18.7600767,0
81.2358585,18.7598793,0
81.2359429,18.7596754,0
81.2360809,18.7595803,0
81.2362463,18.7596449,0
81.2362331,18.7598622,0
81.2361456,18.7601823,0
81.2361110,18.7604194,0
81.2361079,18.7605262,0
81.2361041,18.7606605,0
81.2361288,18.7607404,0
81.2361845,18.7609203,0
81.2363420,18.7610669,0
81.2365341,18.7611157,0
81.2367975,18.7610808,0
81.2369571,18.7610020,0
81.2370482,18.7608690,0
81.2371943,18.7604162,0
81.2372485,18.7603219,0
81.2372715,18.7601404,0
81.2372592,18.7599466,0
81.2372641,18.7597408,0
81.2373418,18.7596297,0
81.2374578,18.7595947,0
81.2375037,18.7596222,0
81.2376020,18.7596813,0
81.2376983,18.7598772,0
81.2377860,18.7599765,0
81.2378515,18.7599979,0
81.2380166,18.7599742,0
81.2380773,18.7600944,0
81.2378391,18.7601276,0
81.2377081,18.7600848,0
81.2375854,18.7599460,0
81.2374983,18.7597685,0
81.2374391,18.7597330,0
81.2374264,18.7597368,0
81.2373960,18.7597804,0
81.2373921,18.7599442,0
81.2374061,18.7601653,0
81.2373768,18.7603621,0
81.2373173,18.7604657,0
81.2371696,18.7609232,0
81.2370492,18.7610990,0
81.2368383,18.7612032,0
81.2365258,18.7612446,0
81.2362741,18.7611806,0
81.2360669,18.7609877,0
81.2360299,18.7608682,0
81.2359708,18.7606771,0
81.2359719,18.7606386,0
81.2359784,18.7604089,0
81.2360151,18.7601575,0
81.2361013,18.7598425,0
81.2361082,18.7597277,0
81.2360989,18.7597241,0
81.2360525,18.7597560,0
81.2359030,18.7601371,0
81.2357916,18.7602808,0
81.2356120,18.7602896,0
81.2355475,18.7601520,0
81.2355007,18.7595823,0
81.2354822,18.7595472,0
81.2354460,18.7595530,0
81.2353942,18.7596938,0
81.2352250,18.7605971,0
81.2351852,18.7607493,0
81.2350789,18.7608603,0
81.2349607,18.7608283,0
81.2349217,18.7607177,0
81.2349049,18.7605972,0
81.2348199,18.7601645,0
81.2347046,18.7597476,0
81.2346684,18.7595823,0
81.2346393,18.7595323,0
81.2346353,18.7595319,0
81.2346332,18.7595345,0
81.2346370,18.7595797,0
81.2346686,18.7596993,0
81.2346852,18.7599128,0
81.2346879,18.7602949,0
81.2346793,18.7606044,0
81.2345991,18.7609981,0
81.2344961,18.7611897,0
81.2339517,18.7620078,0
81.2338495,18.7622372,0
81.2338653,18.7623018,0
81.2338395,18.7624659,0
81.2337963,18.7626253,0
81.2337201,18.7627974,0
81.2336681,18.7628398,0
81.2333495,18.7628281,0
81.2331963,18.7627718,0
81.2329344,18.7627297,0
81.2328473,18.7625970,0
81.2328333,18.7624268,0
81.2328331,18.7622671,0
81.2328872,18.7620798,0
81.2330006,18.7619161,0
81.2331467,18.7617960,0
81.2333316,18.7616952,0
81.2333759,18.7616603,0
81.2333713,18.7616218,0
81.2333586,18.7616062,0
81.2333100,18.7616077,0
81.2329079,18.7616719,0
81.2327996,18.7616536,0
81.2325464,18.7616539,0
81.2323471,18.7617103,0
81.2321260,18.7618097,0
81.2319120,18.7619360,0
81.2318246,18.7620835,0
81.2316873,18.7623377,0
81.2314760,18.7624212,0
81.2313813,18.7624587,0
</coordinates>
						</LinearRing>
					</outerBoundaryIs>
				</Polygon>
			</Placemark>
		</Folder>
		<Folder>
			<name>1824</name>
			<Placemark>
				<name>1824</name>
				<styleUrl>#falseColor120</styleUrl>
				<ExtendedData>
					<SchemaData schemaUrl="#S_Road_DSSSSSSS">
						<SimpleData name="AREA">0.162</SimpleData>
						<SimpleData name="Compartmen">1824</SimpleData>
						<SimpleData name="Facility">Road</SimpleData>
						<SimpleData name="ForestType">Reserved Forest</SimpleData>
						<SimpleData name="Old_Compar">690</SimpleData>
						<SimpleData name="Division">Dantewada</SimpleData>
						<SimpleData name="Range">Bacheli</SimpleData>
						<SimpleData name="RF">Bailadila</SimpleData>
					</SchemaData>
				</ExtendedData>
				<Polygon>
					<outerBoundaryIs>
						<LinearRing>
							<coordinates>
81.2584783,18.7661087,0
81.2586108,18.7659773,0
81.2587523,18.7658546,0
81.2590550,18.7660853,0
81.2589100,18.7662049,0
81.2587751,18.7663349,0
81.2584783,18.7661087,0
</coordinates>
						</LinearRing>
					</outerBoundaryIs>
				</Polygon>
			</Placemark>
			<Placemark>
				<name>1824</name>
				<styleUrl>#falseColor120</styleUrl>
				<ExtendedData>
					<SchemaData schemaUrl="#S_Road_DSSSSSSS">
						<SimpleData name="AREA">0.79</SimpleData>
						<SimpleData name="Compartmen">1824</SimpleData>
						<SimpleData name="Facility">Road</SimpleData>
						<SimpleData name="ForestType">Reserved Forest</SimpleData>
						<SimpleData name="Old_Compar">690</SimpleData>
						<SimpleData name="Division">Dantewada</SimpleData>
						<SimpleData name="Range">Bacheli</SimpleData>
						<SimpleData name="RF">Bailadila</SimpleData>
					</SchemaData>
				</ExtendedData>
				<Polygon>
					<outerBoundaryIs>
						<LinearRing>
							<coordinates>
81.2423233,18.7669659,0
81.2420306,18.7660283,0
81.2418125,18.7651388,0
81.2418113,18.7643224,0
81.2414392,18.7638215,0
81.2410314,18.7636483,0
81.2405530,18.7632465,0
81.2405380,18.7631359,0
81.2405636,18.7631488,0
81.2407080,18.7631839,0
81.2411144,18.7635252,0
81.2415390,18.7637056,0
81.2419631,18.7642763,0
81.2419643,18.7651220,0
81.2421761,18.7659871,0
81.2424944,18.7670068,0
81.2423233,18.7669659,0
</coordinates>
						</LinearRing>
					</outerBoundaryIs>
				</Polygon>
			</Placemark>
			<Placemark>
				<name>1824</name>
				<styleUrl>#falseColor120</styleUrl>
				<ExtendedData>
					<SchemaData schemaUrl="#S_Road_DSSSSSSS">
						<SimpleData name="AREA">0.009</SimpleData>
						<SimpleData name="Compartmen">1824</SimpleData>
						<SimpleData name="Facility">Road</SimpleData>
						<SimpleData name="ForestType">Reserved Forest</SimpleData>
						<SimpleData name="Old_Compar">690</SimpleData>
						<SimpleData name="Division">Dantewada</SimpleData>
						<SimpleData name="Range">Bacheli</SimpleData>
						<SimpleData name="RF">Bailadila</SimpleData>
					</SchemaData>
				</ExtendedData>
				<Polygon>
					<outerBoundaryIs>
						<LinearRing>
							<coordinates>
81.2336681,18.7628398,0
81.2336318,18.7628695,0
81.2335073,18.7628662,0
81.2333767,18.7628381,0
81.2333495,18.7628281,0
81.2336681,18.7628398,0
</coordinates>
						</LinearRing>
					</outerBoundaryIs>
				</Polygon>
			</Placemark>
			<Placemark>
				<name>1824</name>
				<styleUrl>#falseColor120</styleUrl>
				<ExtendedData>
					<SchemaData schemaUrl="#S_Road_DSSSSSSS">
						<SimpleData name="AREA">3.114</SimpleData>
						<SimpleData name="Compartmen">1824</SimpleData>
						<SimpleData name="Facility">Road</SimpleData>
						<SimpleData name="ForestType">Reserved Forest</SimpleData>
						<SimpleData name="Old_Compar">690</SimpleData>
						<SimpleData name="Division">Dantewada</SimpleData>
						<SimpleData name="Range">Bacheli</SimpleData>
						<SimpleData name="RF">Bailadila</SimpleData>
					</SchemaData>
				</ExtendedData>
				<Polygon>
					<outerBoundaryIs>
						<LinearRing>
							<coordinates>
81.2571857,18.7690971,0
81.2571912,18.7686328,0
81.2571397,18.7683115,0
81.2570279,18.7680596,0
81.2567726,18.7676692,0
81.2567468,18.7676166,0
81.2564694,18.7671165,0
81.2562502,18.7669596,0
81.2558727,18.7667468,0
81.2548410,18.7664529,0
81.2545244,18.7664238,0
81.2550667,18.7668428,0
81.2560186,18.7678321,0
81.2560605,18.7685120,0
81.2554054,18.7692476,0
81.2547190,18.7699245,0
81.2545491,18.7698839,0
81.2552867,18.7691567,0
81.2559060,18.7684722,0
81.2558702,18.7678919,0
81.2556061,18.7676175,0
81.2546183,18.7675504,0
81.2537167,18.7675746,0
81.2527693,18.7674967,0
81.2518710,18.7672823,0
81.2485577,18.7676512,0
81.2478573,18.7677648,0
81.2473453,18.7681646,0
81.2471619,18.7681209,0
81.2477922,18.7676286,0
81.2485908,18.7675019,0
81.2518810,18.7671356,0
81.2527945,18.7673536,0
81.2537211,18.7674298,0
81.2546216,18.7674056,0
81.2554569,18.7674624,0
81.2549624,18.7669484,0
81.2543207,18.7664436,0
81.2539284,18.7661091,0
81.2537491,18.7660299,0
81.2540445,18.7660138,0
81.2543285,18.7662605,0
81.2548679,18.7663101,0
81.2559356,18.7666142,0
81.2565877,18.7670203,0
81.2569052,18.7675985,0
81.2571630,18.7679928,0
81.2572869,18.7682718,0
81.2573431,18.7686225,0
81.2573387,18.7690969,0
81.2571857,18.7690971,0
</coordinates>
						</LinearRing>
					</outerBoundaryIs>
				</Polygon>
			</Placemark>
			<Placemark>
				<name>1824</name>
				<styleUrl>#falseColor120</styleUrl>
				<ExtendedData>
					<SchemaData schemaUrl="#S_Road_DSSSSSSS">
						<SimpleData name="AREA">0.434</SimpleData>
						<SimpleData name="Compartmen">1824</SimpleData>
						<SimpleData name="Facility">Road</SimpleData>
						<SimpleData name="ForestType">Reserved Forest</SimpleData>
						<SimpleData name="Old_Compar">690</SimpleData>
						<SimpleData name="Division">Dantewada</SimpleData>
						<SimpleData name="Range">Bacheli</SimpleData>
						<SimpleData name="RF">Bailadila</SimpleData>
					</SchemaData>
				</ExtendedData>
				<Polygon>
					<outerBoundaryIs>
						<LinearRing>
							<coordinates>
81.2572506,18.7661591,0
81.2579548,18.7669091,0
81.2579239,18.7669855,0
81.2578955,18.7670628,0
81.2571587,18.7662782,0
81.2565158,18.7659997,0
81.2556251,18.7659812,0
81.2547113,18.7659875,0
81.2546916,18.7659785,0
81.2558805,18.7659136,0
81.2565850,18.7658708,0
81.2572506,18.7661591,0
</coordinates>
						</LinearRing>
					</outerBoundaryIs>
				</Polygon>
			</Placemark>
			<Placemark>
				<name>1824</name>
				<styleUrl>#falseColor120</styleUrl>
				<ExtendedData>
					<SchemaData schemaUrl="#S_Road_DSSSSSSS">
						<SimpleData name="AREA">0.457</SimpleData>
						<SimpleData name="Compartmen">1824</SimpleData>
						<SimpleData name="Facility">Road</SimpleData>
						<SimpleData name="ForestType">Reserved Forest</SimpleData>
						<SimpleData name="Old_Compar">690</SimpleData>
						<SimpleData name="Division">Dantewada</SimpleData>
						<SimpleData name="Range">Bacheli</SimpleData>
						<SimpleData name="RF">Bailadila</SimpleData>
					</SchemaData>
				</ExtendedData>
				<Polygon>
					<outerBoundaryIs>
						<LinearRing>
							<coordinates>
81.2583034,18.7674427,0
81.2585241,18.7679500,0
81.2586489,18.7683894,0
81.2587277,18.7686755,0
81.2589681,18.7687992,0
81.2593238,18.7686707,0
81.2597529,18.7687112,0
81.2597631,18.7687206,0
81.2598416,18.7689903,0
81.2596863,18.7688502,0
81.2593443,18.7688180,0
81.2589570,18.7689579,0
81.2585976,18.7687729,0
81.2585023,18.7684266,0
81.2583802,18.7679967,0
81.2581671,18.7675070,0
81.2581813,18.7674376,0
81.2581977,18.7673686,0
81.2582162,18.7673001,0
81.2583034,18.7674427,0
</coordinates>
						</LinearRing>
					</outerBoundaryIs>
				</Polygon>
			</Placemark>
			<Placemark>
				<name>1824</name>
				<styleUrl>#falseColor120</styleUrl>
				<ExtendedData>
					<SchemaData schemaUrl="#S_Road_DSSSSSSS">
						<SimpleData name="AREA">1.206</SimpleData>
						<SimpleData name="Compartmen">1824</SimpleData>
						<SimpleData name="Facility">Road</SimpleData>
						<SimpleData name="ForestType">Reserved Forest</SimpleData>
						<SimpleData name="Old_Compar">690</SimpleData>
						<SimpleData name="Division">Dantewada</SimpleData>
						<SimpleData name="Range">Bacheli</SimpleData>
						<SimpleData name="RF">Bailadila</SimpleData>
					</SchemaData>
				</ExtendedData>
				<Polygon>
					<outerBoundaryIs>
						<LinearRing>
							<coordinates>
81.2581977,18.7673686,0
81.2581813,18.7674376,0
81.2581671,18.7675070,0
81.2581531,18.7675899,0
81.2581422,18.7676732,0
81.2581344,18.7677568,0
81.2580486,18.7690959,0
81.2576684,18.7690964,0
81.2577557,18.7677332,0
81.2577642,18.7676410,0
81.2577759,18.7675491,0
81.2577909,18.7674577,0
81.2578091,18.7673668,0
81.2578306,18.7672766,0
81.2578553,18.7671871,0
81.2578832,18.7670985,0
81.2579143,18.7670108,0
81.2579484,18.7669242,0
81.2579857,18.7668388,0
81.2580260,18.7667546,0
81.2580693,18.7666718,0
81.2581155,18.7665904,0
81.2581646,18.7665106,0
81.2582165,18.7664324,0
81.2582712,18.7663559,0
81.2585681,18.7665822,0
81.2585217,18.7666484,0
81.2584776,18.7667160,0
81.2584360,18.7667851,0
81.2583968,18.7668554,0
81.2583602,18.7669269,0
81.2583261,18.7669996,0
81.2582947,18.7670734,0
81.2582658,18.7671481,0
81.2582397,18.7672237,0
81.2582162,18.7673001,0
81.2581977,18.7673686,0
</coordinates>
						</LinearRing>
					</outerBoundaryIs>
				</Polygon>
			</Placemark>
			<Placemark>
				<name>1824</name>
				<styleUrl>#falseColor120</styleUrl>
				<ExtendedData>
					<SchemaData schemaUrl="#S_Road_DSSSSSSS">
						<SimpleData name="AREA">1.307</SimpleData>
						<SimpleData name="Compartmen">1824</SimpleData>
						<SimpleData name="Facility">Road</SimpleData>
						<SimpleData name="ForestType">Reserved Forest</SimpleData>
						<SimpleData name="Old_Compar">690</SimpleData>
						<SimpleData name="Division">Dantewada</SimpleData>
						<SimpleData name="Range">Bacheli</SimpleData>
						<SimpleData name="RF">Bailadila</SimpleData>
					</SchemaData>
				</ExtendedData>
				<Polygon>
					<outerBoundaryIs>
						<LinearRing>
							<coordinates>
81.2382082,18.7622923,0
81.2385871,18.7622460,0
81.2386827,18.7622726,0
81.2388371,18.7624131,0
81.2388940,18.7626555,0
81.2389354,18.7630917,0
81.2389445,18.7640774,0
81.2389205,18.7644084,0
81.2389336,18.7646400,0
81.2389981,18.7647405,0
81.2391106,18.7647492,0
81.2391525,18.7646258,0
81.2391621,18.7631903,0
81.2390833,18.7627440,0
81.2389510,18.7623893,0
81.2388159,18.7622180,0
81.2388506,18.7622138,0
81.2390654,18.7622356,0
81.2391220,18.7623080,0
81.2392676,18.7626985,0
81.2393520,18.7631789,0
81.2393419,18.7646825,0
81.2393017,18.7648917,0
81.2391443,18.7649559,0
81.2388807,18.7649003,0
81.2387472,18.7647040,0
81.2387304,18.7644070,0
81.2387547,18.7640718,0
81.2387062,18.7626838,0
81.2386645,18.7625060,0
81.2385830,18.7624318,0
81.2383881,18.7623716,0
81.2381015,18.7623485,0
81.2380552,18.7623322,0
81.2382082,18.7622923,0
</coordinates>
						</LinearRing>
					</outerBoundaryIs>
				</Polygon>
			</Placemark>
			<Placemark>
				<name>1824</name>
				<styleUrl>#falseColor120</styleUrl>
				<ExtendedData>
					<SchemaData schemaUrl="#S_Road_DSSSSSSS">
						<SimpleData name="AREA">1.853</SimpleData>
						<SimpleData name="Compartmen">1824</SimpleData>
						<SimpleData name="Facility">Road</SimpleData>
						<SimpleData name="ForestType">Reserved Forest</SimpleData>
						<SimpleData name="Old_Compar">690</SimpleData>
						<SimpleData name="Division">Dantewada</SimpleData>
						<SimpleData name="Range">Bacheli</SimpleData>
						<SimpleData name="RF">Bailadila</SimpleData>
					</SchemaData>
				</ExtendedData>
				<Polygon>
					<outerBoundaryIs>
						<LinearRing>
							<coordinates>
81.2348023,18.7629935,0
81.2348614,18.7635299,0
81.2350580,18.7642303,0
81.2355681,18.7644953,0
81.2360114,18.7647255,0
81.2363695,18.7652853,0
81.2364671,18.7656263,0
81.2363547,18.7659057,0
81.2362338,18.7659752,0
81.2360926,18.7659045,0
81.2358681,18.7655749,0
81.2354647,18.7651756,0
81.2349855,18.7649728,0
81.2344110,18.7647795,0
81.2335624,18.7636210,0
81.2331763,18.7636373,0
81.2328276,18.7638212,0
81.2324475,18.7637687,0
81.2324137,18.7637444,0
81.2324125,18.7637418,0
81.2324851,18.7634514,0
81.2325545,18.7636009,0
81.2327916,18.7636336,0
81.2331234,18.7634587,0
81.2336582,18.7634360,0
81.2345317,18.7646284,0
81.2350557,18.7648048,0
81.2355756,18.7650247,0
81.2360174,18.7654620,0
81.2362139,18.7657505,0
81.2362677,18.7656168,0
81.2361935,18.7653575,0
81.2358759,18.7648610,0
81.2354773,18.7646540,0
81.2348957,18.7643519,0
81.2346742,18.7635629,0
81.2346064,18.7629474,0
81.2348023,18.7629935,0
</coordinates>
						</LinearRing>
					</outerBoundaryIs>
				</Polygon>
			</Placemark>
		</Folder>
		<Folder>
			<name>1826</name>
			<Placemark>
				<name>1826</name>
				<styleUrl>#falseColor122</styleUrl>
				<ExtendedData>
					<SchemaData schemaUrl="#S_Road_DSSSSSSS">
						<SimpleData name="AREA">0.491</SimpleData>
						<SimpleData name="Compartmen">1826</SimpleData>
						<SimpleData name="Facility">Road</SimpleData>
						<SimpleData name="ForestType">Reserved Forest</SimpleData>
						<SimpleData name="Old_Compar">676</SimpleData>
						<SimpleData name="Division">Dantewada</SimpleData>
						<SimpleData name="Range">Bacheli</SimpleData>
						<SimpleData name="RF">Bailadila</SimpleData>
					</SchemaData>
				</ExtendedData>
				<Polygon>
					<outerBoundaryIs>
						<LinearRing>
							<coordinates>
81.2168497,18.7296163,0
81.2168978,18.7294521,0
81.2168510,18.7293111,0
81.2165319,18.7286419,0
81.2164524,18.7285304,0
81.2163627,18.7284680,0
81.2161758,18.7283564,0
81.2163683,18.7283570,0
81.2163743,18.7282624,0
81.2164678,18.7283128,0
81.2165935,18.7284004,0
81.2167003,18.7285499,0
81.2170322,18.7292454,0
81.2170996,18.7294489,0
81.2170444,18.7296372,0
81.2170877,18.7304116,0
81.2171465,18.7306520,0
81.2168714,18.7300263,0
81.2168497,18.7296163,0
</coordinates>
						</LinearRing>
					</outerBoundaryIs>
				</Polygon>
			</Placemark>
			<Placemark>
				<name>1826</name>
				<styleUrl>#falseColor122</styleUrl>
				<ExtendedData>
					<SchemaData schemaUrl="#S_Road_DSSSSSSS">
						<SimpleData name="AREA">3.284</SimpleData>
						<SimpleData name="Compartmen">1826</SimpleData>
						<SimpleData name="Facility">Road</SimpleData>
						<SimpleData name="ForestType">Reserved Forest</SimpleData>
						<SimpleData name="Old_Compar">676</SimpleData>
						<SimpleData name="Division">Dantewada</SimpleData>
						<SimpleData name="Range">Bacheli</SimpleData>
						<SimpleData name="RF">Bailadila</SimpleData>
					</SchemaData>
				</ExtendedData>
				<Polygon>
					<outerBoundaryIs>
						<LinearRing>
							<coordinates>
81.2193812,18.7370423,0
81.2192429,18.7372937,0
81.2191092,18.7377012,0
81.2191305,18.7382006,0
81.2192257,18.7388785,0
81.2193014,18.7393061,0
81.2196470,18.7396725,0
81.2198480,18.7402124,0
81.2199226,18.7406445,0
81.2202530,18.7412760,0
81.2206201,18.7417834,0
81.2209134,18.7419753,0
81.2211749,18.7420372,0
81.2216776,18.7431805,0
81.2216873,18.7431766,0
81.2219950,18.7445868,0
81.2221882,18.7455444,0
81.2224367,18.7459722,0
81.2227874,18.7466434,0
81.2231166,18.7471671,0
81.2232664,18.7472921,0
81.2235035,18.7473247,0
81.2235866,18.7475137,0
81.2235604,18.7475151,0
81.2231836,18.7474633,0
81.2229691,18.7472843,0
81.2226209,18.7467302,0
81.2222687,18.7460563,0
81.2220096,18.7456101,0
81.2219335,18.7453032,0
81.2218087,18.7446211,0
81.2214568,18.7430108,0
81.2214319,18.7427744,0
81.2214151,18.7427127,0
81.2211792,18.7422281,0
81.2208328,18.7421462,0
81.2204811,18.7419161,0
81.2200498,18.7413601,0
81.2197367,18.7407039,0
81.2196626,18.7402741,0
81.2194790,18.7397880,0
81.2190862,18.7394118,0
81.2190346,18.7389083,0
81.2189375,18.7382166,0
81.2189145,18.7376768,0
81.2190634,18.7372229,0
81.2191937,18.7369860,0
81.2192114,18.7368548,0
81.2190672,18.7365652,0
81.2188540,18.7361923,0
81.2186832,18.7356327,0
81.2184752,18.7350177,0
81.2183040,18.7346810,0
81.2180175,18.7339736,0
81.2178413,18.7337050,0
81.2176623,18.7332679,0
81.2176772,18.7329883,0
81.2194030,18.7368801,0
81.2193812,18.7370423,0
</coordinates>
						</LinearRing>
					</outerBoundaryIs>
				</Polygon>
			</Placemark>
			<Placemark>
				<name>1826</name>
				<styleUrl>#falseColor122</styleUrl>
				<ExtendedData>
					<SchemaData schemaUrl="#S_Road_DSSSSSSS">
						<SimpleData name="AREA">1.511</SimpleData>
						<SimpleData name="Compartmen">1826</SimpleData>
						<SimpleData name="Facility">Road</SimpleData>
						<SimpleData name="ForestType">Reserved Forest</SimpleData>
						<SimpleData name="Old_Compar">676</SimpleData>
						<SimpleData name="Division">Dantewada</SimpleData>
						<SimpleData name="Range">Bacheli</SimpleData>
						<SimpleData name="RF">Bailadila</SimpleData>
					</SchemaData>
				</ExtendedData>
				<Polygon>
					<outerBoundaryIs>
						<LinearRing>
							<coordinates>
81.2244653,18.7496540,0
81.2243973,18.7500389,0
81.2244858,18.7508480,0
81.2246405,18.7510064,0
81.2248315,18.7511150,0
81.2249312,18.7511867,0
81.2250459,18.7513174,0
81.2251458,18.7517705,0
81.2252116,18.7522167,0
81.2253004,18.7525175,0
81.2252747,18.7528053,0
81.2253023,18.7532078,0
81.2253626,18.7533709,0
81.2255431,18.7536399,0
81.2261815,18.7542384,0
81.2268810,18.7549136,0
81.2268433,18.7549287,0
81.2270010,18.7552871,0
81.2253947,18.7537544,0
81.2251909,18.7534507,0
81.2251147,18.7532444,0
81.2250845,18.7528035,0
81.2251084,18.7525349,0
81.2250255,18.7522539,0
81.2249590,18.7518030,0
81.2248695,18.7513981,0
81.2247996,18.7513185,0
81.2247254,18.7512652,0
81.2245200,18.7511483,0
81.2243050,18.7509282,0
81.2242714,18.7506672,0
81.2242060,18.7500326,0
81.2242800,18.7496135,0
81.2243692,18.7492934,0
81.2246049,18.7491993,0
81.2244653,18.7496540,0
</coordinates>
						</LinearRing>
					</outerBoundaryIs>
				</Polygon>
			</Placemark>
		</Folder>
		<Folder id="layer 0">
			<name>1825</name>
			<Placemark>
				<name>1825</name>
				<styleUrl>#falseColor0</styleUrl>
				<ExtendedData>
					<SchemaData schemaUrl="#S_Slurry_line_DSSSSSSS">
						<SimpleData name="AREA">0.101</SimpleData>
						<SimpleData name="Compartmen">1825</SimpleData>
						<SimpleData name="Facility">Slurry_line</SimpleData>
						<SimpleData name="ForestType">Reserved Forest</SimpleData>
						<SimpleData name="Old_Compar">689</SimpleData>
						<SimpleData name="Division">Dantewada</SimpleData>
						<SimpleData name="Range">Bacheli</SimpleData>
						<SimpleData name="RF">Bailadila</SimpleData>
					</SchemaData>
				</ExtendedData>
				<Polygon>
					<outerBoundaryIs>
						<LinearRing>
							<coordinates>
81.2588686,18.7657554,0
81.2591626,18.7655048,0
81.2592773,18.7654581,0
81.2593420,18.7655588,0
81.2593777,18.7657492,0
81.2588686,18.7657554,0
</coordinates>
						</LinearRing>
					</outerBoundaryIs>
				</Polygon>
			</Placemark>
		</Folder>
		<Folder>
			<name>1824</name>
			<Placemark>
				<name>1824</name>
				<open>1</open>
				<styleUrl>#falseColor</styleUrl>
				<ExtendedData>
					<SchemaData schemaUrl="#S_Slurry_line_DSSSSSSS">
						<SimpleData name="AREA">0.177</SimpleData>
						<SimpleData name="Compartmen">1824</SimpleData>
						<SimpleData name="Facility">Slurry_line</SimpleData>
						<SimpleData name="ForestType">Reserved Forest</SimpleData>
						<SimpleData name="Old_Compar">690</SimpleData>
						<SimpleData name="Division">Dantewada</SimpleData>
						<SimpleData name="Range">Bacheli</SimpleData>
						<SimpleData name="RF">Bailadila</SimpleData>
					</SchemaData>
				</ExtendedData>
				<Polygon>
					<outerBoundaryIs>
						<LinearRing>
							<coordinates>
81.2587523,18.7658546,0
81.2588686,18.7657554,0
81.2593777,18.7657492,0
81.2594647,18.7658988,0
81.2590550,18.7660853,0
81.2587523,18.7658546,0
</coordinates>
						</LinearRing>
					</outerBoundaryIs>
				</Polygon>
			</Placemark>
		</Folder>
	</Document>
	<Document>
		<name>Screeningplant</name>
		<Schema name="Screening_plant" id="S_Screening_plant_DSSSSSSS">
			<SimpleField type="double" name="AREA"><displayName>&lt;b&gt;AREA&lt;/b&gt;</displayName>
</SimpleField>
			<SimpleField type="string" name="Compartmen"><displayName>&lt;b&gt;Compartmen&lt;/b&gt;</displayName>
</SimpleField>
			<SimpleField type="string" name="Facility"><displayName>&lt;b&gt;Facility&lt;/b&gt;</displayName>
</SimpleField>
			<SimpleField type="string" name="ForestType"><displayName>&lt;b&gt;ForestType&lt;/b&gt;</displayName>
</SimpleField>
			<SimpleField type="string" name="Old_Compar"><displayName>&lt;b&gt;Old_Compar&lt;/b&gt;</displayName>
</SimpleField>
			<SimpleField type="string" name="Division"><displayName>&lt;b&gt;Division&lt;/b&gt;</displayName>
</SimpleField>
			<SimpleField type="string" name="Range"><displayName>&lt;b&gt;Range&lt;/b&gt;</displayName>
</SimpleField>
			<SimpleField type="string" name="RF"><displayName>&lt;b&gt;RF&lt;/b&gt;</displayName>
</SimpleField>
		</Schema>
		<Style id="falseColor14">
			<BalloonStyle>
				<text><![CDATA[<table border="0">
<b>DIV:Dantewada Range:Bacheli RF:Bailadila OldComp:690 NewComp:1824</b>
  <tr><td><b>Area (Ha.)</b></td><td>$[Screening_plant/AREA]</td></tr>
  <tr><td><b>New Compartment No</b></td><td>$[Screening_plant/Compartmen]</td></tr>
 <tr><td><b>Old Compartment No</b></td><td>$[Screening_plant/Old_Compar]</td></tr>
  <tr><td><b>Facility</b></td><td>$[Screening_plant/Facility]</td></tr>
  <tr><td><b>ForestType</b></td><td>$[Screening_plant/ForestType]</td></tr>
   <tr><td><b>Division</b></td><td>$[Screening_plant/Division]</td></tr>
  <tr><td><b>Range</b></td><td>$[Screening_plant/Range]</td></tr>
  <tr><td><b>RF</b></td><td>$[Screening_plant/RF]</td></tr>
</table>]]></text>
			</BalloonStyle>
			<LineStyle>
				<color>80ffffff</color>
			</LineStyle>
			<PolyStyle>
				<color>80ffffff</color>
				<colorMode>random</colorMode>
			</PolyStyle>
		</Style>
		<StyleMap id="falseColor15">
			<Pair>
				<key>normal</key>
				<styleUrl>#falseColor16</styleUrl>
			</Pair>
			<Pair>
				<key>highlight</key>
				<styleUrl>#falseColor14</styleUrl>
			</Pair>
		</StyleMap>
		<Style id="falseColor16">
			<BalloonStyle>
				<text><![CDATA[<table border="0">
<b>DIV:Dantewada Range:Bacheli RF:Bailadila OldComp:690 NewComp:1824</b>
  <tr><td><b>Area (Ha.)</b></td><td>$[Screening_plant/AREA]</td></tr>
  <tr><td><b>New Compartment No</b></td><td>$[Screening_plant/Compartmen]</td></tr>
 <tr><td><b>Old Compartment No</b></td><td>$[Screening_plant/Old_Compar]</td></tr>
  <tr><td><b>Facility</b></td><td>$[Screening_plant/Facility]</td></tr>
  <tr><td><b>ForestType</b></td><td>$[Screening_plant/ForestType]</td></tr>
   <tr><td><b>Division</b></td><td>$[Screening_plant/Division]</td></tr>
  <tr><td><b>Range</b></td><td>$[Screening_plant/Range]</td></tr>
  <tr><td><b>RF</b></td><td>$[Screening_plant/RF]</td></tr>
</table>]]></text>
			</BalloonStyle>
			<LineStyle>
				<color>80ffffff</color>
			</LineStyle>
			<PolyStyle>
				<color>80ffffff</color>
				<colorMode>random</colorMode>
			</PolyStyle>
		</Style>
		<Folder id="layer 0">
			<name>1824</name>
			<open>1</open>
			<Placemark>
				<name>1824</name>
				<styleUrl>#falseColor15</styleUrl>
				<ExtendedData>
					<SchemaData schemaUrl="#S_Screening_plant_DSSSSSSS">
						<SimpleData name="AREA">18.281</SimpleData>
						<SimpleData name="Compartmen">1824</SimpleData>
						<SimpleData name="Facility">Screening_plant</SimpleData>
						<SimpleData name="ForestType">Reserved Forest</SimpleData>
						<SimpleData name="Old_Compar">690</SimpleData>
						<SimpleData name="Division">Dantewada</SimpleData>
						<SimpleData name="Range">Bacheli</SimpleData>
						<SimpleData name="RF">Bailadila</SimpleData>
					</SchemaData>
				</ExtendedData>
				<Polygon>
					<outerBoundaryIs>
						<LinearRing>
							<coordinates>
81.2592945,18.7737319,0
81.2559132,18.7737317,0
81.2559093,18.7710935,0
81.2559079,18.7702082,0
81.2559062,18.7690989,0
81.2571857,18.7690971,0
81.2573387,18.7690969,0
81.2576684,18.7690964,0
81.2580486,18.7690959,0
81.2592874,18.7690942,0
81.2592945,18.7737313,0
81.2592945,18.7737319,0
</coordinates>
						</LinearRing>
					</outerBoundaryIs>
				</Polygon>
			</Placemark>
		</Folder>
	</Document>
	<Document>
		<name>Railwaysiding</name>
		<Schema name="Railway_siding" id="S_Railway_siding_DSSSSSSS">
			<SimpleField type="double" name="AREA"><displayName>&lt;b&gt;AREA&lt;/b&gt;</displayName>
</SimpleField>
			<SimpleField type="string" name="Compartmen"><displayName>&lt;b&gt;Compartmen&lt;/b&gt;</displayName>
</SimpleField>
			<SimpleField type="string" name="Facility"><displayName>&lt;b&gt;Facility&lt;/b&gt;</displayName>
</SimpleField>
			<SimpleField type="string" name="ForestType"><displayName>&lt;b&gt;ForestType&lt;/b&gt;</displayName>
</SimpleField>
			<SimpleField type="string" name="Old_Compar"><displayName>&lt;b&gt;Old_Compar&lt;/b&gt;</displayName>
</SimpleField>
			<SimpleField type="string" name="Division"><displayName>&lt;b&gt;Division&lt;/b&gt;</displayName>
</SimpleField>
			<SimpleField type="string" name="Range"><displayName>&lt;b&gt;Range&lt;/b&gt;</displayName>
</SimpleField>
			<SimpleField type="string" name="RF"><displayName>&lt;b&gt;RF&lt;/b&gt;</displayName>
</SimpleField>
		</Schema>
		<StyleMap id="falseColor100">
			<Pair>
				<key>normal</key>
				<styleUrl>#falseColor90</styleUrl>
			</Pair>
			<Pair>
				<key>highlight</key>
				<styleUrl>#falseColor80</styleUrl>
			</Pair>
		</StyleMap>
		<StyleMap id="falseColor101">
			<Pair>
				<key>normal</key>
				<styleUrl>#falseColor9</styleUrl>
			</Pair>
			<Pair>
				<key>highlight</key>
				<styleUrl>#falseColor8</styleUrl>
			</Pair>
		</StyleMap>
		<StyleMap id="falseColor102">
			<Pair>
				<key>normal</key>
				<styleUrl>#falseColor91</styleUrl>
			</Pair>
			<Pair>
				<key>highlight</key>
				<styleUrl>#falseColor81</styleUrl>
			</Pair>
		</StyleMap>
		<Style id="falseColor8">
			<BalloonStyle>
				<text><![CDATA[<table border="0">
<b>DIV:Dantewada Range:Bacheli RF:Bailadila OldComp:692 NewComp:1811</b>
  <tr><td><b>Area (Ha.)</b></td><td>$[Railway_siding/AREA]</td></tr>
  <tr><td><b>New Compartment No</b></td><td>$[Railway_siding/Compartmen]</td></tr>
 <tr><td><b>Old Compartment No</b></td><td>$[Railway_siding/Old_Compar]</td></tr>
  <tr><td><b>Facility</b></td><td>$[Railway_siding/Facility]</td></tr>
  <tr><td><b>ForestType</b></td><td>$[Railway_siding/ForestType]</td></tr>
   <tr><td><b>Division</b></td><td>$[Railway_siding/Division]</td></tr>
  <tr><td><b>Range</b></td><td>$[Railway_siding/Range]</td></tr>
  <tr><td><b>RF</b></td><td>$[Railway_siding/RF]</td></tr>
</table>]]></text>
			</BalloonStyle>
			<LineStyle>
				<color>80ffffff</color>
			</LineStyle>
			<PolyStyle>
				<color>80ffffff</color>
				<colorMode>random</colorMode>
			</PolyStyle>
		</Style>
		<Style id="falseColor80">
			<BalloonStyle>
				<text><![CDATA[<table border="0">
<b>DIV:Dantewada Range:Bacheli RF:Bailadila OldComp:690 NewComp:1824</b>
  <tr><td><b>Area (Ha.)</b></td><td>$[Railway_siding/AREA]</td></tr>
  <tr><td><b>New Compartment No</b></td><td>$[Railway_siding/Compartmen]</td></tr>
 <tr><td><b>Old Compartment No</b></td><td>$[Railway_siding/Old_Compar]</td></tr>
  <tr><td><b>Facility</b></td><td>$[Railway_siding/Facility]</td></tr>
  <tr><td><b>ForestType</b></td><td>$[Railway_siding/ForestType]</td></tr>
   <tr><td><b>Division</b></td><td>$[Railway_siding/Division]</td></tr>
  <tr><td><b>Range</b></td><td>$[Railway_siding/Range]</td></tr>
  <tr><td><b>RF</b></td><td>$[Railway_siding/RF]</td></tr>
</table>]]></text>
			</BalloonStyle>
			<LineStyle>
				<color>80ffffff</color>
			</LineStyle>
			<PolyStyle>
				<color>80ffffff</color>
				<colorMode>random</colorMode>
			</PolyStyle>
		</Style>
		<Style id="falseColor81">
			<BalloonStyle>
				<text><![CDATA[<table border="0">
<b>DIV:Dantewada Range:Bacheli RF:Bailadila OldComp:689 NewComp:1825</b>
  <tr><td><b>Area (Ha.)</b></td><td>$[Railway_siding/AREA]</td></tr>
  <tr><td><b>New Compartment No</b></td><td>$[Railway_siding/Compartmen]</td></tr>
 <tr><td><b>Old Compartment No</b></td><td>$[Railway_siding/Old_Compar]</td></tr>
  <tr><td><b>Facility</b></td><td>$[Railway_siding/Facility]</td></tr>
  <tr><td><b>ForestType</b></td><td>$[Railway_siding/ForestType]</td></tr>
   <tr><td><b>Division</b></td><td>$[Railway_siding/Division]</td></tr>
  <tr><td><b>Range</b></td><td>$[Railway_siding/Range]</td></tr>
  <tr><td><b>RF</b></td><td>$[Railway_siding/RF]</td></tr>
</table>]]></text>
			</BalloonStyle>
			<LineStyle>
				<color>80ffffff</color>
			</LineStyle>
			<PolyStyle>
				<color>80ffffff</color>
				<colorMode>random</colorMode>
			</PolyStyle>
		</Style>
		<Style id="falseColor9">
			<BalloonStyle>
				<text><![CDATA[<table border="0">
<b>DIV:Dantewada Range:Bacheli RF:Bailadila OldComp:692 NewComp:1811</b>
  <tr><td><b>Area (Ha.)</b></td><td>$[Railway_siding/AREA]</td></tr>
  <tr><td><b>New Compartment No</b></td><td>$[Railway_siding/Compartmen]</td></tr>
 <tr><td><b>Old Compartment No</b></td><td>$[Railway_siding/Old_Compar]</td></tr>
  <tr><td><b>Facility</b></td><td>$[Railway_siding/Facility]</td></tr>
  <tr><td><b>ForestType</b></td><td>$[Railway_siding/ForestType]</td></tr>
   <tr><td><b>Division</b></td><td>$[Railway_siding/Division]</td></tr>
  <tr><td><b>Range</b></td><td>$[Railway_siding/Range]</td></tr>
  <tr><td><b>RF</b></td><td>$[Railway_siding/RF]</td></tr>
</table>]]></text>
			</BalloonStyle>
			<LineStyle>
				<color>80ffffff</color>
			</LineStyle>
			<PolyStyle>
				<color>80ffffff</color>
				<colorMode>random</colorMode>
			</PolyStyle>
		</Style>
		<Style id="falseColor90">
			<BalloonStyle>
				<text><![CDATA[<table border="0">
<b>DIV:Dantewada Range:Bacheli RF:Bailadila OldComp:690 NewComp:1824</b>
  <tr><td><b>Area (Ha.)</b></td><td>$[Railway_siding/AREA]</td></tr>
  <tr><td><b>New Compartment No</b></td><td>$[Railway_siding/Compartmen]</td></tr>
 <tr><td><b>Old Compartment No</b></td><td>$[Railway_siding/Old_Compar]</td></tr>
  <tr><td><b>Facility</b></td><td>$[Railway_siding/Facility]</td></tr>
  <tr><td><b>ForestType</b></td><td>$[Railway_siding/ForestType]</td></tr>
   <tr><td><b>Division</b></td><td>$[Railway_siding/Division]</td></tr>
  <tr><td><b>Range</b></td><td>$[Railway_siding/Range]</td></tr>
  <tr><td><b>RF</b></td><td>$[Railway_siding/RF]</td></tr>
</table>]]></text>
			</BalloonStyle>
			<LineStyle>
				<color>80ffffff</color>
			</LineStyle>
			<PolyStyle>
				<color>80ffffff</color>
				<colorMode>random</colorMode>
			</PolyStyle>
		</Style>
		<Style id="falseColor91">
			<BalloonStyle>
				<text><![CDATA[<table border="0">
<b>DIV:Dantewada Range:Bacheli RF:Bailadila OldComp:689 NewComp:1825</b>
  <tr><td><b>Area (Ha.)</b></td><td>$[Railway_siding/AREA]</td></tr>
  <tr><td><b>New Compartment No</b></td><td>$[Railway_siding/Compartmen]</td></tr>
 <tr><td><b>Old Compartment No</b></td><td>$[Railway_siding/Old_Compar]</td></tr>
  <tr><td><b>Facility</b></td><td>$[Railway_siding/Facility]</td></tr>
  <tr><td><b>ForestType</b></td><td>$[Railway_siding/ForestType]</td></tr>
   <tr><td><b>Division</b></td><td>$[Railway_siding/Division]</td></tr>
  <tr><td><b>Range</b></td><td>$[Railway_siding/Range]</td></tr>
  <tr><td><b>RF</b></td><td>$[Railway_siding/RF]</td></tr>
</table>]]></text>
			</BalloonStyle>
			<LineStyle>
				<color>80ffffff</color>
			</LineStyle>
			<PolyStyle>
				<color>80ffffff</color>
				<colorMode>random</colorMode>
			</PolyStyle>
		</Style>
		<Folder>
			<name>1824</name>
			<Placemark>
				<name>1824</name>
				<open>1</open>
				<styleUrl>#falseColor100</styleUrl>
				<ExtendedData>
					<SchemaData schemaUrl="#S_Railway_siding_DSSSSSSS">
						<SimpleData name="AREA">0.701</SimpleData>
						<SimpleData name="Compartmen">1824</SimpleData>
						<SimpleData name="Facility">Railway_siding</SimpleData>
						<SimpleData name="ForestType">Reserved Forest</SimpleData>
						<SimpleData name="Old_Compar">690</SimpleData>
						<SimpleData name="Division">Dantewada</SimpleData>
						<SimpleData name="Range">Bacheli</SimpleData>
						<SimpleData name="RF">Bailadila</SimpleData>
					</SchemaData>
				</ExtendedData>
				<Polygon>
					<outerBoundaryIs>
						<LinearRing>
							<coordinates>
81.2587751,18.7663349,0
81.2589167,18.7664428,0
81.2594532,18.7667590,0
81.2594134,18.7671075,0
81.2587249,18.7667017,0
81.2585681,18.7665822,0
81.2582712,18.7663559,0
81.2581751,18.7662827,0
81.2577942,18.7657972,0
81.2581899,18.7657732,0
81.2584156,18.7660609,0
81.2584783,18.7661087,0
81.2587751,18.7663349,0
</coordinates>
						</LinearRing>
					</outerBoundaryIs>
				</Polygon>
			</Placemark>
		</Folder>
		<Folder>
			<name>1811</name>
			<Placemark>
				<name>1811</name>
				<styleUrl>#falseColor101</styleUrl>
				<ExtendedData>
					<SchemaData schemaUrl="#S_Railway_siding_DSSSSSSS">
						<SimpleData name="AREA">0.082</SimpleData>
						<SimpleData name="Compartmen">1811</SimpleData>
						<SimpleData name="Facility">Railway_siding</SimpleData>
						<SimpleData name="ForestType">Reserved Forest</SimpleData>
						<SimpleData name="Old_Compar">692</SimpleData>
						<SimpleData name="Division">Dantewada</SimpleData>
						<SimpleData name="Range">Bacheli</SimpleData>
						<SimpleData name="RF">Bailadila</SimpleData>
					</SchemaData>
				</ExtendedData>
				<Polygon>
					<outerBoundaryIs>
						<LinearRing>
							<coordinates>
81.2627930,18.7782428,0
81.2626253,18.7779922,0
81.2623074,18.7772183,0
81.2622145,18.7767892,0
81.2626883,18.7780197,0
81.2627930,18.7782428,0
</coordinates>
						</LinearRing>
					</outerBoundaryIs>
				</Polygon>
			</Placemark>
			<Placemark>
				<name>1811</name>
				<styleUrl>#falseColor101</styleUrl>
				<ExtendedData>
					<SchemaData schemaUrl="#S_Railway_siding_DSSSSSSS">
						<SimpleData name="AREA">0.032</SimpleData>
						<SimpleData name="Compartmen">1811</SimpleData>
						<SimpleData name="Facility">Railway_siding</SimpleData>
						<SimpleData name="ForestType">Reserved Forest</SimpleData>
						<SimpleData name="Old_Compar">692</SimpleData>
						<SimpleData name="Division">Dantewada</SimpleData>
						<SimpleData name="Range">Bacheli</SimpleData>
						<SimpleData name="RF">Bailadila</SimpleData>
					</SchemaData>
				</ExtendedData>
				<Polygon>
					<outerBoundaryIs>
						<LinearRing>
							<coordinates>
81.2616405,18.7756774,0
81.2616399,18.7752969,0
81.2617863,18.7756772,0
81.2616405,18.7756774,0
</coordinates>
						</LinearRing>
					</outerBoundaryIs>
				</Polygon>
			</Placemark>
		</Folder>
		<Folder>
			<name>1825</name>
			<Placemark>
				<name>1825</name>
				<styleUrl>#falseColor102</styleUrl>
				<ExtendedData>
					<SchemaData schemaUrl="#S_Railway_siding_DSSSSSSS">
						<SimpleData name="AREA">0.226</SimpleData>
						<SimpleData name="Compartmen">1825</SimpleData>
						<SimpleData name="Facility">Railway_siding</SimpleData>
						<SimpleData name="ForestType">Reserved Forest</SimpleData>
						<SimpleData name="Old_Compar">689</SimpleData>
						<SimpleData name="Division">Dantewada</SimpleData>
						<SimpleData name="Range">Bacheli</SimpleData>
						<SimpleData name="RF">Bailadila</SimpleData>
					</SchemaData>
				</ExtendedData>
				<Polygon>
					<outerBoundaryIs>
						<LinearRing>
							<coordinates>
81.2577942,18.7657972,0
81.2577331,18.7657193,0
81.2575486,18.7653189,0
81.2574928,18.7650371,0
81.2575577,18.7651425,0
81.2576647,18.7652971,0
81.2578432,18.7653328,0
81.2579196,18.7653371,0
81.2580218,18.7655590,0
81.2581899,18.7657732,0
81.2577942,18.7657972,0
</coordinates>
						</LinearRing>
					</outerBoundaryIs>
				</Polygon>
			</Placemark>
		</Folder>
	</Document>
	<Document>
		<name>Loadingplant</name>
		<open>1</open>
		<Schema name="Loading_plant" id="S_Loading_plant_DSSSSSSS">
			<SimpleField type="double" name="AREA"><displayName>&lt;b&gt;AREA&lt;/b&gt;</displayName>
</SimpleField>
			<SimpleField type="string" name="Compartmen"><displayName>&lt;b&gt;Compartmen&lt;/b&gt;</displayName>
</SimpleField>
			<SimpleField type="string" name="Facility"><displayName>&lt;b&gt;Facility&lt;/b&gt;</displayName>
</SimpleField>
			<SimpleField type="string" name="ForestType"><displayName>&lt;b&gt;ForestType&lt;/b&gt;</displayName>
</SimpleField>
			<SimpleField type="string" name="Old_Compar"><displayName>&lt;b&gt;Old_Compar&lt;/b&gt;</displayName>
</SimpleField>
			<SimpleField type="string" name="Division"><displayName>&lt;b&gt;Division&lt;/b&gt;</displayName>
</SimpleField>
			<SimpleField type="string" name="Range"><displayName>&lt;b&gt;Range&lt;/b&gt;</displayName>
</SimpleField>
			<SimpleField type="string" name="RF"><displayName>&lt;b&gt;RF&lt;/b&gt;</displayName>
</SimpleField>
		</Schema>
		<Style id="falseColor5">
			<BalloonStyle>
				<text><![CDATA[<table border="0">
<b>DIV:Dantewada Range:Bacheli RF:Bailadila OldComp:690 NewComp:1824</b>
  <tr><td><b>Area (Ha.)</b></td><td>$[Loading_plant/AREA]</td></tr>
  <tr><td><b>New Compartment No</b></td><td>$[Loading_plant/Compartmen]</td></tr>
 <tr><td><b>Old Compartment No</b></td><td>$[Loading_plant/Old_Compar]</td></tr>
  <tr><td><b>Facility</b></td><td>$[Loading_plant/Facility]</td></tr>
  <tr><td><b>ForestType</b></td><td>$[Loading_plant/ForestType]</td></tr>
   <tr><td><b>Division</b></td><td>$[Loading_plant/Division]</td></tr>
  <tr><td><b>Range</b></td><td>$[Loading_plant/Range]</td></tr>
  <tr><td><b>RF</b></td><td>$[Loading_plant/RF]</td></tr>
</table>]]></text>
			</BalloonStyle>
			<LineStyle>
				<color>80ffffff</color>
			</LineStyle>
			<PolyStyle>
				<color>80ffffff</color>
				<colorMode>random</colorMode>
			</PolyStyle>
		</Style>
		<Style id="falseColor50">
			<BalloonStyle>
				<text><![CDATA[<table border="0">
<b>DIV:Dantewada Range:Bacheli RF:Bailadila OldComp:692 NewComp:1811</b>
  <tr><td><b>Area (Ha.)</b></td><td>$[Loading_plant/AREA]</td></tr>
  <tr><td><b>New Compartment No</b></td><td>$[Loading_plant/Compartmen]</td></tr>
 <tr><td><b>Old Compartment No</b></td><td>$[Loading_plant/Old_Compar]</td></tr>
  <tr><td><b>Facility</b></td><td>$[Loading_plant/Facility]</td></tr>
  <tr><td><b>ForestType</b></td><td>$[Loading_plant/ForestType]</td></tr>
   <tr><td><b>Division</b></td><td>$[Loading_plant/Division]</td></tr>
  <tr><td><b>Range</b></td><td>$[Loading_plant/Range]</td></tr>
  <tr><td><b>RF</b></td><td>$[Loading_plant/RF]</td></tr>
</table>]]></text>
			</BalloonStyle>
			<LineStyle>
				<color>80ffffff</color>
			</LineStyle>
			<PolyStyle>
				<color>80ffffff</color>
				<colorMode>random</colorMode>
			</PolyStyle>
		</Style>
		<StyleMap id="falseColor6">
			<Pair>
				<key>normal</key>
				<styleUrl>#falseColor50</styleUrl>
			</Pair>
			<Pair>
				<key>highlight</key>
				<styleUrl>#falseColor70</styleUrl>
			</Pair>
		</StyleMap>
		<StyleMap id="falseColor60">
			<Pair>
				<key>normal</key>
				<styleUrl>#falseColor5</styleUrl>
			</Pair>
			<Pair>
				<key>highlight</key>
				<styleUrl>#falseColor7</styleUrl>
			</Pair>
		</StyleMap>
		<Style id="falseColor7">
			<BalloonStyle>
				<text><![CDATA[<table border="0">
<b>DIV:Dantewada Range:Bacheli RF:Bailadila OldComp:690 NewComp:1824</b>
  <tr><td><b>Area (Ha.)</b></td><td>$[Loading_plant/AREA]</td></tr>
  <tr><td><b>New Compartment No</b></td><td>$[Loading_plant/Compartmen]</td></tr>
 <tr><td><b>Old Compartment No</b></td><td>$[Loading_plant/Old_Compar]</td></tr>
  <tr><td><b>Facility</b></td><td>$[Loading_plant/Facility]</td></tr>
  <tr><td><b>ForestType</b></td><td>$[Loading_plant/ForestType]</td></tr>
   <tr><td><b>Division</b></td><td>$[Loading_plant/Division]</td></tr>
  <tr><td><b>Range</b></td><td>$[Loading_plant/Range]</td></tr>
  <tr><td><b>RF</b></td><td>$[Loading_plant/RF]</td></tr>
</table>]]></text>
			</BalloonStyle>
			<LineStyle>
				<color>80ffffff</color>
			</LineStyle>
			<PolyStyle>
				<color>80ffffff</color>
				<colorMode>random</colorMode>
			</PolyStyle>
		</Style>
		<Style id="falseColor70">
			<BalloonStyle>
				<text><![CDATA[<table border="0">
<b>DIV:Dantewada Range:Bacheli RF:Bailadila OldComp:692 NewComp:1811</b>
  <tr><td><b>Area (Ha.)</b></td><td>$[Loading_plant/AREA]</td></tr>
  <tr><td><b>New Compartment No</b></td><td>$[Loading_plant/Compartmen]</td></tr>
 <tr><td><b>Old Compartment No</b></td><td>$[Loading_plant/Old_Compar]</td></tr>
  <tr><td><b>Facility</b></td><td>$[Loading_plant/Facility]</td></tr>
  <tr><td><b>ForestType</b></td><td>$[Loading_plant/ForestType]</td></tr>
   <tr><td><b>Division</b></td><td>$[Loading_plant/Division]</td></tr>
  <tr><td><b>Range</b></td><td>$[Loading_plant/Range]</td></tr>
  <tr><td><b>RF</b></td><td>$[Loading_plant/RF]</td></tr>
</table>]]></text>
			</BalloonStyle>
			<LineStyle>
				<color>80ffffff</color>
			</LineStyle>
			<PolyStyle>
				<color>80ffffff</color>
				<colorMode>random</colorMode>
			</PolyStyle>
		</Style>
		<Folder>
			<name>1824</name>
			<Placemark>
				<name>1824</name>
				<open>1</open>
				<styleUrl>#falseColor60</styleUrl>
				<ExtendedData>
					<SchemaData schemaUrl="#S_Loading_plant_DSSSSSSS">
						<SimpleData name="AREA">10.083</SimpleData>
						<SimpleData name="Compartmen">1824</SimpleData>
						<SimpleData name="Facility">Loading_plant</SimpleData>
						<SimpleData name="ForestType">Reserved Forest</SimpleData>
						<SimpleData name="Old_Compar">690</SimpleData>
						<SimpleData name="Division">Dantewada</SimpleData>
						<SimpleData name="Range">Bacheli</SimpleData>
						<SimpleData name="RF">Bailadila</SimpleData>
					</SchemaData>
				</ExtendedData>
				<Polygon>
					<outerBoundaryIs>
						<LinearRing>
							<coordinates>
81.2598716,18.7690934,0
81.2599143,18.7692402,0
81.2602997,18.7708034,0
81.2608421,18.7727663,0
81.2615117,18.7749639,0
81.2610121,18.7752208,0
81.2607582,18.7752981,0
81.2592969,18.7753001,0
81.2592945,18.7737313,0
81.2592874,18.7690942,0
81.2598716,18.7690934,0
</coordinates>
						</LinearRing>
					</outerBoundaryIs>
				</Polygon>
			</Placemark>
		</Folder>
		<Folder>
			<name>1811</name>
			<Placemark>
				<name>1811</name>
				<open>1</open>
				<styleUrl>#falseColor6</styleUrl>
				<ExtendedData>
					<SchemaData schemaUrl="#S_Loading_plant_DSSSSSSS">
						<SimpleData name="AREA">0.156</SimpleData>
						<SimpleData name="Compartmen">1811</SimpleData>
						<SimpleData name="Facility">Loading_plant</SimpleData>
						<SimpleData name="ForestType">Reserved Forest</SimpleData>
						<SimpleData name="Old_Compar">692</SimpleData>
						<SimpleData name="Division">Dantewada</SimpleData>
						<SimpleData name="Range">Bacheli</SimpleData>
						<SimpleData name="RF">Bailadila</SimpleData>
					</SchemaData>
				</ExtendedData>
				<Polygon>
					<outerBoundaryIs>
						<LinearRing>
							<coordinates>
81.2616399,18.7752969,0
81.2607582,18.7752981,0
81.2610121,18.7752208,0
81.2615117,18.7749639,0
81.2616399,18.7752969,0
</coordinates>
						</LinearRing>
					</outerBoundaryIs>
				</Polygon>
			</Placemark>
		</Folder>
	</Document>
	<Document>
		<name>d4 land</name>
		<Schema name="aa" id="kml_schema_ft_aa">
			<SimpleField type="xsd:double" name="AREA"><displayName>AREA</displayName>
</SimpleField>
			<SimpleField type="xsd:string" name="Village"><displayName>Village</displayName>
</SimpleField>
			<SimpleField type="xsd:string" name="Khasra_No"><displayName>Khasra_No</displayName>
</SimpleField>
			<SimpleField type="xsd:string" name="Land_breakup"><displayName>Land_breakup</displayName>
</SimpleField>
			<SimpleField type="xsd:string" name="Land_type"><displayName>Land_type</displayName>
</SimpleField>
		</Schema>
		<StyleMap id="m_ylw-pushpin">
			<Pair>
				<key>normal</key>
				<styleUrl>#s_ylw-pushpin</styleUrl>
			</Pair>
			<Pair>
				<key>highlight</key>
				<styleUrl>#s_ylw-pushpin_hl0</styleUrl>
			</Pair>
		</StyleMap>
		<Style id="s_ylw-pushpin">
			<IconStyle>
				<color>ff0000ff</color>
				<scale>0.7</scale>
				<Icon>
					<href>http://maps.google.com/mapfiles/kml/shapes/placemark_circle.png</href>
				</Icon>
			</IconStyle>
			<LineStyle>
				<color>ff00ffff</color>
				<width>2</width>
			</LineStyle>
			<PolyStyle>
				<fill>0</fill>
			</PolyStyle>
		</Style>
		<Style id="s_ylw-pushpin_hl0">
			<IconStyle>
				<color>ff0000ff</color>
				<scale>0.827273</scale>
				<Icon>
					<href>http://maps.google.com/mapfiles/kml/shapes/placemark_circle_highlight.png</href>
				</Icon>
			</IconStyle>
			<LineStyle>
				<color>ff00ffff</color>
				<width>2</width>
			</LineStyle>
			<PolyStyle>
				<fill>0</fill>
			</PolyStyle>
		</Style>
		<Placemark id="kml_1">
			<name>Pipeline</name>
			<snippet></snippet>
			<description><![CDATA[<center><table><tr><th colspan='2' align='center'><em>Attributes</em></th></tr><tr bgcolor="#E3E3F3">
<th>AREA</th>
<td>0.069 ha</td>
</tr><tr bgcolor="">
<th>Village</th>
<td>Poro kameli</td>
</tr><tr bgcolor="#E3E3F3">
<th>Khasra_No</th>
<td>48</td>
</tr><tr bgcolor="">
<th>Land_breakup</th>
<td>Pipe line</td>
</tr><tr bgcolor="#E3E3F3">
<th>Land_type</th>
<td>Govt Revenue land</td>
</tr></table></center>]]></description>
			<styleUrl>#m_ylw-pushpin</styleUrl>
			<ExtendedData>
				<SchemaData schemaUrl="#kml_schema_ft_aa">
					<SimpleData name="AREA">690.7393995090832</SimpleData>
					<SimpleData name="Village">Poro kameli</SimpleData>
					<SimpleData name="Khasra_No">48</SimpleData>
					<SimpleData name="Land_breakup">Pipe line</SimpleData>
					<SimpleData name="Land_type">Govt Revenue land</SimpleData>
				</SchemaData>
			</ExtendedData>
			<Polygon>
				<outerBoundaryIs>
					<LinearRing>
						<coordinates>
81.2665517,18.7688552,0
81.2665480,18.7688495,0
81.2664933,18.7688442,0
81.2663605,18.7689096,0
81.2651796,18.7697795,0
81.2644272,18.7703914,0
81.2636008,18.7710102,0
81.2633925,18.7711802,0
81.2633167,18.7712748,0
81.2632602,18.7713766,0
81.2632343,18.7714661,0
81.2632237,18.7714515,0
81.2632468,18.7713716,0
81.2633047,18.7712674,0
81.2633821,18.7711709,0
81.2635918,18.7709997,0
81.2644181,18.7703810,0
81.2651706,18.7697690,0
81.2663528,18.7688981,0
81.2664906,18.7688303,0
81.2665564,18.7688366,0
81.2665586,18.7688401,0
81.2665517,18.7688552,0
</coordinates>
					</LinearRing>
				</outerBoundaryIs>
			</Polygon>
		</Placemark>
		<Placemark id="kml_2">
			<name>Railway siding</name>
			<snippet></snippet>
			<description><![CDATA[<center><table><tr><th colspan='2' align='center'><em>Attributes</em></th></tr><tr bgcolor="#E3E3F3">
<th>AREA</th>
<td>0.085 ha</td>
</tr><tr bgcolor="">
<th>Village</th>
<td>Poro kameli</td>
</tr><tr bgcolor="#E3E3F3">
<th>Khasra_No</th>
<td>4</td>
</tr><tr bgcolor="">
<th>Land_breakup</th>
<td>Railway siding</td>
</tr><tr bgcolor="#E3E3F3">
<th>Land_type</th>
<td>Private revenue land</td>
</tr></table></center>]]></description>
			<styleUrl>#m_ylw-pushpin</styleUrl>
			<ExtendedData>
				<SchemaData schemaUrl="#kml_schema_ft_aa">
					<SimpleData name="AREA">854.9581557800873</SimpleData>
					<SimpleData name="Village">Poro kameli</SimpleData>
					<SimpleData name="Khasra_No">4</SimpleData>
					<SimpleData name="Land_breakup">Railway siding</SimpleData>
					<SimpleData name="Land_type">Private revenue land</SimpleData>
				</SchemaData>
			</ExtendedData>
			<Polygon>
				<outerBoundaryIs>
					<LinearRing>
						<coordinates>
81.2616336,18.7711935,0
81.2616467,18.7711942,0
81.2617308,18.7709832,0
81.2618548,18.7710006,0
81.2621501,18.7708571,0
81.2620840,18.7708070,0
81.2616963,18.7708653,0
81.2616330,18.7707973,0
81.2616336,18.7711935,0
</coordinates>
					</LinearRing>
				</outerBoundaryIs>
			</Polygon>
		</Placemark>
		<Placemark id="kml_3">
			<name>Railway siding</name>
			<snippet></snippet>
			<description><![CDATA[<center><table><tr><th colspan='2' align='center'><em>Attributes</em></th></tr><tr bgcolor="#E3E3F3">
<th>AREA</th>
<td>0.340 ha</td>
</tr><tr bgcolor="">
<th>Village</th>
<td>Poro kameli</td>
</tr><tr bgcolor="#E3E3F3">
<th>Khasra_No</th>
<td>5</td>
</tr><tr bgcolor="">
<th>Land_breakup</th>
<td>Railway siding</td>
</tr><tr bgcolor="#E3E3F3">
<th>Land_type</th>
<td>Private revenue land</td>
</tr></table></center>]]></description>
			<styleUrl>#m_ylw-pushpin</styleUrl>
			<ExtendedData>
				<SchemaData schemaUrl="#kml_schema_ft_aa">
					<SimpleData name="AREA">3395.7068407239367</SimpleData>
					<SimpleData name="Village">Poro kameli</SimpleData>
					<SimpleData name="Khasra_No">5</SimpleData>
					<SimpleData name="Land_breakup">Railway siding</SimpleData>
					<SimpleData name="Land_type">Private revenue land</SimpleData>
				</SchemaData>
			</ExtendedData>
			<Polygon>
				<outerBoundaryIs>
					<LinearRing>
						<coordinates>
81.2616467,18.7711942,0
81.2618716,18.7713544,0
81.2620180,18.7711895,0
81.2622047,18.7711398,0
81.2621812,18.7717309,0
81.2616345,18.7717882,0
81.2616336,18.7711935,0
81.2616467,18.7711942,0
</coordinates>
					</LinearRing>
				</outerBoundaryIs>
			</Polygon>
		</Placemark>
		<Placemark id="kml_4">
			<name>Railway siding</name>
			<snippet></snippet>
			<description><![CDATA[<center><table><tr><th colspan='2' align='center'><em>Attributes</em></th></tr><tr bgcolor="#E3E3F3">
<th>AREA</th>
<td>1781.6115370520413</td>
</tr><tr bgcolor="">
<th>Village</th>
<td>Poro kameli</td>
</tr><tr bgcolor="#E3E3F3">
<th>Khasra_No</th>
<td>6</td>
</tr><tr bgcolor="">
<th>Land_breakup</th>
<td>Railway siding</td>
</tr><tr bgcolor="#E3E3F3">
<th>Land_type</th>
<td>Private revenue land</td>
</tr></table></center>]]></description>
			<styleUrl>#m_ylw-pushpin</styleUrl>
			<ExtendedData>
				<SchemaData schemaUrl="#kml_schema_ft_aa">
					<SimpleData name="AREA">1781.6115370520413</SimpleData>
					<SimpleData name="Village">Poro kameli</SimpleData>
					<SimpleData name="Khasra_No">6</SimpleData>
					<SimpleData name="Land_breakup">Railway siding</SimpleData>
					<SimpleData name="Land_type">Private revenue land</SimpleData>
				</SchemaData>
			</ExtendedData>
			<Polygon>
				<outerBoundaryIs>
					<LinearRing>
						<coordinates>
81.2616467,18.7711942,0
81.2618716,18.7713544,0
81.2620180,18.7711895,0
81.2622047,18.7711398,0
81.2621978,18.7708891,0
81.2621501,18.7708571,0
81.2618548,18.7710006,0
81.2617308,18.7709832,0
81.2616467,18.7711942,0
</coordinates>
					</LinearRing>
				</outerBoundaryIs>
			</Polygon>
		</Placemark>
		<Placemark id="kml_5">
			<name>Pipeline</name>
			<snippet></snippet>
			<description><![CDATA[<center><table><tr><th colspan='2' align='center'><em>Attributes</em></th></tr><tr bgcolor="#E3E3F3">
<th>AREA</th>
<td>0.12 ha</td>
</tr><tr bgcolor="">
<th>Village</th>
<td>Bade kameli</td>
</tr><tr bgcolor="#E3E3F3">
<th>Khasra_No</th>
<td>516</td>
</tr><tr bgcolor="">
<th>Land_breakup</th>
<td>Pipe line</td>
</tr><tr bgcolor="#E3E3F3">
<th>Land_type</th>
<td>Govt Revenue land</td>
</tr></table></center>]]></description>
			<styleUrl>#m_ylw-pushpin</styleUrl>
			<ExtendedData>
				<SchemaData schemaUrl="#kml_schema_ft_aa">
					<SimpleData name="AREA">1212.6910863237492</SimpleData>
					<SimpleData name="Village">Bade kameli</SimpleData>
					<SimpleData name="Khasra_No">516</SimpleData>
					<SimpleData name="Land_breakup">Pipe line</SimpleData>
					<SimpleData name="Land_type">Govt Revenue land</SimpleData>
				</SchemaData>
			</ExtendedData>
			<Polygon>
				<outerBoundaryIs>
					<LinearRing>
						<coordinates>
81.2907357,18.7523339,0
81.2907497,18.7523397,0
81.2907494,18.7523471,0
81.2907175,18.7524986,0
81.2906085,18.7527054,0
81.2901866,18.7533420,0
81.2898243,18.7539618,0
81.2895050,18.7544302,0
81.2892395,18.7548594,0
81.2890264,18.7551334,0
81.2885531,18.7557233,0
81.2882216,18.7560812,0
81.2877377,18.7565279,0
81.2872711,18.7569164,0
81.2867264,18.7574159,0
81.2862421,18.7578654,0
81.2860611,18.7580282,0
81.2860486,18.7580208,0
81.2862322,18.7578557,0
81.2867165,18.7574061,0
81.2872615,18.7569064,0
81.2877281,18.7565179,0
81.2882113,18.7560719,0
81.2885421,18.7557147,0
81.2890150,18.7551253,0
81.2892276,18.7548519,0
81.2894929,18.7544231,0
81.2898121,18.7539548,0
81.2901744,18.7533351,0
81.2905961,18.7526988,0
81.2907039,18.7524941,0
81.2907352,18.7523455,0
81.2907357,18.7523339,0
</coordinates>
					</LinearRing>
				</outerBoundaryIs>
			</Polygon>
		</Placemark>
		<Placemark id="kml_6">
			<name>Railway siding</name>
			<snippet></snippet>
			<description><![CDATA[<center><table><tr><th colspan='2' align='center'><em>Attributes</em></th></tr><tr bgcolor="#E3E3F3">
<th>AREA</th>
<td>0.601 ha</td>
</tr><tr bgcolor="">
<th>Village</th>
<td>Poro kameli</td>
</tr><tr bgcolor="#E3E3F3">
<th>Khasra_No</th>
<td>13/2</td>
</tr><tr bgcolor="">
<th>Land_breakup</th>
<td>Railway siding</td>
</tr><tr bgcolor="#E3E3F3">
<th>Land_type</th>
<td>Bade jhad ke jungle</td>
</tr></table></center>]]></description>
			<styleUrl>#m_ylw-pushpin</styleUrl>
			<ExtendedData>
				<SchemaData schemaUrl="#kml_schema_ft_aa">
					<SimpleData name="AREA">6011.1874314578745</SimpleData>
					<SimpleData name="Village">Poro kameli</SimpleData>
					<SimpleData name="Khasra_No">13/2</SimpleData>
					<SimpleData name="Land_breakup">Railway siding</SimpleData>
					<SimpleData name="Land_type">Bade jhad ke jungle</SimpleData>
				</SchemaData>
			</ExtendedData>
			<Polygon>
				<outerBoundaryIs>
					<LinearRing>
						<coordinates>
81.2579196,18.7653371,0
81.2578415,18.7649011,0
81.2578051,18.7646451,0
81.2579159,18.7643253,0
81.2579228,18.7639429,0
81.2578222,18.7637072,0
81.2576283,18.7638513,0
81.2576938,18.7642491,0
81.2574506,18.7642740,0
81.2574625,18.7649878,0
81.2575577,18.7651425,0
81.2576647,18.7652971,0
81.2578432,18.7653328,0
81.2579196,18.7653371,0
</coordinates>
					</LinearRing>
				</outerBoundaryIs>
			</Polygon>
		</Placemark>
		<Placemark id="kml_7">
			<name>Railway siding</name>
			<snippet></snippet>
			<description><![CDATA[<center><table><tr><th colspan='2' align='center'><em>Attributes</em></th></tr><tr bgcolor="#E3E3F3">
<th>AREA</th>
<td>0.607 ha</td>
</tr><tr bgcolor="">
<th>Village</th>
<td>Poro kameli</td>
</tr><tr bgcolor="#E3E3F3">
<th>Khasra_No</th>
<td>12/1</td>
</tr><tr bgcolor="">
<th>Land_breakup</th>
<td>Railway siding</td>
</tr><tr bgcolor="#E3E3F3">
<th>Land_type</th>
<td>Private revenue land</td>
</tr></table></center>]]></description>
			<styleUrl>#m_ylw-pushpin</styleUrl>
			<ExtendedData>
				<SchemaData schemaUrl="#kml_schema_ft_aa">
					<SimpleData name="AREA">6072.460622156435</SimpleData>
					<SimpleData name="Village">Poro kameli</SimpleData>
					<SimpleData name="Khasra_No">12/1</SimpleData>
					<SimpleData name="Land_breakup">Railway siding</SimpleData>
					<SimpleData name="Land_type">Private revenue land</SimpleData>
				</SchemaData>
			</ExtendedData>
			<Polygon>
				<outerBoundaryIs>
					<LinearRing>
						<coordinates>
81.2578222,18.7637072,0
81.2579228,18.7639429,0
81.2579159,18.7643253,0
81.2578051,18.7646451,0
81.2578415,18.7649011,0
81.2579196,18.7653371,0
81.2581579,18.7653503,0
81.2579982,18.7645889,0
81.2580328,18.7640796,0
81.2583904,18.7633719,0
81.2586420,18.7629916,0
81.2583450,18.7631232,0
81.2581150,18.7632383,0
81.2579825,18.7635762,0
81.2578222,18.7637072,0
</coordinates>
					</LinearRing>
				</outerBoundaryIs>
			</Polygon>
		</Placemark>
		<Placemark id="kml_8">
			<name>Loading plant</name>
			<snippet></snippet>
			<description><![CDATA[<center><table><tr><th colspan='2' align='center'><em>Attributes</em></th></tr><tr bgcolor="#E3E3F3">
<th>AREA</th>
<td>0.095 ha</td>
</tr><tr bgcolor="">
<th>Village</th>
<td>Poro kameli</td>
</tr><tr bgcolor="#E3E3F3">
<th>Khasra_No</th>
<td>9</td>
</tr><tr bgcolor="">
<th>Land_breakup</th>
<td>Loading plant</td>
</tr><tr bgcolor="#E3E3F3">
<th>Land_type</th>
<td>Bade jhad ke jungle</td>
</tr></table></center>]]></description>
			<styleUrl>#m_ylw-pushpin</styleUrl>
			<ExtendedData>
				<SchemaData schemaUrl="#kml_schema_ft_aa">
					<SimpleData name="AREA">948.1869223649326</SimpleData>
					<SimpleData name="Village">Poro kameli</SimpleData>
					<SimpleData name="Khasra_No">9</SimpleData>
					<SimpleData name="Land_breakup">Loading plant</SimpleData>
					<SimpleData name="Land_type">Bade jhad ke jungle</SimpleData>
				</SchemaData>
			</ExtendedData>
			<Polygon>
				<outerBoundaryIs>
					<LinearRing>
						<coordinates>
81.2594133,18.7671089,0
81.2593933,18.7672844,0
81.2593731,18.7674661,0
81.2594831,18.7674578,0
81.2596319,18.7674032,0
81.2597709,18.7672801,0
81.2594133,18.7671089,0
</coordinates>
					</LinearRing>
				</outerBoundaryIs>
			</Polygon>
		</Placemark>
		<Placemark id="kml_9">
			<name>Loading plant</name>
			<snippet></snippet>
			<description><![CDATA[<center><table><tr><th colspan='2' align='center'><em>Attributes</em></th></tr><tr bgcolor="#E3E3F3">
<th>AREA</th>
<td>0.312 ha</td>
</tr><tr bgcolor="">
<th>Village</th>
<td>Poro kameli</td>
</tr><tr bgcolor="#E3E3F3">
<th>Khasra_No</th>
<td>4</td>
</tr><tr bgcolor="">
<th>Land_breakup</th>
<td>Loading plant</td>
</tr><tr bgcolor="#E3E3F3">
<th>Land_type</th>
<td>Private revenue land</td>
</tr></table></center>]]></description>
			<styleUrl>#m_ylw-pushpin</styleUrl>
			<ExtendedData>
				<SchemaData schemaUrl="#kml_schema_ft_aa">
					<SimpleData name="AREA">3119.508161332443</SimpleData>
					<SimpleData name="Village">Poro kameli</SimpleData>
					<SimpleData name="Khasra_No">4</SimpleData>
					<SimpleData name="Land_breakup">Loading plant</SimpleData>
					<SimpleData name="Land_type">Private revenue land</SimpleData>
				</SchemaData>
			</ExtendedData>
			<Polygon>
				<outerBoundaryIs>
					<LinearRing>
						<coordinates>
81.2616330,18.7707973,0
81.2614521,18.7706030,0
81.2612567,18.7704302,0
81.2611482,18.7704516,0
81.2611113,18.7709149,0
81.2613140,18.7709573,0
81.2612626,18.7710850,0
81.2614410,18.7711844,0
81.2616336,18.7711935,0
81.2616330,18.7707973,0
</coordinates>
					</LinearRing>
				</outerBoundaryIs>
			</Polygon>
		</Placemark>
		<Placemark id="kml_10">
			<name>Loading plant</name>
			<snippet></snippet>
			<description><![CDATA[<center><table><tr><th colspan='2' align='center'><em>Attributes</em></th></tr><tr bgcolor="#E3E3F3">
<th>AREA</th>
<td>0.869 ha</td>
</tr><tr bgcolor="">
<th>Village</th>
<td>Poro kameli</td>
</tr><tr bgcolor="#E3E3F3">
<th>Khasra_No</th>
<td>5</td>
</tr><tr bgcolor="">
<th>Land_breakup</th>
<td>Loading plant</td>
</tr><tr bgcolor="#E3E3F3">
<th>Land_type</th>
<td>Private revenue land</td>
</tr></table></center>]]></description>
			<styleUrl>#m_ylw-pushpin</styleUrl>
			<ExtendedData>
				<SchemaData schemaUrl="#kml_schema_ft_aa">
					<SimpleData name="AREA">8694.51982656849</SimpleData>
					<SimpleData name="Village">Poro kameli</SimpleData>
					<SimpleData name="Khasra_No">5</SimpleData>
					<SimpleData name="Land_breakup">Loading plant</SimpleData>
					<SimpleData name="Land_type">Private revenue land</SimpleData>
				</SchemaData>
			</ExtendedData>
			<Polygon>
				<outerBoundaryIs>
					<LinearRing>
						<coordinates>
81.2607026,18.7711422,0
81.2608322,18.7712406,0
81.2609574,18.7712522,0
81.2610542,18.7712343,0
81.2610048,18.7713004,0
81.2610177,18.7714073,0
81.2608665,18.7714038,0
81.2606794,18.7714032,0
81.2607184,18.7716071,0
81.2608228,18.7719002,0
81.2614606,18.7718064,0
81.2616345,18.7717882,0
81.2616336,18.7711935,0
81.2614410,18.7711844,0
81.2612626,18.7710850,0
81.2613140,18.7709573,0
81.2611113,18.7709149,0
81.2607153,18.7707002,0
81.2607026,18.7711422,0
</coordinates>
					</LinearRing>
				</outerBoundaryIs>
			</Polygon>
		</Placemark>
		<Placemark id="kml_11">
			<name>Loading plant</name>
			<snippet></snippet>
			<description><![CDATA[<center><table><tr><th colspan='2' align='center'><em>Attributes</em></th></tr><tr bgcolor="#E3E3F3">
<th>AREA</th>
<td>0.143 ha</td>
</tr><tr bgcolor="">
<th>Village</th>
<td>Poro kameli</td>
</tr><tr bgcolor="#E3E3F3">
<th>Khasra_No</th>
<td>2</td>
</tr><tr bgcolor="">
<th>Land_breakup</th>
<td>Loading plant</td>
</tr><tr bgcolor="#E3E3F3">
<th>Land_type</th>
<td>Private revenue land</td>
</tr></table></center>]]></description>
			<styleUrl>#m_ylw-pushpin</styleUrl>
			<ExtendedData>
				<SchemaData schemaUrl="#kml_schema_ft_aa">
					<SimpleData name="AREA">1430.8663146350332</SimpleData>
					<SimpleData name="Village">Poro kameli</SimpleData>
					<SimpleData name="Khasra_No">2</SimpleData>
					<SimpleData name="Land_breakup">Loading plant</SimpleData>
					<SimpleData name="Land_type">Private revenue land</SimpleData>
				</SchemaData>
			</ExtendedData>
			<Polygon>
				<outerBoundaryIs>
					<LinearRing>
						<coordinates>
81.2606794,18.7714032,0
81.2604170,18.7712279,0
81.2603600,18.7710217,0
81.2605131,18.7711071,0
81.2607026,18.7711422,0
81.2608322,18.7712406,0
81.2609574,18.7712522,0
81.2610542,18.7712343,0
81.2610048,18.7713004,0
81.2610177,18.7714073,0
81.2608665,18.7714038,0
81.2606794,18.7714032,0
</coordinates>
					</LinearRing>
				</outerBoundaryIs>
			</Polygon>
		</Placemark>
		<Placemark id="kml_12">
			<name>Loading plant</name>
			<snippet></snippet>
			<description><![CDATA[<center><table><tr><th colspan='2' align='center'><em>Attributes</em></th></tr><tr bgcolor="#E3E3F3">
<th>AREA</th>
<td>0.537 ha</td>
</tr><tr bgcolor="">
<th>Village</th>
<td>Poro kameli</td>
</tr><tr bgcolor="#E3E3F3">
<th>Khasra_No</th>
<td>3</td>
</tr><tr bgcolor="">
<th>Land_breakup</th>
<td>Loading plant</td>
</tr><tr bgcolor="#E3E3F3">
<th>Land_type</th>
<td>Bade jhad ke jungle</td>
</tr></table></center>]]></description>
			<styleUrl>#m_ylw-pushpin</styleUrl>
			<ExtendedData>
				<SchemaData schemaUrl="#kml_schema_ft_aa">
					<SimpleData name="AREA">5375.642456611934</SimpleData>
					<SimpleData name="Village">Poro kameli</SimpleData>
					<SimpleData name="Khasra_No">3</SimpleData>
					<SimpleData name="Land_breakup">Loading plant</SimpleData>
					<SimpleData name="Land_type">Bade jhad ke jungle</SimpleData>
				</SchemaData>
			</ExtendedData>
			<Polygon>
				<outerBoundaryIs>
					<LinearRing>
						<coordinates>
81.2603600,18.7710217,0
81.2602997,18.7708034,0
81.2601799,18.7703174,0
81.2605681,18.7703414,0
81.2609427,18.7705375,0
81.2611482,18.7704516,0
81.2611113,18.7709149,0
81.2607153,18.7707002,0
81.2607026,18.7711422,0
81.2605131,18.7711071,0
81.2603600,18.7710217,0
</coordinates>
					</LinearRing>
				</outerBoundaryIs>
			</Polygon>
		</Placemark>
		<Placemark id="kml_13">
			<name>Railway siding</name>
			<snippet></snippet>
			<description><![CDATA[<center><table><tr><th colspan='2' align='center'><em>Attributes</em></th></tr><tr bgcolor="#E3E3F3">
<th>AREA</th>
<td>2.402 ha</td>
</tr><tr bgcolor="">
<th>Village</th>
<td>Bhansi</td>
</tr><tr bgcolor="#E3E3F3">
<th>Khasra_No</th>
<td>60/1/ka</td>
</tr><tr bgcolor="">
<th>Land_breakup</th>
<td>Railway siding</td>
</tr><tr bgcolor="#E3E3F3">
<th>Land_type</th>
<td>Railway land</td>
</tr></table></center>]]></description>
			<styleUrl>#m_ylw-pushpin</styleUrl>
			<ExtendedData>
				<SchemaData schemaUrl="#kml_schema_ft_aa">
					<SimpleData name="AREA">24019.81343177406</SimpleData>
					<SimpleData name="Village">Bhansi</SimpleData>
					<SimpleData name="Khasra_No">60/1/ka</SimpleData>
					<SimpleData name="Land_breakup">Railway siding</SimpleData>
					<SimpleData name="Land_type">Railway land</SimpleData>
				</SchemaData>
			</ExtendedData>
			<Polygon>
				<outerBoundaryIs>
					<LinearRing>
						<coordinates>
81.2622145,18.7767892,0
81.2621364,18.7763168,0
81.2618984,18.7748772,0
81.2618984,18.7748772,0
81.2624758,18.7749615,0
81.2625579,18.7752974,0
81.2626481,18.7752757,0
81.2633052,18.7752658,0
81.2633090,18.7754058,0
81.2626300,18.7754307,0
81.2626239,18.7756720,0
81.2625524,18.7756779,0
81.2632533,18.7785950,0
81.2633859,18.7789427,0
81.2628982,18.7784667,0
81.2628982,18.7784667,0
81.2626883,18.7780197,0
81.2622145,18.7767892,0
81.2622145,18.7767892,0
</coordinates>
					</LinearRing>
				</outerBoundaryIs>
			</Polygon>
		</Placemark>
		<Placemark id="kml_14">
			<name>Railway siding</name>
			<snippet></snippet>
			<description><![CDATA[<center><table><tr><th colspan='2' align='center'><em>Attributes</em></th></tr><tr bgcolor="#E3E3F3">
<th>AREA</th>
<td>0.1 ha</td>
</tr><tr bgcolor="">
<th>Village</th>
<td>Poro kameli</td>
</tr><tr bgcolor="#E3E3F3">
<th>Khasra_No</th>
<td>13/1</td>
</tr><tr bgcolor="">
<th>Land_breakup</th>
<td>Railway siding</td>
</tr><tr bgcolor="#E3E3F3">
<th>Land_type</th>
<td>Bade jhad ke jungle</td>
</tr></table></center>]]></description>
			<styleUrl>#m_ylw-pushpin</styleUrl>
			<ExtendedData>
				<SchemaData schemaUrl="#kml_schema_ft_aa">
					<SimpleData name="AREA">1000.0048109325214</SimpleData>
					<SimpleData name="Village">Poro kameli</SimpleData>
					<SimpleData name="Khasra_No">13/1</SimpleData>
					<SimpleData name="Land_breakup">Railway siding</SimpleData>
					<SimpleData name="Land_type">Bade jhad ke jungle</SimpleData>
				</SchemaData>
			</ExtendedData>
			<Polygon>
				<outerBoundaryIs>
					<LinearRing>
						<coordinates>
81.2574506,18.7642740,0
81.2576938,18.7642491,0
81.2576283,18.7638513,0
81.2576064,18.7638676,0
81.2574093,18.7639536,0
81.2574093,18.7639536,0
81.2574506,18.7642740,0
</coordinates>
					</LinearRing>
				</outerBoundaryIs>
			</Polygon>
		</Placemark>
		<Placemark id="kml_15">
			<name>Railway siding</name>
			<snippet></snippet>
			<description><![CDATA[<center><table><tr><th colspan='2' align='center'><em>Attributes</em></th></tr><tr bgcolor="#E3E3F3">
<th>AREA</th>
<td>0.435 ha</td>
</tr><tr bgcolor="">
<th>Village</th>
<td>Bhansi</td>
</tr><tr bgcolor="#E3E3F3">
<th>Khasra_No</th>
<td>60/1/ka</td>
</tr><tr bgcolor="">
<th>Land_breakup</th>
<td>Railway siding</td>
</tr><tr bgcolor="#E3E3F3">
<th>Land_type</th>
<td>Private revenue land</td>
</tr></table></center>]]></description>
			<styleUrl>#m_ylw-pushpin</styleUrl>
			<ExtendedData>
				<SchemaData schemaUrl="#kml_schema_ft_aa">
					<SimpleData name="AREA">4347.257035174999</SimpleData>
					<SimpleData name="Village">Bhansi</SimpleData>
					<SimpleData name="Khasra_No">60/1/ka</SimpleData>
					<SimpleData name="Land_breakup">Railway siding</SimpleData>
					<SimpleData name="Land_type">Private revenue land</SimpleData>
				</SchemaData>
			</ExtendedData>
			<Polygon>
				<outerBoundaryIs>
					<LinearRing>
						<coordinates>
81.2622145,18.7767892,0
81.2621364,18.7763168,0
81.2618984,18.7748772,0
81.2618984,18.7748772,0
81.2616392,18.7748393,0
81.2616399,18.7752969,0
81.2622145,18.7767892,0
</coordinates>
					</LinearRing>
				</outerBoundaryIs>
			</Polygon>
		</Placemark>
		<Placemark id="kml_16">
			<name>Pipeline</name>
			<snippet></snippet>
			<description><![CDATA[<center><table><tr><th colspan='2' align='center'><em>Attributes</em></th></tr><tr bgcolor="#E3E3F3">
<th>AREA</th>
<td>0.084 ha</td>
</tr><tr bgcolor="">
<th>Village</th>
<td>Bade kameli</td>
</tr><tr bgcolor="#E3E3F3">
<th>Khasra_No</th>
<td>512</td>
</tr><tr bgcolor="">
<th>Land_breakup</th>
<td>Pipe line</td>
</tr><tr bgcolor="#E3E3F3">
<th>Land_type</th>
<td>Govt Revenue land</td>
</tr></table></center>]]></description>
			<styleUrl>#m_ylw-pushpin</styleUrl>
			<ExtendedData>
				<SchemaData schemaUrl="#kml_schema_ft_aa">
					<SimpleData name="AREA">843.6238858116127</SimpleData>
					<SimpleData name="Village">Bade kameli</SimpleData>
					<SimpleData name="Khasra_No">512</SimpleData>
					<SimpleData name="Land_breakup">Pipe line</SimpleData>
					<SimpleData name="Land_type">Govt Revenue land</SimpleData>
				</SchemaData>
			</ExtendedData>
			<Polygon>
				<outerBoundaryIs>
					<LinearRing>
						<coordinates>
81.2907357,18.7523339,0
81.2907497,18.7523397,0
81.2907612,18.7520931,0
81.2907347,18.7516440,0
81.2906530,18.7508777,0
81.2906650,18.7505132,0
81.2907059,18.7498363,0
81.2907292,18.7492569,0
81.2907133,18.7489339,0
81.2907279,18.7483936,0
81.2907481,18.7479957,0
81.2907816,18.7478132,0
81.2908435,18.7477259,0
81.2909107,18.7476775,0
81.2910962,18.7475708,0
81.2910180,18.7474266,0
81.2910057,18.7474336,0
81.2910774,18.7475657,0
81.2909027,18.7476663,0
81.2908330,18.7477164,0
81.2907681,18.7478080,0
81.2907340,18.7479942,0
81.2907137,18.7483931,0
81.2906991,18.7489341,0
81.2907150,18.7492569,0
81.2906916,18.7498356,0
81.2906508,18.7505126,0
81.2906387,18.7508781,0
81.2907205,18.7516451,0
81.2907470,18.7520932,0
81.2907357,18.7523339,0
</coordinates>
					</LinearRing>
				</outerBoundaryIs>
			</Polygon>
		</Placemark>
		<Placemark id="kml_17">
			<name>Pipeline</name>
			<snippet></snippet>
			<description><![CDATA[<center><table><tr><th colspan='2' align='center'><em>Attributes</em></th></tr><tr bgcolor="#E3E3F3">
<th>AREA</th>
<td>0.173 ha</td>
</tr><tr bgcolor="">
<th>Village</th>
<td>Bade kameli</td>
</tr><tr bgcolor="#E3E3F3">
<th>Khasra_No</th>
<td>721</td>
</tr><tr bgcolor="">
<th>Land_breakup</th>
<td>Pipe line</td>
</tr><tr bgcolor="#E3E3F3">
<th>Land_type</th>
<td>Govt Revenue land</td>
</tr></table></center>]]></description>
			<styleUrl>#m_ylw-pushpin</styleUrl>
			<ExtendedData>
				<SchemaData schemaUrl="#kml_schema_ft_aa">
					<SimpleData name="AREA">1728.976485518591</SimpleData>
					<SimpleData name="Village">Bade kameli</SimpleData>
					<SimpleData name="Khasra_No">721</SimpleData>
					<SimpleData name="Land_breakup">Pipe line</SimpleData>
					<SimpleData name="Land_type">Govt Revenue land</SimpleData>
				</SchemaData>
			</ExtendedData>
			<Polygon>
				<outerBoundaryIs>
					<LinearRing>
						<coordinates>
81.2794267,18.7660339,0
81.2795693,18.7659455,0
81.2796958,18.7658285,0
81.2801802,18.7653519,0
81.2808237,18.7647529,0
81.2814925,18.7641567,0
81.2819073,18.7637954,0
81.2821285,18.7635733,0
81.2826439,18.7630193,0
81.2830217,18.7626034,0
81.2831757,18.7624132,0
81.2832483,18.7622772,0
81.2832728,18.7621511,0
81.2832345,18.7620221,0
81.2832077,18.7619010,0
81.2832071,18.7618007,0
81.2832136,18.7617336,0
81.2832607,18.7616487,0
81.2833165,18.7615717,0
81.2834114,18.7614625,0
81.2835206,18.7613377,0
81.2841651,18.7604154,0
81.2848877,18.7593282,0
81.2852142,18.7588124,0
81.2853587,18.7586594,0
81.2857670,18.7582742,0
81.2860486,18.7580208,0
81.2860611,18.7580282,0
81.2857768,18.7582840,0
81.2853690,18.7586688,0
81.2852257,18.7588205,0
81.2848998,18.7593353,0
81.2841770,18.7604228,0
81.2835320,18.7613458,0
81.2834223,18.7614712,0
81.2833279,18.7615799,0
81.2832729,18.7616557,0
81.2832275,18.7617376,0
81.2832213,18.7618013,0
81.2832219,18.7618996,0
81.2832483,18.7620188,0
81.2832874,18.7621504,0
81.2832619,18.7622816,0
81.2831877,18.7624204,0
81.2830327,18.7626120,0
81.2826546,18.7630282,0
81.2821389,18.7635825,0
81.2819172,18.7638051,0
81.2815021,18.7641667,0
81.2808335,18.7647627,0
81.2801902,18.7653614,0
81.2797059,18.7658381,0
81.2795782,18.7659562,0
81.2794365,18.7660441,0
81.2794267,18.7660339,0
</coordinates>
					</LinearRing>
				</outerBoundaryIs>
			</Polygon>
		</Placemark>
		<Placemark id="kml_18">
			<name>Loading plant</name>
			<snippet></snippet>
			<description><![CDATA[<center><table><tr><th colspan='2' align='center'><em>Attributes</em></th></tr><tr bgcolor="#E3E3F3">
<th>AREA</th>
<td>0.149 ha</td>
</tr><tr bgcolor="">
<th>Village</th>
<td>Poro kameli</td>
</tr><tr bgcolor="#E3E3F3">
<th>Khasra_No</th>
<td>7</td>
</tr><tr bgcolor="">
<th>Land_breakup</th>
<td>Loading plant</td>
</tr><tr bgcolor="#E3E3F3">
<th>Land_type</th>
<td>Bade jhad ke jungle</td>
</tr></table></center>]]></description>
			<styleUrl>#m_ylw-pushpin</styleUrl>
			<ExtendedData>
				<SchemaData schemaUrl="#kml_schema_ft_aa">
					<SimpleData name="AREA">1493.6857581225352</SimpleData>
					<SimpleData name="Village">Poro kameli</SimpleData>
					<SimpleData name="Khasra_No">7</SimpleData>
					<SimpleData name="Land_breakup">Loading plant</SimpleData>
					<SimpleData name="Land_type">Bade jhad ke jungle</SimpleData>
				</SchemaData>
			</ExtendedData>
			<Polygon>
				<outerBoundaryIs>
					<LinearRing>
						<coordinates>
81.2616348,18.7719819,0
81.2616345,18.7717882,0
81.2614606,18.7718064,0
81.2608228,18.7719002,0
81.2606294,18.7719967,0
81.2616348,18.7719819,0
</coordinates>
					</LinearRing>
				</outerBoundaryIs>
			</Polygon>
		</Placemark>
		<Placemark id="kml_19">
			<name>Railway siding</name>
			<snippet></snippet>
			<description><![CDATA[<center><table><tr><th colspan='2' align='center'><em>Attributes</em></th></tr><tr bgcolor="#E3E3F3">
<th>AREA</th>
<td>4.078 ha</td>
</tr><tr bgcolor="">
<th>Village</th>
<td>Poro kameli</td>
</tr><tr bgcolor="#E3E3F3">
<th>Khasra_No</th>
<td>7</td>
</tr><tr bgcolor="">
<th>Land_breakup</th>
<td>Railway siding</td>
</tr><tr bgcolor="#E3E3F3">
<th>Land_type</th>
<td>Bade jhad ke jungle</td>
</tr></table></center>]]></description>
			<styleUrl>#m_ylw-pushpin</styleUrl>
			<ExtendedData>
				<SchemaData schemaUrl="#kml_schema_ft_aa">
					<SimpleData name="AREA">40772.67270035587</SimpleData>
					<SimpleData name="Village">Poro kameli</SimpleData>
					<SimpleData name="Khasra_No">7</SimpleData>
					<SimpleData name="Land_breakup">Railway siding</SimpleData>
					<SimpleData name="Land_type">Bade jhad ke jungle</SimpleData>
				</SchemaData>
			</ExtendedData>
			<Polygon>
				<outerBoundaryIs>
					<LinearRing>
						<coordinates>
81.2599112,18.7666253,0
81.2601970,18.7667669,0
81.2606634,18.7670125,0
81.2611353,18.7672753,0
81.2615933,18.7675895,0
81.2617812,18.7677687,0
81.2619345,18.7679442,0
81.2621042,18.7682191,0
81.2622086,18.7684467,0
81.2622752,18.7687130,0
81.2623122,18.7689904,0
81.2623349,18.7699223,0
81.2623257,18.7705491,0
81.2623005,18.7713901,0
81.2622834,18.7718516,0
81.2622517,18.7719729,0
81.2616348,18.7719819,0
81.2616345,18.7717882,0
81.2621812,18.7717309,0
81.2622047,18.7711398,0
81.2621978,18.7708891,0
81.2621501,18.7708571,0
81.2620840,18.7708070,0
81.2616963,18.7708653,0
81.2616330,18.7707973,0
81.2616304,18.7690909,0
81.2615696,18.7686681,0
81.2614517,18.7684377,0
81.2612471,18.7681720,0
81.2609717,18.7679446,0
81.2606372,18.7677498,0
81.2600774,18.7674268,0
81.2598694,18.7673272,0
81.2599725,18.7672373,0
81.2599875,18.7669731,0
81.2599112,18.7666253,0
</coordinates>
					</LinearRing>
				</outerBoundaryIs>
			</Polygon>
		</Placemark>
		<Placemark id="kml_20">
			<name>Railway siding</name>
			<snippet></snippet>
			<description><![CDATA[<center><table><tr><th colspan='2' align='center'><em>Attributes</em></th></tr><tr bgcolor="#E3E3F3">
<th>AREA</th>
<td>0.216 ha</td>
</tr><tr bgcolor="">
<th>Village</th>
<td>Bhansi</td>
</tr><tr bgcolor="#E3E3F3">
<th>Khasra_No</th>
<td>67/1</td>
</tr><tr bgcolor="">
<th>Land_breakup</th>
<td>Railway siding</td>
</tr><tr bgcolor="#E3E3F3">
<th>Land_type</th>
<td>Govt Revenue land</td>
</tr></table></center>]]></description>
			<styleUrl>#m_ylw-pushpin</styleUrl>
			<ExtendedData>
				<SchemaData schemaUrl="#kml_schema_ft_aa">
					<SimpleData name="AREA">2157.378504289042</SimpleData>
					<SimpleData name="Village">Bhansi</SimpleData>
					<SimpleData name="Khasra_No">67/1</SimpleData>
					<SimpleData name="Land_breakup">Railway siding</SimpleData>
					<SimpleData name="Land_type">Govt Revenue land</SimpleData>
				</SchemaData>
			</ExtendedData>
			<Polygon>
				<outerBoundaryIs>
					<LinearRing>
						<coordinates>
81.2616392,18.7748393,0
81.2618984,18.7748772,0
81.2624758,18.7749615,0
81.2624337,18.7747717,0
81.2621207,18.7746623,0
81.2616389,18.7746147,0
81.2616392,18.7748393,0
81.2616392,18.7748393,0
</coordinates>
					</LinearRing>
				</outerBoundaryIs>
			</Polygon>
		</Placemark>
		<Placemark id="kml_21">
			<name>Loading plant</name>
			<snippet></snippet>
			<description><![CDATA[<center><table><tr><th colspan='2' align='center'><em>Attributes</em></th></tr><tr bgcolor="#E3E3F3">
<th>AREA</th>
<td>1.159 ha</td>
</tr><tr bgcolor="">
<th>Village</th>
<td>Bhansi</td>
</tr><tr bgcolor="#E3E3F3">
<th>Khasra_No</th>
<td>71/1/gya</td>
</tr><tr bgcolor="">
<th>Land_breakup</th>
<td>Loading plant</td>
</tr><tr bgcolor="#E3E3F3">
<th>Land_type</th>
<td>Private revenue land</td>
</tr></table></center>]]></description>
			<styleUrl>#m_ylw-pushpin</styleUrl>
			<ExtendedData>
				<SchemaData schemaUrl="#kml_schema_ft_aa">
					<SimpleData name="AREA">11587.204329060061</SimpleData>
					<SimpleData name="Village">Bhansi</SimpleData>
					<SimpleData name="Khasra_No">71/1/gya</SimpleData>
					<SimpleData name="Land_breakup">Loading plant</SimpleData>
					<SimpleData name="Land_type">Private revenue land</SimpleData>
				</SchemaData>
			</ExtendedData>
			<Polygon>
				<outerBoundaryIs>
					<LinearRing>
						<coordinates>
81.2616389,18.7746147,0
81.2616362,18.7728432,0
81.2614002,18.7726766,0
81.2608231,18.7726974,0
81.2608421,18.7727663,0
81.2613981,18.7745910,0
81.2616389,18.7746147,0
</coordinates>
					</LinearRing>
				</outerBoundaryIs>
			</Polygon>
		</Placemark>
		<Placemark id="kml_22">
			<name>Railway siding</name>
			<snippet></snippet>
			<description><![CDATA[<center><table><tr><th colspan='2' align='center'><em>Attributes</em></th></tr><tr bgcolor="#E3E3F3">
<th>AREA</th>
<td>1.243 ha</td>
</tr><tr bgcolor="">
<th>Village</th>
<td>Bhansi</td>
</tr><tr bgcolor="#E3E3F3">
<th>Khasra_No</th>
<td>71/1/gya</td>
</tr><tr bgcolor="">
<th>Land_breakup</th>
<td>Railway siding</td>
</tr><tr bgcolor="#E3E3F3">
<th>Land_type</th>
<td>Private revenue land</td>
</tr></table></center>]]></description>
			<styleUrl>#m_ylw-pushpin</styleUrl>
			<ExtendedData>
				<SchemaData schemaUrl="#kml_schema_ft_aa">
					<SimpleData name="AREA">12428.321914978149</SimpleData>
					<SimpleData name="Village">Bhansi</SimpleData>
					<SimpleData name="Khasra_No">71/1/gya</SimpleData>
					<SimpleData name="Land_breakup">Railway siding</SimpleData>
					<SimpleData name="Land_type">Private revenue land</SimpleData>
				</SchemaData>
			</ExtendedData>
			<Polygon>
				<outerBoundaryIs>
					<LinearRing>
						<coordinates>
81.2616362,18.7728432,0
81.2616389,18.7746147,0
81.2621207,18.7746623,0
81.2624337,18.7747717,0
81.2623917,18.7745818,0
81.2622985,18.7740185,0
81.2622598,18.7735772,0
81.2622502,18.7732765,0
81.2616362,18.7728432,0
</coordinates>
					</LinearRing>
				</outerBoundaryIs>
			</Polygon>
		</Placemark>
		<Placemark id="kml_23">
			<name>Loading plant</name>
			<snippet></snippet>
			<description><![CDATA[<center><table><tr><th colspan='2' align='center'><em>Attributes</em></th></tr><tr bgcolor="#E3E3F3">
<th>AREA</th>
<td>5.475 ha</td>
</tr><tr bgcolor="">
<th>Village</th>
<td>Poro kameli</td>
</tr><tr bgcolor="#E3E3F3">
<th>Khasra_No</th>
<td>7</td>
</tr><tr bgcolor="">
<th>Land_breakup</th>
<td>Loading plant</td>
</tr><tr bgcolor="#E3E3F3">
<th>Land_type</th>
<td>Bade jhad ke jungle</td>
</tr></table></center>]]></description>
			<styleUrl>#m_ylw-pushpin</styleUrl>
			<ExtendedData>
				<SchemaData schemaUrl="#kml_schema_ft_aa">
					<SimpleData name="AREA">54746.033781393315</SimpleData>
					<SimpleData name="Village">Poro kameli</SimpleData>
					<SimpleData name="Khasra_No">7</SimpleData>
					<SimpleData name="Land_breakup">Loading plant</SimpleData>
					<SimpleData name="Land_type">Bade jhad ke jungle</SimpleData>
				</SchemaData>
			</ExtendedData>
			<Polygon>
				<outerBoundaryIs>
					<LinearRing>
						<coordinates>
81.2594694,18.7675512,0
81.2593647,18.7675414,0
81.2595217,18.7678912,0
81.2598716,18.7690934,0
81.2598716,18.7690934,0
81.2599143,18.7692402,0
81.2601799,18.7703174,0
81.2605681,18.7703414,0
81.2609427,18.7705375,0
81.2611482,18.7704516,0
81.2612567,18.7704302,0
81.2614521,18.7706030,0
81.2616330,18.7707973,0
81.2616304,18.7690909,0
81.2615696,18.7686681,0
81.2614517,18.7684377,0
81.2612471,18.7681720,0
81.2609717,18.7679446,0
81.2606372,18.7677498,0
81.2600774,18.7674268,0
81.2598694,18.7673272,0
81.2597760,18.7674088,0
81.2596386,18.7675197,0
81.2594694,18.7675512,0
</coordinates>
					</LinearRing>
				</outerBoundaryIs>
			</Polygon>
		</Placemark>
		<Placemark id="kml_24">
			<name>Loading plant</name>
			<snippet></snippet>
			<description><![CDATA[<center><table><tr><th colspan='2' align='center'><em>Attributes</em></th></tr><tr bgcolor="#E3E3F3">
<th>AREA</th>
<td>0.053 ha</td>
</tr><tr bgcolor="">
<th>Village</th>
<td>Bhansi</td>
</tr><tr bgcolor="#E3E3F3">
<th>Khasra_No</th>
<td>67/1</td>
</tr><tr bgcolor="">
<th>Land_breakup</th>
<td>Loading plant</td>
</tr><tr bgcolor="#E3E3F3">
<th>Land_type</th>
<td>Govt Revenue land</td>
</tr></table></center>]]></description>
			<styleUrl>#m_ylw-pushpin</styleUrl>
			<ExtendedData>
				<SchemaData schemaUrl="#kml_schema_ft_aa">
					<SimpleData name="AREA">530.4889674601216</SimpleData>
					<SimpleData name="Village">Bhansi</SimpleData>
					<SimpleData name="Khasra_No">67/1</SimpleData>
					<SimpleData name="Land_breakup">Loading plant</SimpleData>
					<SimpleData name="Land_type">Govt Revenue land</SimpleData>
				</SchemaData>
			</ExtendedData>
			<Polygon>
				<outerBoundaryIs>
					<LinearRing>
						<coordinates>
81.2616392,18.7748393,0
81.2614660,18.7748140,0
81.2613981,18.7745910,0
81.2613981,18.7745910,0
81.2613981,18.7745910,0
81.2616389,18.7746147,0
81.2616392,18.7748393,0
81.2616392,18.7748393,0
</coordinates>
					</LinearRing>
				</outerBoundaryIs>
			</Polygon>
		</Placemark>
		<Placemark id="kml_25">
			<name>Railway siding</name>
			<snippet></snippet>
			<description><![CDATA[<center><table><tr><th colspan='2' align='center'><em>Attributes</em></th></tr><tr bgcolor="#E3E3F3">
<th>AREA</th>
<td>0.09 ha</td>
</tr><tr bgcolor="">
<th>Village</th>
<td>Poro kameli</td>
</tr><tr bgcolor="#E3E3F3">
<th>Khasra_No</th>
<td>8</td>
</tr><tr bgcolor="">
<th>Land_breakup</th>
<td>Railway siding</td>
</tr><tr bgcolor="#E3E3F3">
<th>Land_type</th>
<td>Govt Revenue land</td>
</tr></table></center>]]></description>
			<styleUrl>#m_ylw-pushpin</styleUrl>
			<ExtendedData>
				<SchemaData schemaUrl="#kml_schema_ft_aa">
					<SimpleData name="AREA">897.8610219902184</SimpleData>
					<SimpleData name="Village">Poro kameli</SimpleData>
					<SimpleData name="Khasra_No">8</SimpleData>
					<SimpleData name="Land_breakup">Railway siding</SimpleData>
					<SimpleData name="Land_type">Govt Revenue land</SimpleData>
				</SchemaData>
			</ExtendedData>
			<Polygon>
				<outerBoundaryIs>
					<LinearRing>
						<coordinates>
81.2597858,18.7665571,0
81.2599112,18.7666253,0
81.2599875,18.7669731,0
81.2599725,18.7672373,0
81.2598694,18.7673272,0
81.2597709,18.7672801,0
81.2598717,18.7671908,0
81.2598906,18.7669655,0
81.2597858,18.7665571,0
</coordinates>
					</LinearRing>
				</outerBoundaryIs>
			</Polygon>
		</Placemark>
		<Placemark id="kml_26">
			<name>Railway siding</name>
			<snippet></snippet>
			<description><![CDATA[<center><table><tr><th colspan='2' align='center'><em>Attributes</em></th></tr><tr bgcolor="#E3E3F3">
<th>AREA</th>
<td>0.341 ha</td>
</tr><tr bgcolor="">
<th>Village</th>
<td>Poro kameli</td>
</tr><tr bgcolor="#E3E3F3">
<th>Khasra_No</th>
<td>9</td>
</tr><tr bgcolor="">
<th>Land_breakup</th>
<td>Railway siding</td>
</tr><tr bgcolor="#E3E3F3">
<th>Land_type</th>
<td>Bade jhad ke jungle</td>
</tr></table></center>]]></description>
			<styleUrl>#m_ylw-pushpin</styleUrl>
			<ExtendedData>
				<SchemaData schemaUrl="#kml_schema_ft_aa">
					<SimpleData name="AREA">3408.9292805650184</SimpleData>
					<SimpleData name="Village">Poro kameli</SimpleData>
					<SimpleData name="Khasra_No">9</SimpleData>
					<SimpleData name="Land_breakup">Railway siding</SimpleData>
					<SimpleData name="Land_type">Bade jhad ke jungle</SimpleData>
				</SchemaData>
			</ExtendedData>
			<Polygon>
				<outerBoundaryIs>
					<LinearRing>
						<coordinates>
81.2597709,18.7672801,0
81.2594133,18.7671089,0
81.2594861,18.7664707,0
81.2594861,18.7663941,0
81.2597858,18.7665571,0
81.2598906,18.7669655,0
81.2598717,18.7671908,0
81.2597709,18.7672801,0
</coordinates>
					</LinearRing>
				</outerBoundaryIs>
			</Polygon>
		</Placemark>
		<Placemark id="kml_27">
			<name>Loading plant</name>
			<snippet></snippet>
			<description><![CDATA[<center><table><tr><th colspan='2' align='center'><em>Attributes</em></th></tr><tr bgcolor="#E3E3F3">
<th>AREA</th>
<td>0.058 ha</td>
</tr><tr bgcolor="">
<th>Village</th>
<td>Poro kameli</td>
</tr><tr bgcolor="#E3E3F3">
<th>Khasra_No</th>
<td>8</td>
</tr><tr bgcolor="">
<th>Land_breakup</th>
<td>Loading plant</td>
</tr><tr bgcolor="#E3E3F3">
<th>Land_type</th>
<td>Govt Revenue land</td>
</tr></table></center>]]></description>
			<styleUrl>#m_ylw-pushpin</styleUrl>
			<ExtendedData>
				<SchemaData schemaUrl="#kml_schema_ft_aa">
					<SimpleData name="AREA">576.9538851568813</SimpleData>
					<SimpleData name="Village">Poro kameli</SimpleData>
					<SimpleData name="Khasra_No">8</SimpleData>
					<SimpleData name="Land_breakup">Loading plant</SimpleData>
					<SimpleData name="Land_type">Govt Revenue land</SimpleData>
				</SchemaData>
			</ExtendedData>
			<Polygon>
				<outerBoundaryIs>
					<LinearRing>
						<coordinates>
81.2594694,18.7675512,0
81.2596386,18.7675197,0
81.2597760,18.7674088,0
81.2598694,18.7673272,0
81.2597709,18.7672801,0
81.2596319,18.7674032,0
81.2594831,18.7674578,0
81.2593731,18.7674661,0
81.2593647,18.7675414,0
81.2594694,18.7675512,0
</coordinates>
					</LinearRing>
				</outerBoundaryIs>
			</Polygon>
		</Placemark>
		<Placemark id="kml_28">
			<name>Loading plant</name>
			<snippet></snippet>
			<description><![CDATA[<center><table><tr><th colspan='2' align='center'><em>Attributes</em></th></tr><tr bgcolor="#E3E3F3">
<th>AREA</th>
<td>0.048 ha</td>
</tr><tr bgcolor="">
<th>Village</th>
<td>Bhansi</td>
</tr><tr bgcolor="#E3E3F3">
<th>Khasra_No</th>
<td>60/1/ka</td>
</tr><tr bgcolor="">
<th>Land_breakup</th>
<td>Loading plant</td>
</tr><tr bgcolor="#E3E3F3">
<th>Land_type</th>
<td>Private revenue land</td>
</tr></table></center>]]></description>
			<styleUrl>#m_ylw-pushpin</styleUrl>
			<ExtendedData>
				<SchemaData schemaUrl="#kml_schema_ft_aa">
					<SimpleData name="AREA">485.42821812492707</SimpleData>
					<SimpleData name="Village">Bhansi</SimpleData>
					<SimpleData name="Khasra_No">60/1/ka</SimpleData>
					<SimpleData name="Land_breakup">Loading plant</SimpleData>
					<SimpleData name="Land_type">Private revenue land</SimpleData>
				</SchemaData>
			</ExtendedData>
			<Polygon>
				<outerBoundaryIs>
					<LinearRing>
						<coordinates>
81.2614660,18.7748140,0
81.2615117,18.7749639,0
81.2616399,18.7752969,0
81.2616392,18.7748393,0
81.2614660,18.7748140,0
</coordinates>
					</LinearRing>
				</outerBoundaryIs>
			</Polygon>
		</Placemark>
		<Placemark id="kml_29">
			<name>Loading plant</name>
			<snippet></snippet>
			<description><![CDATA[<center><table><tr><th colspan='2' align='center'><em>Attributes</em></th></tr><tr bgcolor="#E3E3F3">
<th>AREA</th>
<td>0.348 ha</td>
</tr><tr bgcolor="">
<th>Village</th>
<td>Bhansi</td>
</tr><tr bgcolor="#E3E3F3">
<th>Khasra_No</th>
<td>71/4</td>
</tr><tr bgcolor="">
<th>Land_breakup</th>
<td>Loading plant</td>
</tr><tr bgcolor="#E3E3F3">
<th>Land_type</th>
<td>Private revenue land</td>
</tr></table></center>]]></description>
			<styleUrl>#m_ylw-pushpin</styleUrl>
			<ExtendedData>
				<SchemaData schemaUrl="#kml_schema_ft_aa">
					<SimpleData name="AREA">3477.078348826874</SimpleData>
					<SimpleData name="Village">Bhansi</SimpleData>
					<SimpleData name="Khasra_No">71/4</SimpleData>
					<SimpleData name="Land_breakup">Loading plant</SimpleData>
					<SimpleData name="Land_type">Private revenue land</SimpleData>
				</SchemaData>
			</ExtendedData>
			<Polygon>
				<outerBoundaryIs>
					<LinearRing>
						<coordinates>
81.2616348,18.7719819,0
81.2606294,18.7719967,0
81.2606901,18.7722161,0
81.2615899,18.7723694,0
81.2616355,18.7724026,0
81.2616348,18.7719819,0
</coordinates>
					</LinearRing>
				</outerBoundaryIs>
			</Polygon>
		</Placemark>
		<Placemark id="kml_30">
			<name>Railway siding</name>
			<snippet></snippet>
			<description><![CDATA[<center><table><tr><th colspan='2' align='center'><em>Attributes</em></th></tr><tr bgcolor="#E3E3F3">
<th>AREA</th>
<td>0.463 ha</td>
</tr><tr bgcolor="">
<th>Village</th>
<td>Bhansi</td>
</tr><tr bgcolor="#E3E3F3">
<th>Khasra_No</th>
<td>71/4</td>
</tr><tr bgcolor="">
<th>Land_breakup</th>
<td>Railway siding</td>
</tr><tr bgcolor="#E3E3F3">
<th>Land_type</th>
<td>Private revenue land</td>
</tr></table></center>]]></description>
			<styleUrl>#m_ylw-pushpin</styleUrl>
			<ExtendedData>
				<SchemaData schemaUrl="#kml_schema_ft_aa">
					<SimpleData name="AREA">4628.488536133653</SimpleData>
					<SimpleData name="Village">Bhansi</SimpleData>
					<SimpleData name="Khasra_No">71/4</SimpleData>
					<SimpleData name="Land_breakup">Railway siding</SimpleData>
					<SimpleData name="Land_type">Private revenue land</SimpleData>
				</SchemaData>
			</ExtendedData>
			<Polygon>
				<outerBoundaryIs>
					<LinearRing>
						<coordinates>
81.2616355,18.7724026,0
81.2622421,18.7728447,0
81.2622432,18.7728455,0
81.2622517,18.7719729,0
81.2616348,18.7719819,0
81.2616355,18.7724026,0
</coordinates>
					</LinearRing>
				</outerBoundaryIs>
			</Polygon>
		</Placemark>
		<Placemark id="kml_31">
			<name>Pipeline</name>
			<snippet></snippet>
			<description><![CDATA[<center><table><tr><th colspan='2' align='center'><em>Attributes</em></th></tr><tr bgcolor="#E3E3F3">
<th>AREA</th>
<td>0.078 ha</td>
</tr><tr bgcolor="">
<th>Village</th>
<td>Bhansi</td>
</tr><tr bgcolor="#E3E3F3">
<th>Khasra_No</th>
<td>88/1</td>
</tr><tr bgcolor="">
<th>Land_breakup</th>
<td>Pipe line</td>
</tr><tr bgcolor="#E3E3F3">
<th>Land_type</th>
<td>Bade jhad ke jungle</td>
</tr></table></center>]]></description>
			<styleUrl>#m_ylw-pushpin</styleUrl>
			<ExtendedData>
				<SchemaData schemaUrl="#kml_schema_ft_aa">
					<SimpleData name="AREA">777.7588302025919</SimpleData>
					<SimpleData name="Village">Bhansi</SimpleData>
					<SimpleData name="Khasra_No">88/1</SimpleData>
					<SimpleData name="Land_breakup">Pipe line</SimpleData>
					<SimpleData name="Land_type">Bade jhad ke jungle</SimpleData>
				</SchemaData>
			</ExtendedData>
			<Polygon>
				<outerBoundaryIs>
					<LinearRing>
						<coordinates>
81.2794365,18.7660441,0
81.2794267,18.7660339,0
81.2793369,18.7660896,0
81.2791178,18.7662125,0
81.2789026,18.7663739,0
81.2786479,18.7666118,0
81.2784394,18.7668443,0
81.2783447,18.7670699,0
81.2783122,18.7672230,0
81.2783501,18.7674651,0
81.2783852,18.7678806,0
81.2783701,18.7681397,0
81.2782983,18.7682805,0
81.2780709,18.7685021,0
81.2777826,18.7687735,0
81.2774392,18.7691267,0
81.2772212,18.7693001,0
81.2768692,18.7694100,0
81.2767099,18.7694342,0
81.2767129,18.7694474,0
81.2768726,18.7694232,0
81.2772283,18.7693121,0
81.2774490,18.7691366,0
81.2777928,18.7687830,0
81.2780810,18.7685117,0
81.2783101,18.7682884,0
81.2783842,18.7681431,0
81.2783994,18.7678804,0
81.2783642,18.7674635,0
81.2783266,18.7672234,0
81.2783584,18.7670738,0
81.2784517,18.7668514,0
81.2786583,18.7666210,0
81.2789120,18.7663841,0
81.2791259,18.7662237,0
81.2793444,18.7661012,0
81.2794365,18.7660441,0
</coordinates>
					</LinearRing>
				</outerBoundaryIs>
			</Polygon>
		</Placemark>
		<Placemark id="kml_32">
			<name>Pump house</name>
			<snippet></snippet>
			<description><![CDATA[<center><table><tr><th colspan='2' align='center'><em>Attributes</em></th></tr><tr bgcolor="#E3E3F3">
<th>AREA</th>
<td>0.4 ha</td>
</tr><tr bgcolor="">
<th>Village</th>
<td>Bade kameli</td>
</tr><tr bgcolor="#E3E3F3">
<th>Khasra_No</th>
<td>508</td>
</tr><tr bgcolor="">
<th>Land_breakup</th>
<td>Pump house</td>
</tr><tr bgcolor="#E3E3F3">
<th>Land_type</th>
<td>Bade jhad ke jungle</td>
</tr></table></center>]]></description>
			<styleUrl>#m_ylw-pushpin</styleUrl>
			<ExtendedData>
				<SchemaData schemaUrl="#kml_schema_ft_aa">
					<SimpleData name="AREA">3999.999831958275</SimpleData>
					<SimpleData name="Village">Bade kameli</SimpleData>
					<SimpleData name="Khasra_No">508</SimpleData>
					<SimpleData name="Land_breakup">Pump house</SimpleData>
					<SimpleData name="Land_type">Bade jhad ke jungle</SimpleData>
				</SchemaData>
			</ExtendedData>
			<Polygon>
				<outerBoundaryIs>
					<LinearRing>
						<coordinates>
81.2910057,18.7474336,0
81.2910180,18.7474266,0
81.2910427,18.7474057,0
81.2911998,18.7471421,0
81.2913149,18.7470803,0
81.2912213,18.7468939,0
81.2911467,18.7469601,0
81.2911154,18.7469838,0
81.2910762,18.7469957,0
81.2907645,18.7470531,0
81.2906299,18.7471397,0
81.2904963,18.7472033,0
81.2903627,18.7472749,0
81.2903782,18.7474555,0
81.2904542,18.7474990,0
81.2905621,18.7475409,0
81.2907383,18.7476004,0
81.2909090,18.7475100,0
81.2910057,18.7474336,0
</coordinates>
					</LinearRing>
				</outerBoundaryIs>
			</Polygon>
		</Placemark>
		<Placemark id="kml_33">
			<name>Railway siding</name>
			<snippet></snippet>
			<description><![CDATA[<center><table><tr><th colspan='2' align='center'><em>Attributes</em></th></tr><tr bgcolor="#E3E3F3">
<th>AREA</th>
<td>0.308 ha</td>
</tr><tr bgcolor="">
<th>Village</th>
<td>Bhansi</td>
</tr><tr bgcolor="#E3E3F3">
<th>Khasra_No</th>
<td>68/1</td>
</tr><tr bgcolor="">
<th>Land_breakup</th>
<td>Railway siding</td>
</tr><tr bgcolor="#E3E3F3">
<th>Land_type</th>
<td>Private revenue land</td>
</tr></table></center>]]></description>
			<styleUrl>#m_ylw-pushpin</styleUrl>
			<ExtendedData>
				<SchemaData schemaUrl="#kml_schema_ft_aa">
					<SimpleData name="AREA">3085.298938872773</SimpleData>
					<SimpleData name="Village">Bhansi</SimpleData>
					<SimpleData name="Khasra_No">68/1</SimpleData>
					<SimpleData name="Land_breakup">Railway siding</SimpleData>
					<SimpleData name="Land_type">Private revenue land</SimpleData>
				</SchemaData>
			</ExtendedData>
			<Polygon>
				<outerBoundaryIs>
					<LinearRing>
						<coordinates>
81.2616362,18.7728432,0
81.2622502,18.7732765,0
81.2622432,18.7728455,0
81.2622421,18.7728447,0
81.2616355,18.7724026,0
81.2616362,18.7728432,0
</coordinates>
					</LinearRing>
				</outerBoundaryIs>
			</Polygon>
		</Placemark>
		<Placemark id="kml_34">
			<name>Loading plant</name>
			<snippet></snippet>
			<description><![CDATA[<center><table><tr><th colspan='2' align='center'><em>Attributes</em></th></tr><tr bgcolor="#E3E3F3">
<th>AREA</th>
<td>0.414 ha</td>
</tr><tr bgcolor="">
<th>Village</th>
<td>Bhansi</td>
</tr><tr bgcolor="#E3E3F3">
<th>Khasra_No</th>
<td>68/1</td>
</tr><tr bgcolor="">
<th>Land_breakup</th>
<td>Loading plant</td>
</tr><tr bgcolor="#E3E3F3">
<th>Land_type</th>
<td>Private revenue land</td>
</tr></table></center>]]></description>
			<styleUrl>#m_ylw-pushpin</styleUrl>
			<ExtendedData>
				<SchemaData schemaUrl="#kml_schema_ft_aa">
					<SimpleData name="AREA">4141.779161410107</SimpleData>
					<SimpleData name="Village">Bhansi</SimpleData>
					<SimpleData name="Khasra_No">68/1</SimpleData>
					<SimpleData name="Land_breakup">Loading plant</SimpleData>
					<SimpleData name="Land_type">Private revenue land</SimpleData>
				</SchemaData>
			</ExtendedData>
			<Polygon>
				<outerBoundaryIs>
					<LinearRing>
						<coordinates>
81.2616362,18.7728432,0
81.2616355,18.7724026,0
81.2615899,18.7723694,0
81.2606901,18.7722161,0
81.2608231,18.7726974,0
81.2614002,18.7726766,0
81.2616362,18.7728432,0
</coordinates>
					</LinearRing>
				</outerBoundaryIs>
			</Polygon>
		</Placemark>
		<Placemark id="kml_35">
			<name>Pipeline</name>
			<snippet></snippet>
			<description><![CDATA[<center><table><tr><th colspan='2' align='center'><em>Attributes</em></th></tr><tr bgcolor="#E3E3F3">
<th>AREA</th>
<td>0.006 ha</td>
</tr><tr bgcolor="">
<th>Village</th>
<td>Bhansi</td>
</tr><tr bgcolor="#E3E3F3">
<th>Khasra_No</th>
<td>85</td>
</tr><tr bgcolor="">
<th>Land_breakup</th>
<td>Pipe line</td>
</tr><tr bgcolor="#E3E3F3">
<th>Land_type</th>
<td>Private revenue land</td>
</tr></table></center>]]></description>
			<styleUrl>#m_ylw-pushpin</styleUrl>
			<ExtendedData>
				<SchemaData schemaUrl="#kml_schema_ft_aa">
					<SimpleData name="AREA">55.21103839494997</SimpleData>
					<SimpleData name="Village">Bhansi</SimpleData>
					<SimpleData name="Khasra_No">85</SimpleData>
					<SimpleData name="Land_breakup">Pipe line</SimpleData>
					<SimpleData name="Land_type">Private revenue land</SimpleData>
				</SchemaData>
			</ExtendedData>
			<Polygon>
				<outerBoundaryIs>
					<LinearRing>
						<coordinates>
81.2763694,18.7694266,0
81.2765386,18.7694602,0
81.2767099,18.7694342,0
81.2767129,18.7694474,0
81.2765382,18.7694740,0
81.2763667,18.7694400,0
81.2763694,18.7694266,0
</coordinates>
					</LinearRing>
				</outerBoundaryIs>
			</Polygon>
		</Placemark>
		<Placemark id="kml_36">
			<name>Loading plant</name>
			<snippet></snippet>
			<description><![CDATA[<center><table><tr><th colspan='2' align='center'><em>Attributes</em></th></tr><tr bgcolor="#E3E3F3">
<th>AREA</th>
<td>0.154 ha</td>
</tr><tr bgcolor="">
<th>Village</th>
<td>Poro kameli</td>
</tr><tr bgcolor="#E3E3F3">
<th>Khasra_No</th>
<td>1</td>
</tr><tr bgcolor="">
<th>Land_breakup</th>
<td>Loading plant</td>
</tr><tr bgcolor="#E3E3F3">
<th>Land_type</th>
<td>Bade jhad ke jungle</td>
</tr></table></center>]]></description>
			<styleUrl>#m_ylw-pushpin</styleUrl>
			<ExtendedData>
				<SchemaData schemaUrl="#kml_schema_ft_aa">
					<SimpleData name="AREA">1542.9460909298652</SimpleData>
					<SimpleData name="Village">Poro kameli</SimpleData>
					<SimpleData name="Khasra_No">1</SimpleData>
					<SimpleData name="Land_breakup">Loading plant</SimpleData>
					<SimpleData name="Land_type">Bade jhad ke jungle</SimpleData>
				</SchemaData>
			</ExtendedData>
			<Polygon>
				<outerBoundaryIs>
					<LinearRing>
						<coordinates>
81.2604170,18.7712279,0
81.2606794,18.7714032,0
81.2607184,18.7716071,0
81.2608228,18.7719002,0
81.2606294,18.7719967,0
81.2605518,18.7717157,0
81.2604170,18.7712279,0
</coordinates>
					</LinearRing>
				</outerBoundaryIs>
			</Polygon>
		</Placemark>
		<Placemark id="kml_37">
			<name>Pipeline</name>
			<snippet></snippet>
			<description><![CDATA[<center><table><tr><th colspan='2' align='center'><em>Attributes</em></th></tr><tr bgcolor="#E3E3F3">
<th>AREA</th>
<td>0.026 ha</td>
</tr><tr bgcolor="">
<th>Village</th>
<td>Poro kameli</td>
</tr><tr bgcolor="#E3E3F3">
<th>Khasra_No</th>
<td>52</td>
</tr><tr bgcolor="">
<th>Land_breakup</th>
<td>Pipe line</td>
</tr><tr bgcolor="#E3E3F3">
<th>Land_type</th>
<td>Govt Revenue land</td>
</tr></table></center>]]></description>
			<styleUrl>#m_ylw-pushpin</styleUrl>
			<ExtendedData>
				<SchemaData schemaUrl="#kml_schema_ft_aa">
					<SimpleData name="AREA">257.51588165237206</SimpleData>
					<SimpleData name="Village">Poro kameli</SimpleData>
					<SimpleData name="Khasra_No">52</SimpleData>
					<SimpleData name="Land_breakup">Pipe line</SimpleData>
					<SimpleData name="Land_type">Govt Revenue land</SimpleData>
				</SchemaData>
			</ExtendedData>
			<Polygon>
				<outerBoundaryIs>
					<LinearRing>
						<coordinates>
81.2665586,18.7688401,0
81.2665517,18.7688552,0
81.2667902,18.7692214,0
81.2671589,18.7697850,0
81.2674029,18.7701732,0
81.2674142,18.7701649,0
81.2671710,18.7697779,0
81.2668023,18.7692142,0
81.2665586,18.7688401,0
</coordinates>
					</LinearRing>
				</outerBoundaryIs>
			</Polygon>
		</Placemark>
		<Placemark id="kml_38">
			<name>Pipeline</name>
			<snippet></snippet>
			<description><![CDATA[<center><table><tr><th colspan='2' align='center'><em>Attributes</em></th></tr><tr bgcolor="#E3E3F3">
<th>AREA</th>
<td>0.12 ha</td>
</tr><tr bgcolor="">
<th>Village</th>
<td>Bhansi</td>
</tr><tr bgcolor="#E3E3F3">
<th>Khasra_No</th>
<td>78</td>
</tr><tr bgcolor="">
<th>Land_breakup</th>
<td>Pipe line</td>
</tr><tr bgcolor="#E3E3F3">
<th>Land_type</th>
<td>Govt Revenue land</td>
</tr></table></center>]]></description>
			<styleUrl>#m_ylw-pushpin</styleUrl>
			<ExtendedData>
				<SchemaData schemaUrl="#kml_schema_ft_aa">
					<SimpleData name="AREA">1205.020471012049</SimpleData>
					<SimpleData name="Village">Bhansi</SimpleData>
					<SimpleData name="Khasra_No">78</SimpleData>
					<SimpleData name="Land_breakup">Pipe line</SimpleData>
					<SimpleData name="Land_type">Govt Revenue land</SimpleData>
				</SchemaData>
			</ExtendedData>
			<Polygon>
				<outerBoundaryIs>
					<LinearRing>
						<coordinates>
81.2674029,18.7701732,0
81.2674850,18.7703039,0
81.2681291,18.7712646,0
81.2683440,18.7715683,0
81.2685271,18.7717368,0
81.2686871,18.7718464,0
81.2689296,18.7719303,0
81.2695090,18.7721094,0
81.2704605,18.7723747,0
81.2713832,18.7726631,0
81.2725068,18.7730444,0
81.2728189,18.7731352,0
81.2734880,18.7733292,0
81.2738536,18.7734646,0
81.2738487,18.7734485,0
81.2734926,18.7733164,0
81.2728231,18.7731222,0
81.2725112,18.7730315,0
81.2713878,18.7726503,0
81.2704647,18.7723617,0
81.2695132,18.7720964,0
81.2689342,18.7719175,0
81.2686938,18.7718343,0
81.2685363,18.7717264,0
81.2683550,18.7715595,0
81.2681410,18.7712572,0
81.2674972,18.7702968,0
81.2674142,18.7701649,0
81.2674029,18.7701732,0
</coordinates>
					</LinearRing>
				</outerBoundaryIs>
			</Polygon>
		</Placemark>
		<Placemark id="kml_39">
			<name>Pipeline</name>
			<snippet></snippet>
			<description><![CDATA[<center><table><tr><th colspan='2' align='center'><em>Attributes</em></th></tr><tr bgcolor="#E3E3F3">
<th>AREA</th>
<td>0.088 ha</td>
</tr><tr bgcolor="">
<th>Village</th>
<td>Bhansi</td>
</tr><tr bgcolor="#E3E3F3">
<th>Khasra_No</th>
<td>83/1/ka</td>
</tr><tr bgcolor="">
<th>Land_breakup</th>
<td>Pipe line</td>
</tr><tr bgcolor="#E3E3F3">
<th>Land_type</th>
<td>Bade jhad ke jungle</td>
</tr></table></center>]]></description>
			<styleUrl>#m_ylw-pushpin</styleUrl>
			<ExtendedData>
				<SchemaData schemaUrl="#kml_schema_ft_aa">
					<SimpleData name="AREA">875.0337752847964</SimpleData>
					<SimpleData name="Village">Bhansi</SimpleData>
					<SimpleData name="Khasra_No">83/1/ka</SimpleData>
					<SimpleData name="Land_breakup">Pipe line</SimpleData>
					<SimpleData name="Land_type">Bade jhad ke jungle</SimpleData>
				</SchemaData>
			</ExtendedData>
			<Polygon>
				<outerBoundaryIs>
					<LinearRing>
						<coordinates>
81.2738536,18.7734646,0
81.2739144,18.7733610,0
81.2739640,18.7730987,0
81.2741063,18.7724420,0
81.2742539,18.7717033,0
81.2743844,18.7710972,0
81.2745428,18.7707941,0
81.2747670,18.7703474,0
81.2749401,18.7700036,0
81.2753331,18.7695498,0
81.2755411,18.7693660,0
81.2757463,18.7692961,0
81.2759247,18.7693210,0
81.2761476,18.7693965,0
81.2763667,18.7694400,0
81.2763694,18.7694266,0
81.2761514,18.7693834,0
81.2759281,18.7693078,0
81.2757449,18.7692822,0
81.2755336,18.7693541,0
81.2753227,18.7695405,0
81.2749281,18.7699963,0
81.2747542,18.7703416,0
81.2745300,18.7707881,0
81.2743708,18.7710927,0
81.2742400,18.7717007,0
81.2740923,18.7724394,0
81.2739501,18.7730961,0
81.2739041,18.7733569,0
81.2738487,18.7734485,0
81.2738536,18.7734646,0
</coordinates>
					</LinearRing>
				</outerBoundaryIs>
			</Polygon>
		</Placemark>
	</Document>
</Folder>
</kml>
